INSERT INTO states
    (state_code, name)
    VALUES
    ("AK", "Alaska"),
    ("AL", "Alabama"),
    ("AR", "Arkansas"),
    ("AZ", "Arizona"),
    ("CA", "California"),
    ("CO", "Colorado"),
    ("CT", "Connecticut"),
    ("DE", "Delaware"),
    ("FL", "Florida"),
    ("GA", "Georgia"),
    ("HI", "Hawaii"),
    ("IA", "Iowa"),
    ("ID", "Idaho"),
    ("IL", "Illinois"),
    ("IN", "Indiana"),
    ("KS", "Kansas"),
    ("KY", "Kentucky"),
    ("LA", "Louisiana"),
    ("MA", "Massachusetts"),
    ("MD", "Maryland"),
    ("ME", "Maine"),
    ("MI", "Michigan"),
    ("MN", "Minnesota"),
    ("MO", "Missouri"),
    ("MS", "Mississippi"),
    ("MT", "Montana"),
    ("NC", "North Carolina"),
    ("ND", "North Dakota"),
    ("NE", "Nebraska"),
    ("NH", "New Hampshire"),
    ("NJ", "New Jersey"),
    ("NM", "New Mexico"),
    ("NV", "Nevada"),
    ("NY", "New York"),
    ("OH", "Ohio"),
    ("OK", "Oklahoma"),
    ("OR", "Oregon"),
    ("PA", "Pennsylvania"),
    ("RI", "Rhode Island"),
    ("SC", "South Carolina"),
    ("SD", "South Dakota"),
    ("TN", "Tennessee"),
    ("TX", "Texas"),
    ("UT", "Utah"),
    ("VA", "Virginia"),
    ("VT", "Vermont"),
    ("WA", "Washington"),
    ("WI", "Wisconsin"),
    ("WV", "West Virginia"),
    ("WY", "Wyoming");
INSERT INTO cities
    (city_id, name, state_code)
    VALUES
    (1, "Spokane", "WA"),
    (2, "Eugene", "OR"),
    (3, "Irvine", "CA"),
    (4, "Rock Island", "IL"),
    (5, "Corvallis", "OR"),
    (6, "San Diego", "CA"),
    (7, "Troutdale", "OR"),
    (8, "Salem", "OR"),
    (9, "Northfield", "MN"),
    (10, "Huntington Beach", "CA"),
    (11, "Newberg", "OR"),
    (12, "Clackamas", "OR"),
    (13, "Fort Collins", "CO"),
    (14, "Delaware", "OH"),
    (15, "Hays", "KS"),
    (16, "Tacoma", "WA"),
    (17, "Walla Walla", "WA"),
    (18, "Fullerton", "CA"),
    (19, "Atlanta", "GA"),
    (20, "Hanover", "IN"),
    (21, "Orange", "CA"),
    (22, "Ellensburg", "WA"),
    (23, "Kearney", "NE"),
    (24, "La Mirada", "CA"),
    (25, "Battle Ground", "WA"),
    (26, "Forest Grove", "OR"),
    (27, "Seattle", "WA"),
    (28, "McMinnville", "OR"),
    (29, "Estacada", "OR"),
    (30, "Colorado Springs", "CO"),
    (31, "Stillwater", "OK"),
    (32, "Parkland", "WA"),
    (33, "Portland", "OR"),
    (34, "Memphis", "TN"),
    (35, "Claremont", "CA"),
    (36, "Chino", "CA"),
    (37, "Winfield", "KS"),
    (38, "Georgetown", "TX"),
    (39, "Lacey", "WA"),
    (40, "Stanford", "CA"),
    (41, "Redlands", "CA"),
    (42, "Riverside", "CA"),
    (43, "Boulder", "CO"),
    (44, "West Chester", "OH"),
    (45, "Monmouth", "OR"),
    (46, "Santa Barbara", "CA"),
    (47, "Colfax", "WI"),
    (48, "Brooks", "OR"),
    (49, "San Francisco", "CA"),
    (50, "San Bernardino", "CA"),
    (51, "Sunnyvale", "CA"),
    (52, "Mountain View", "CA"),
    (53, "Cleveland", "OH"),
    (54, "Minneconne", "WI");
INSERT INTO conferences
    (conference_id, name, acronym)
    VALUES
    (1, "Northwest Conference", "NWC"),
    (2, "Southern California Intercollegiate Athletic Conference", "SCIAC"),
    (3, "Southern Collegiate Athletic Conference", "SCAC");
INSERT INTO runners
    (runner_id, surname, given_name, gender)
    VALUES
    (1, "Abbott", "Joshua", "M"),
    (2, "Acuna Sanchez", "Asa", "M"),
    (3, "Adams", "Jim", "M"),
    (4, "Alcantar", "Jose", "M"),
    (5, "Anderson", "Eric", "M"),
    (6, "Annis", "Gregory", "M"),
    (7, "Avendano", "Antonio", "M"),
    (8, "Aynsley", "Brett", "M"),
    (9, "Bale", "Ross", "M"),
    (10, "Barnette", "Andrew", "M"),
    (11, "Barrett", "Miles", "M"),
    (12, "Barron", "Alec", "M"),
    (13, "Baughman", "Evan", "M"),
    (14, "Behnke", "Joe", "M"),
    (15, "Bentz", "Matthew", "M"),
    (16, "Beutel", "Dan", "M"),
    (17, "Bradosky", "Jacob", "M"),
    (18, "Brickson", "Brian", "M"),
    (19, "Burrows", "Russell", "M"),
    (20, "Cameron", "Erik", "M"),
    (21, "Cardwell", "Dusty", "M"),
    (22, "Ceja", "Ariel", "M"),
    (23, "Chalfin", "Greg", "M"),
    (24, "Chen", "Eric", "M"),
    (25, "Chen", "Matt", "M"),
    (26, "Chmielewski", "Steve", "M"),
    (27, "Chong", "Sam", "M"),
    (28, "Cisneros", "Ivan", "M"),
    (29, "Clifton", "Kris", "M"),
    (30, "Cole", "Aaron", "M"),
    (31, "Cordova", "Matthew", "M"),
    (32, "Craven", "Brandon", "M"),
    (33, "Daniels-Hall", "Joseph", "M"),
    (34, "Davis", "Gary", "M"),
    (35, "Decou", "Rob", "M"),
    (36, "Doyle", "Jason", "M"),
    (37, "Drake", "Brandon", "M"),
    (38, "Dubois", "Chris", "M"),
    (39, "Eggers", "Aaron", "M"),
    (40, "Eubank", "James", "M"),
    (41, "Fall", "Robin", "M"),
    (42, "Feinberg", "Elliot", "M"),
    (43, "Fipps", "Jesse", "M"),
    (44, "Fischl", "James", "M"),
    (45, "Franich", "Kerry", "M"),
    (46, "Garcia", "Rogelio", "M"),
    (47, "Gaslin", "Rob", "M"),
    (48, "Gates", "Rickey", "M"),
    (49, "Gerber", "Matt", "M"),
    (50, "Greiss", "P.J.", "M"),
    (51, "Ham", "Dan", "M"),
    (52, "Harper", "Travis", "M"),
    (53, "Harris", "Trevor", "M"),
    (54, "Hidalgo", "Gerardo", "M"),
    (55, "Hogan", "Donald", "M"),
    (56, "Hurtado", "Aaron", "M"),
    (57, "Jacoby", "Andrew", "M"),
    (58, "Janota", "Joey", "M"),
    (59, "Jiminez", "Jose", "M"),
    (60, "Johnson", "Carl", "M"),
    (61, "Johnson", "Kevin", "M"),
    (62, "Johnson", "Nick", "M"),
    (63, "Kelley", "Chris", "M"),
    (64, "Kinnecom", "Peter", "M"),
    (65, "Krupicka", "Anton", "M"),
    (66, "Laffey", "Jefferson", "M"),
    (67, "Lau", "Nathan", "M"),
    (68, "Laughery", "Mark", "M"),
    (69, "Leary", "Cody", "M"),
    (70, "Lennox", "Joshua", "M"),
    (71, "Letourneau", "Andy", "M"),
    (72, "Livingston", "Colin", "M"),
    (73, "Livingston", "Robert", "M"),
    (74, "Loftin", "Nick", "M"),
    (75, "Malsbary", "John", "M"),
    (76, "Martinez", "Javier", "M"),
    (77, "Masuda", "Bryce", "M"),
    (78, "McCreary", "David", "M"),
    (79, "McUne", "Mike", "M"),
    (80, "Mulcare", "Miles", "M"),
    (81, "Ottinger", "Everett", "M"),
    (82, "Packard", "AJ", "M"),
    (83, "Palabrica", "John", "M"),
    (84, "Parekh", "Nimish", "M"),
    (85, "Park", "Matthew", "M"),
    (86, "Peterson", "Leif", "M"),
    (87, "Peterson", "Scott", "M"),
    (88, "Phan", "Steven", "M"),
    (89, "Plascencia", "Luis", "M"),
    (90, "Poletayev", "Andrey", "M"),
    (91, "Powell", "Russell", "M"),
    (92, "Rebol", "Nathan", "M"),
    (93, "Risher", "Micah", "M"),
    (94, "Rose", "Tom", "M"),
    (95, "Rothenberger", "Andy", "M"),
    (96, "Rouse", "Chris", "M"),
    (97, "Ruiz", "Scott", "M"),
    (98, "Ruprecht", "Daniel", "M"),
    (99, "Sainz", "Vincent", "M"),
    (100, "Salomone", "Andrew", "M"),
    (101, "Schantz", "Chris", "M"),
    (102, "Schrepel", "Chris", "M"),
    (103, "Schutte", "Luc", "M"),
    (104, "Smith", "Dave", "M"),
    (105, "Smith", "Joseph", "M"),
    (106, "Souza", "Mikala", "M"),
    (107, "Squier", "Phillip", "M"),
    (108, "Stephens", "Tyman", "M"),
    (109, "Stutes-Hallet", "Noah", "M"),
    (110, "Tallent", "Gabriel", "M"),
    (111, "Taylor", "Casey", "M"),
    (112, "Thomas", "Brian", "M"),
    (113, "Towne", "Silas", "M"),
    (114, "Triblehorn", "Ben", "M"),
    (115, "Van Stirum", "Tristan", "M"),
    (116, "VanderJack", "Andrew", "M"),
    (117, "Vanni", "Matt", "M"),
    (118, "Walker", "Greg", "M"),
    (119, "Wilson", "A.J.", "M"),
    (120, "Winkowski", "Erik", "M"),
    (121, "Wittenburg", "Evans", "M"),
    (122, "Wood", "Kelly", "M"),
    (123, "Young", "David", "M"),
    (124, "Zimmer", "Andy", "M"),
    (125, "Cruise", "Stephen", "M"),
    (126, "Davis", "Dave", "M"),
    (127, "Graham", "Robert", "M"),
    (128, "Grigonis", "Micah", "M"),
    (129, "Kitzerow", "Nick", "M"),
    (130, "Stuart", "Matthew", "M"),
    (131, "Ault", "Andrew", "M"),
    (132, "Berg", "Sam", "M"),
    (133, "Boardman", "Adam", "M"),
    (134, "Brucker", "Erik", "M"),
    (135, "Davis", "Justin", "M"),
    (136, "Davis", "Paul", "M"),
    (137, "Flores", "Jorge", "M"),
    (138, "Gushwa", "Nathan", "M"),
    (139, "Hunnicutt", "Mat", "M"),
    (140, "Hunt", "Blaine", "M"),
    (141, "Klovee-Smith", "Eli", "M"),
    (142, "Lyke", "Chris", "M"),
    (143, "Mahlburg", "Karl", "M"),
    (144, "Maksimow", "Peter", "M"),
    (145, "Mayer", "Chris", "M"),
    (146, "Morgan-Brown", "Theron", "M"),
    (147, "Mulry", "Brian", "M"),
    (148, "Ploessel", "Jeremy", "M"),
    (149, "Singleton", "John", "M"),
    (150, "Stutelberg", "Karl", "M"),
    (151, "Townley", "Ian", "M"),
    (152, "Tysver", "Lars", "M"),
    (153, "Byersdorfer", "Joel", "M"),
    (154, "Cody", "Andrew", "M"),
    (155, "Colon", "Javier", "M"),
    (156, "Corona", "Jhalister", "M"),
    (157, "Davies", "Alan", "M"),
    (158, "Deal", "Jered", "M"),
    (159, "Deknatel", "Nathaniel", "M"),
    (160, "Esselman", "Jackson", "M"),
    (161, "Getchell", "Russ", "M"),
    (162, "Getchell", "Russell", "M"),
    (163, "Henry", "Zach", "M"),
    (164, "Ibarra", "Luis", "M"),
    (165, "Jackson", "Jamaal", "M"),
    (166, "Jensen", "Chris", "M"),
    (167, "Larson", "Jarrod", "M"),
    (168, "Luoto", "Todd", "M"),
    (169, "Mendoza", "Joseph", "M"),
    (170, "Metcalf", "Peter", "M"),
    (171, "Neubauer", "Lucas", "M"),
    (172, "Oken-Berg", "Jake", "M"),
    (173, "Oldham", "Derek", "M"),
    (174, "Paisley", "Nathan", "M"),
    (175, "Reed", "Ryan", "M"),
    (176, "Reilly", "Tim", "M"),
    (177, "Schafer", "David", "M"),
    (178, "Shannon", "Pat", "M"),
    (179, "Snape", "Paul", "M"),
    (180, "Suzuki", "Ryosuke", "M"),
    (181, "Thornton", "Adam", "M"),
    (182, "Towne", "Forrest", "M"),
    (183, "Warren", "Ryan", "M"),
    (184, "Weare", "Neil", "M"),
    (185, "Wilson", "Mark", "M"),
    (186, "Young", "Anthony", "M"),
    (187, "Baba", "Eddie", "M"),
    (188, "Bangerter", "Floyd", "M"),
    (189, "Berndt", "Tyler", "M"),
    (190, "Berriel", "William", "M"),
    (191, "Bowe", "Darren", "M"),
    (192, "Carman", "Jeff", "M"),
    (193, "Corliss", "James", "M"),
    (194, "DeBeck", "Dallas", "M"),
    (195, "Flichtbeil", "Scott", "M"),
    (196, "Flowerree", "J.R.", "M"),
    (197, "Gomez", "Jose", "M"),
    (198, "Goselin", "Todd", "M"),
    (199, "Grabner", "Reagan", "M"),
    (200, "Ham", "Tom", "M"),
    (201, "Holman", "Steve", "M"),
    (202, "Hoogesteger", "Carl", "M"),
    (203, "Houk", "Jonathan", "M"),
    (204, "Houston", "Mike", "M"),
    (205, "Hughes", "Matt", "M"),
    (206, "Juliano", "David", "M"),
    (207, "Kevan", "Ben", "M"),
    (208, "Kurtz", "Nathan", "M"),
    (209, "Leivers", "Carl", "M"),
    (210, "Lerner", "Scott", "M"),
    (211, "MacLeod", "Matt", "M"),
    (212, "Martin", "Eric", "M"),
    (213, "McGrail", "Patrick", "M"),
    (214, "Miser", "Paul", "M"),
    (215, "Neuner", "Michael", "M"),
    (216, "Overgaag", "Daniel", "M"),
    (217, "Phiffer", "Dan", "M"),
    (218, "Robbins", "Brad", "M"),
    (219, "Robinson", "Ben", "M"),
    (220, "Schoeneman", "Brian", "M"),
    (221, "Schwartz", "Jerome", "M"),
    (222, "Scott-Acosta", "Ryan", "M"),
    (223, "Sherven", "Josh", "M"),
    (224, "Sixta", "Joe", "M"),
    (225, "Southwick", "Daniel", "M"),
    (226, "Venn", "Brett", "M"),
    (227, "Willmer", "Steve", "M"),
    (228, "Anderson", "Chris", "M"),
    (229, "Andrew", "Kevin", "M"),
    (230, "Berardi", "Stephen", "M"),
    (231, "Berner", "Martin", "M"),
    (232, "Blais", "Kirk", "M"),
    (233, "Blasiak", "Sam", "M"),
    (234, "Brown", "Ben", "M"),
    (235, "Burkholder", "Braden", "M"),
    (236, "Burmester", "Jeff", "M"),
    (237, "Canton", "Letwon", "M"),
    (238, "Chun", "Everett", "M"),
    (239, "Cobb", "Bryan", "M"),
    (240, "Coe", "Andy", "M"),
    (241, "Corrigan", "Sean", "M"),
    (242, "Croff", "Carsten", "M"),
    (243, "DeFelice", "Nathaniel", "M"),
    (244, "Denison", "Thacher", "M"),
    (245, "Doskeland", "Bjorn", "M"),
    (246, "Esqueda", "Dan", "M"),
    (247, "Evans", "Micah", "M"),
    (248, "Fix", "Kyle", "M"),
    (249, "Franck", "Matt", "M"),
    (250, "Galloway", "Brennan", "M"),
    (251, "Gold", "Ryan", "M"),
    (252, "Heberle", "J.R.", "M"),
    (253, "Herrera", "Jesse", "M"),
    (254, "Howard", "Will", "M"),
    (255, "Huck", "Tim", "M"),
    (256, "Huerta", "Frank", "M"),
    (257, "Jimerez", "Jessie", "M"),
    (258, "Jiminez", "Juan", "M"),
    (259, "Jones", "Clay", "M"),
    (260, "Kramer", "Josh", "M"),
    (261, "Lange", "Josh", "M"),
    (262, "Mais", "Chris", "M"),
    (263, "Martin", "Javin", "M"),
    (264, "Masudu", "Bryce", "M"),
    (265, "McKenzie-Young", "Ray", "M"),
    (266, "McLean", "Dan", "M"),
    (267, "Monahan", "Matthew", "M"),
    (268, "Morse", "Eric", "M"),
    (269, "Nelson", "Eric", "M"),
    (270, "Newton", "Trevor", "M"),
    (271, "O'Dea", "James", "M"),
    (272, "Osborne", "Jonathan", "M"),
    (273, "Owen", "Michael", "M"),
    (274, "Raub", "Chris", "M"),
    (275, "Rojas", "Sergio", "M"),
    (276, "Ross", "Tyler", "M"),
    (277, "Sellon", "Tyler", "M"),
    (278, "Sims", "Andrew", "M"),
    (279, "Stevick", "Jesse", "M"),
    (280, "Stout", "Jacob", "M"),
    (281, "Tang", "Japeck", "M"),
    (282, "Tribbia", "John", "M"),
    (283, "Vollstedt", "Will", "M"),
    (284, "Wetzler", "Nick", "M"),
    (285, "White", "Ben", "M"),
    (286, "Williamson", "Taylor", "M"),
    (287, "Yao", "John", "M"),
    (288, "Young", "Aaron", "M"),
    (289, "Addison", "Jimmy", "M"),
    (290, "Baker", "Tyler", "M"),
    (291, "Barrera", "Cecelio", "M"),
    (292, "Bentow", "Brian", "M"),
    (293, "Bergeron", "Mike", "M"),
    (294, "Boice", "Braden", "M"),
    (295, "Brower", "Stephan", "M"),
    (296, "Brown", "Brendan", "M"),
    (297, "Cade", "Patrick", "M"),
    (298, "Choi", "Ryan", "M"),
    (299, "Coe", "Aaron", "M"),
    (300, "Cook", "Anthony", "M"),
    (301, "Cummings", "John", "M"),
    (302, "Edson", "Josh", "M"),
    (303, "Fish", "Corey", "M"),
    (304, "Flynn", "Conor", "M"),
    (305, "Foote", "Adam", "M"),
    (306, "Hallvik", "Taylor", "M"),
    (307, "Henson", "Josh", "M"),
    (308, "Hollingshead", "Aaron", "M"),
    (309, "Klein", "Nile", "M"),
    (310, "Konrad", "John", "M"),
    (311, "Krishna", "Golden", "M"),
    (312, "Leckie", "Chris", "M"),
    (313, "Love", "Nathan", "M"),
    (314, "Lucas-Roberts", "Conor", "M"),
    (315, "Lucas-Roberts", "Peter", "M"),
    (316, "Lukhaup", "Karl", "M"),
    (317, "Marshall", "David", "M"),
    (318, "McFadden", "Steve", "M"),
    (319, "Mercer", "Logan", "M"),
    (320, "Miller", "Andy", "M"),
    (321, "Mollier", "Derek", "M"),
    (322, "Morton", "Philip", "M"),
    (323, "Murphy", "Ryan", "M"),
    (324, "Nugent", "Tyler", "M"),
    (325, "O'Brien", "Nathan", "M"),
    (326, "Olguin", "Matt", "M"),
    (327, "Olson", "Peter", "M"),
    (328, "Orcutt", "Michael", "M"),
    (329, "Roesler", "Brian", "M"),
    (330, "Ruiz", "Carlos", "M"),
    (331, "Sanderman", "Daniel", "M"),
    (332, "Schickich", "Dan", "M"),
    (333, "Shapiro", "Ian", "M"),
    (334, "Siegfried", "Scott", "M"),
    (335, "Smith", "Jason", "M"),
    (336, "Thompson", "Payton", "M"),
    (337, "Thornton", "Luke", "M"),
    (338, "Voelckers", "James", "M"),
    (339, "Welch", "Chris", "M"),
    (340, "Welch", "Justin", "M"),
    (341, "Welsh", "Mark", "M"),
    (342, "Wright", "Peter", "M"),
    (343, "Zeiger", "Ben", "M"),
    (344, "Blackburn", "Douglas", "M"),
    (345, "Brewer", "Chris", "M"),
    (346, "Britton", "Zachary", "M"),
    (347, "Burg", "Matthew", "M"),
    (348, "Burrows", "Colby", "M"),
    (349, "Cannon", "Richard", "M"),
    (350, "Castaneda", "Daniel", "M"),
    (351, "Colby", "Eric", "M"),
    (352, "Cooper", "Brooks", "M"),
    (353, "Culbertson", "Philip", "M"),
    (354, "Dillon", "Kyle", "M"),
    (355, "Erickson", "Brian", "M"),
    (356, "Foster", "Nicholas", "M"),
    (357, "Freeman", "Crosby", "M"),
    (358, "Garrison", "Phil", "M"),
    (359, "Golden", "Cooper", "M"),
    (360, "Grady", "Guy", "M"),
    (361, "Grahlfs", "Phillip", "M"),
    (362, "Hallock", "Tom", "M"),
    (363, "Harper", "John", "M"),
    (364, "Harris", "Kirk", "M"),
    (365, "Hendricks", "Brent", "M"),
    (366, "Henry", "Alex", "M"),
    (367, "Humphrey", "Dan", "M"),
    (368, "Hunsaker", "Ben", "M"),
    (369, "Hutchinson", "Aaron", "M"),
    (370, "Kashiwa", "Charles", "M"),
    (371, "Kehr", "Brad", "M"),
    (372, "Kenagy", "Dan", "M"),
    (373, "Key", "Landon", "M"),
    (374, "Mandel", "Aaron", "M"),
    (375, "Martin", "Josh", "M"),
    (376, "McQueen", "Wes", "M"),
    (377, "Mears", "Ty", "M"),
    (378, "Murry", "Roger", "M"),
    (379, "Noonan", "Massimo", "M"),
    (380, "Olm", "Gustavo", "M"),
    (381, "Oswald", "Adam", "M"),
    (382, "Overby", "Scott", "M"),
    (383, "Parker", "Nate", "M"),
    (384, "Petzing", "Nick", "M"),
    (385, "Prince", "Frank", "M"),
    (386, "Reichart", "Kota", "M"),
    (387, "Richardson", "Sam", "M"),
    (388, "Richeson", "Mark", "M"),
    (389, "Robinson", "Tucker", "M"),
    (390, "Rowland", "Clarence", "M"),
    (391, "Sagers", "Dan", "M"),
    (392, "Sasaki", "Kent", "M"),
    (393, "Sauer", "Kristofor", "M"),
    (394, "Savala", "Travis", "M"),
    (395, "Schreiner", "Scott", "M"),
    (396, "Spencer", "Matt", "M"),
    (397, "Stein", "Kevin", "M"),
    (398, "Swanson", "Will", "M"),
    (399, "Symmonds", "Nick", "M"),
    (400, "Thomas", "Everett", "M"),
    (401, "Timbrell", "Jamie", "M"),
    (402, "U'Ren", "Ben", "M"),
    (403, "Boyd", "Wyatt", "M"),
    (404, "Brian", "Elliot", "M"),
    (405, "Butler", "Josh", "M"),
    (406, "Camacho", "Victor", "M"),
    (407, "Chuol", "Michael", "M"),
    (408, "Clark", "Samuel", "M"),
    (409, "Cutter", "Teo", "M"),
    (410, "Delmore", "David", "M"),
    (411, "Demartini", "Daniel", "M"),
    (412, "Dorr", "David", "M"),
    (413, "Dort", "Ben", "M"),
    (414, "Duba", "Kyle", "M"),
    (415, "Eichenlaub", "Mark", "M"),
    (416, "FeracoEberle", "Michael", "M"),
    (417, "Foresta", "Ryan", "M"),
    (418, "Foskett", "Matt", "M"),
    (419, "Fredriksen", "Eric", "M"),
    (420, "Friesen", "Jeff", "M"),
    (421, "Ginanni", "Joe", "M"),
    (422, "Grassley", "Jeff", "M"),
    (423, "Gray", "Adam", "M"),
    (424, "Guelfi", "Ed", "M"),
    (425, "Guerrero", "Angel", "M"),
    (426, "Guthrie", "Sean", "M"),
    (427, "Hackett", "Zach", "M"),
    (428, "Harris", "Jeff", "M"),
    (429, "Harris", "Travis", "M"),
    (430, "Hayman", "Daniel", "M"),
    (431, "Hickey", "Sergio", "M"),
    (432, "Humphries", "T.J.", "M"),
    (433, "Johnson", "Sam", "M"),
    (434, "Kaczmarek", "Joseph", "M"),
    (435, "Killgore", "Mike", "M"),
    (436, "Kimura", "Brandon", "M"),
    (437, "Knode", "Anthony", "M"),
    (438, "Kopet", "Adam", "M"),
    (439, "Landsman", "Ben", "M"),
    (440, "Lee", "Jack", "M"),
    (441, "Lee", "Robbie", "M"),
    (442, "Leer", "William", "M"),
    (443, "Leipzig", "Benjamin", "M"),
    (444, "Lemon", "Tobias", "M"),
    (445, "Libecap", "Chris", "M"),
    (446, "Lyon", "Reed", "M"),
    (447, "Maas", "David", "M"),
    (448, "Martin", "Ricky", "M"),
    (449, "Mathies", "Daven", "M"),
    (450, "May", "Nathan", "M"),
    (451, "Mayers", "Nick", "M"),
    (452, "McCann", "Jarrod", "M"),
    (453, "McCarron", "Sean", "M"),
    (454, "Moe", "Jacob", "M"),
    (455, "Moore", "James", "M"),
    (456, "Morley", "John", "M"),
    (457, "Neal", "Andrew", "M"),
    (458, "Parlee", "Nick", "M"),
    (459, "Partida", "Efrain", "M"),
    (460, "Paulin", "Craig", "M"),
    (461, "Peacock", "Stephen", "M"),
    (462, "Peel", "Michael", "M"),
    (463, "Pollard", "Dan", "M"),
    (464, "Pollard", "Shawn", "M"),
    (465, "Reinhart", "Alexander", "M"),
    (466, "Restad", "Adam", "M"),
    (467, "Salomone", "Nicholas", "M"),
    (468, "Shane", "Eric", "M"),
    (469, "Silverman", "Peter", "M"),
    (470, "Sladek", "Will", "M"),
    (471, "Smith", "Tedd", "M"),
    (472, "Spofford", "Frederick", "M"),
    (473, "Sprecker", "Tyler", "M"),
    (474, "Stine", "Josh", "M"),
    (475, "Ulsh", "Benjamin", "M"),
    (476, "Vieyra", "Julio", "M"),
    (477, "Warren", "Kelly", "M"),
    (478, "Watson", "Austin", "M"),
    (479, "Whitaker", "Matt", "M"),
    (480, "Wieshaar", "Adam", "M"),
    (481, "Wimer", "Andrew", "M"),
    (482, "Yaeger", "Daniel", "M"),
    (483, "Yahalom", "Jonathan", "M"),
    (484, "Yoo", "John", "M"),
    (485, "Zarzana", "Kyle", "M"),
    (486, "Zdon", "Billy", "M"),
    (487, "Annis", "Bryce", "M"),
    (488, "Asch", "Elias", "M"),
    (489, "Batch", "Ian", "M"),
    (490, "Bernstein", "Asaf", "M"),
    (491, "Beukema", "Patrick", "M"),
    (492, "Boggs", "Julian", "M"),
    (493, "Brakken-Thal", "Sean", "M"),
    (494, "Brandt", "Justin", "M"),
    (495, "Bullock", "Leif", "M"),
    (496, "Campbell", "Nicholas", "M"),
    (497, "Chacon", "Derek", "M"),
    (498, "Chaves", "Kevin", "M"),
    (499, "Chilcoat", "Kenneth", "M"),
    (500, "Clark", "Jesse", "M"),
    (501, "Clarke", "Andrew", "M"),
    (502, "Coleman", "Adam", "M"),
    (503, "Cordova", "Michael", "M"),
    (504, "Cummins", "Matthew", "M"),
    (505, "Daum", "Nicholas", "M"),
    (506, "Davis", "Jonathan", "M"),
    (507, "Deitz", "Jacob", "M"),
    (508, "Delgado", "Jacob", "M"),
    (509, "Dixon", "Travis", "M"),
    (510, "Finney", "Grant", "M"),
    (511, "Fridley", "Troy", "M"),
    (512, "Garcia", "Julio", "M"),
    (513, "Gunn", "Jamie", "M"),
    (514, "Gutschick", "David", "M"),
    (515, "Haldorson", "Adam", "M"),
    (516, "Hanlin", "Trevor", "M"),
    (517, "Harkins", "Conor", "M"),
    (518, "Horikoshi", "Steven", "M"),
    (519, "Howell", "Brandon", "M"),
    (520, "Huskisson", "Travis", "M"),
    (521, "Jensen", "Daniel", "M"),
    (522, "Johnson", "Ben", "M"),
    (523, "Johnson", "Brad", "M"),
    (524, "Johnson", "Bryan", "M"),
    (525, "Jones", "Bryan", "M"),
    (526, "Jones", "Jeff", "M"),
    (527, "Kiesz", "Matt", "M"),
    (528, "Klein", "Chad", "M"),
    (529, "Leon-Guerrero", "Shawn", "M"),
    (530, "Long", "Paul", "M"),
    (531, "Lozier", "Christopher", "M"),
    (532, "Lual", "Anderia", "M"),
    (533, "Mandsager", "Paul", "M"),
    (534, "Marcotte", "Robert", "M"),
    (535, "Marrinan", "Tim", "M"),
    (536, "Mathiang", "David", "M"),
    (537, "May", "Lucas", "M"),
    (538, "McCusker", "Daniel", "M"),
    (539, "Millard", "Steven", "M"),
    (540, "Moorty", "Kiran", "M"),
    (541, "Morphet", "Tommy", "M"),
    (542, "Nebert", "Lucas", "M"),
    (543, "Neill", "Doug", "M"),
    (544, "Nelson", "Robert", "M"),
    (545, "Nichols", "Alex", "M"),
    (546, "Nichter", "Brandon", "M"),
    (547, "Olszyk", "Nicholas", "M"),
    (548, "Petersen", "Scott", "M"),
    (549, "Pinto", "Brandon", "M"),
    (550, "Quintana", "Justin", "M"),
    (551, "Ramirez", "Chris", "M"),
    (552, "Ramirez", "Rey", "M"),
    (553, "Ramon", "Alexander", "M"),
    (554, "Roach", "Sean", "M"),
    (555, "Robinson", "Stefan", "M"),
    (556, "Rosen", "David", "M"),
    (557, "Ross", "Daniel", "M"),
    (558, "Rothman", "Dan", "M"),
    (559, "Scheele", "Andy", "M"),
    (560, "Schmidt", "Loren", "M"),
    (561, "Sevilla", "Raul", "M"),
    (562, "Sheldon", "Matt", "M"),
    (563, "Smith", "Chris", "M"),
    (564, "Smith", "Galen", "M"),
    (565, "Stoddard", "Zach", "M"),
    (566, "Urista", "Tim", "M"),
    (567, "Van Meter", "Kevin", "M"),
    (568, "Van Otterloo", "Josh", "M"),
    (569, "Waldeck", "Robert", "M"),
    (570, "Westbrook", "Zach", "M"),
    (571, "Wiens", "Justin", "M"),
    (572, "Wilson", "Harrison", "M"),
    (573, "Woods", "Brian", "M"),
    (574, "Wyatt", "Jay", "M"),
    (575, "Yow", "Lawson", "M"),
    (576, "Ames", "Jason", "M"),
    (577, "Anderson", "Tom", "M"),
    (578, "Artz", "Jacob", "M"),
    (579, "Baldwin", "Christopher", "M"),
    (580, "Barich", "Michael", "M"),
    (581, "Bell", "Ian", "M"),
    (582, "Berman", "David", "M"),
    (583, "Blumenfeld", "Keith", "M"),
    (584, "Bonica", "Andrew", "M"),
    (585, "Brewer", "Robbie", "M"),
    (586, "Bryant", "Michael", "M"),
    (587, "Buffy", "Jake", "M"),
    (588, "Burris", "Greg", "M"),
    (589, "Byrer", "Scott", "M"),
    (590, "Casados", "Patrick", "M"),
    (591, "Castellanos", "Cesar", "M"),
    (592, "Chang", "Jasper", "M"),
    (593, "Clough", "Josh", "M"),
    (594, "Daroff", "Jamie", "M"),
    (595, "Dominguez", "Victor", "M"),
    (596, "Evans", "Alex", "M"),
    (597, "Fitzer", "Fritz", "M"),
    (598, "Forsyth", "Jeff", "M"),
    (599, "Frost", "Peter", "M"),
    (600, "Gale", "William", "M"),
    (601, "Galvin", "Andrew", "M"),
    (602, "Goble", "Austin", "M"),
    (603, "Gurney", "Chris", "M"),
    (604, "Hlady", "Nik", "M"),
    (605, "Hoadley", "Clayton", "M"),
    (606, "Holderith", "Torey", "M"),
    (607, "Hollander", "Ben", "M"),
    (608, "Jensen", "Andrew", "M"),
    (609, "Jiminez-Zepeda", "Alex", "M"),
    (610, "Jorgenson", "Mike", "M"),
    (611, "Kinstler", "Jake", "M"),
    (612, "Klag", "Graham", "M"),
    (613, "Klein", "John", "M"),
    (614, "Klym", "Peter", "M"),
    (615, "Knutson-Lombardo", "Tristan", "M"),
    (616, "Largent", "Elliott", "M"),
    (617, "Lawrence", "Yancey", "M"),
    (618, "Littman", "Nick", "M"),
    (619, "Lund Snee", "Jens", "M"),
    (620, "Malnor", "Benjamin", "M"),
    (621, "Manske", "Mark", "M"),
    (622, "Martinez", "David", "M"),
    (623, "McBeth", "Stephen", "M"),
    (624, "McDuff", "Daniel", "M"),
    (625, "Meyers", "Travis", "M"),
    (626, "Miyagiwa", "Yuki", "M"),
    (627, "Monsma", "Ian", "M"),
    (628, "Mudry", "Martin", "M"),
    (629, "Mullen", "Zachariah", "M"),
    (630, "Musson", "Andy", "M"),
    (631, "Nakano", "Cameron", "M"),
    (632, "O'Malley", "Gus", "M"),
    (633, "Olds", "Tyson", "M"),
    (634, "Olschner", "Alec", "M"),
    (635, "Olson", "Torrey", "M"),
    (636, "Ortega", "Stephen", "M"),
    (637, "Peters", "Kellen", "M"),
    (638, "Randall-Myers", "Brendon", "M"),
    (639, "Redd", "Gary", "M"),
    (640, "Robinson", "Thomas", "M"),
    (641, "Roisom", "Justin", "M"),
    (642, "Shipley", "Adrian", "M"),
    (643, "Siddle", "Brett", "M"),
    (644, "Skelton", "John", "M"),
    (645, "Swartz", "Harry", "M"),
    (646, "Thibault", "Justin", "M"),
    (647, "Van Antwerp", "Mike", "M"),
    (648, "Weaver", "Darin", "M"),
    (649, "Wehmhoefer", "Brian", "M"),
    (650, "West", "Jeff", "M"),
    (651, "Yeager", "Zach", "M"),
    (652, "Zippel", "Seth", "M"),
    (653, "Baechle", "Jake", "M"),
    (654, "Beal", "Matthew", "M"),
    (655, "Black", "Jeff", "M"),
    (656, "Block", "Kyle", "M"),
    (657, "Bofa", "Emmanuel", "M"),
    (658, "Butler", "Cameron", "M"),
    (659, "Carson", "Noah", "M"),
    (660, "Casamitjana", "Sergi", "M"),
    (661, "Caseria", "Dusty", "M"),
    (662, "Chuang", "Kungway", "M"),
    (663, "Cody", "Aaron", "M"),
    (664, "Davis", "Jesse", "M"),
    (665, "Davis", "Tyler", "M"),
    (666, "Demoss", "Paul", "M"),
    (667, "Dickman", "Karl", "M"),
    (668, "Doty", "Brad", "M"),
    (669, "Drayna", "Garrett", "M"),
    (670, "Du Mont", "Elliot", "M"),
    (671, "Dudgeon", "Cyrus", "M"),
    (672, "Eberhart", "Cameron", "M"),
    (673, "Edmonson", "Tyler", "M"),
    (674, "Erickson", "Ryan", "M"),
    (675, "Farris", "Justin", "M"),
    (676, "Fisher", "Shawn", "M"),
    (677, "Flora", "Ben", "M"),
    (678, "Forbes", "Charlie", "M"),
    (679, "Gillis", "Brian", "M"),
    (680, "Guthrie", "Ryan", "M"),
    (681, "Hanson", "Corey", "M"),
    (682, "Harrison", "Adrian", "M"),
    (683, "Henderson", "Eric", "M"),
    (684, "Horton", "Anthony", "M"),
    (685, "Janson", "Reily", "M"),
    (686, "Jones", "Justin", "M"),
    (687, "Kahovec", "Brian", "M"),
    (688, "Kali", "Victor", "M"),
    (689, "Kelly", "Matthew", "M"),
    (690, "Knutson", "Austin", "M"),
    (691, "Kodama", "Matthew", "M"),
    (692, "Kotaich", "Kyle", "M"),
    (693, "Kurtis", "Alex", "M"),
    (694, "Kurtis", "Matt", "M"),
    (695, "Lane", "Stephen", "M"),
    (696, "League", "Tyson", "M"),
    (697, "Lin", "Ben", "M"),
    (698, "Maile", "David", "M"),
    (699, "Marsalis", "Wynton", "M"),
    (700, "Mathes", "Charley", "M"),
    (701, "McIsaac", "Chris", "M"),
    (702, "Mering", "John", "M"),
    (703, "Meyers", "Ethan", "M"),
    (704, "Miller", "Nik", "M"),
    (705, "Naegli", "Derek", "M"),
    (706, "Nagayama", "Jonathan", "M"),
    (707, "Nishimura", "Casey", "M"),
    (708, "Norman", "Christopher", "M"),
    (709, "Pedack", "John", "M"),
    (710, "Platano", "Chris", "M"),
    (711, "Pye", "Cameron", "M"),
    (712, "Quinn", "Jesus", "M"),
    (713, "Rapet", "Paul", "M"),
    (714, "Rawson", "Nicholas", "M"),
    (715, "Regiec", "Rob", "M"),
    (716, "Reid", "Curtis", "M"),
    (717, "Reid", "Terrence", "M"),
    (718, "Reim", "Garrett", "M"),
    (719, "Reynolds", "Francis", "M"),
    (720, "Rodriguez", "Raphael", "M"),
    (721, "Roholt", "Taylor", "M"),
    (722, "Sangsuwangul", "Alvin", "M"),
    (723, "Scheffler", "Chris", "M"),
    (724, "Scheulen", "Florian", "M"),
    (725, "Schwerdtfeger", "Spencer", "M"),
    (726, "Shea", "Brett", "M"),
    (727, "Steier", "Lars", "M"),
    (728, "Stewart", "Collin", "M"),
    (729, "Stoller", "Steven", "M"),
    (730, "Strait", "Andrew", "M"),
    (731, "Tanouye", "Kole", "M"),
    (732, "Taylor", "Dylan", "M"),
    (733, "Uslan", "Jeffrey", "M"),
    (734, "Ware", "Jordan", "M"),
    (735, "Weisbard", "Matt", "M"),
    (736, "Weiss", "Asa", "M"),
    (737, "Wheeler", "Jon", "M"),
    (738, "Young", "Dave", "M"),
    (739, "Zandi", "Nolan", "M"),
    (740, "Alsin", "Tyler", "M"),
    (741, "Applewhite", "Mikal", "M"),
    (742, "Arps", "Sean", "M"),
    (743, "Ayers", "Dillon", "M"),
    (744, "Baldridge", "Jesse", "M"),
    (745, "Benac", "Dustin", "M"),
    (746, "Binford-Walsh", "Trent", "M"),
    (747, "Bollen", "John", "M"),
    (748, "Bongio Karrman", "Anton", "M"),
    (749, "Booster", "Nick", "M"),
    (750, "Boyd", "Alec", "M"),
    (751, "Bradley", "David", "M"),
    (752, "Brennan", "Kevin", "M"),
    (753, "Brennan", "Ross", "M"),
    (754, "Brown", "Kris", "M"),
    (755, "Burbank", "John", "M"),
    (756, "Callow", "John", "M"),
    (757, "Cebron", "James", "M"),
    (758, "Coats", "Eric", "M"),
    (759, "Cummins", "Matthew", "M"),
    (760, "Denesen", "Brad", "M"),
    (761, "Dinolov", "Georgi", "M"),
    (762, "Dsida", "Bradley", "M"),
    (763, "Dunatunga", "Sachith", "M"),
    (764, "Dupler", "Alex", "M"),
    (765, "Enscoe", "Charles", "M"),
    (766, "Ferar", "Keenan", "M"),
    (767, "Fillmore", "Alec", "M"),
    (768, "Gallagher", "Nicholas", "M"),
    (769, "Gazley", "Colin", "M"),
    (770, "Gil", "Nelson", "M"),
    (771, "Haggard", "Quentin", "M"),
    (772, "Halliday", "Patrick", "M"),
    (773, "Hasegawa", "Goro", "M"),
    (774, "Hatters", "Corey", "M"),
    (775, "Hennessey", "Sam", "M"),
    (776, "Heredia", "Adam", "M"),
    (777, "Higgins", "Bradley", "M"),
    (778, "Holewinski", "Bryce", "M"),
    (779, "Infantino", "Richard", "M"),
    (780, "Kalmus", "Jeremy", "M"),
    (781, "Kopczynski", "Brian", "M"),
    (782, "Kraft", "Daniel", "M"),
    (783, "Lam", "Dennis", "M"),
    (784, "Lanning", "Jonathan", "M"),
    (785, "LeDonne", "Richie", "M"),
    (786, "Luecke", "Daniel", "M"),
    (787, "Martinez", "Thomas", "M"),
    (788, "McLaughlin", "Ryan", "M"),
    (789, "Mottl", "Tucker", "M"),
    (790, "Mujica", "Zachary", "M"),
    (791, "Nortz", "Sam", "M"),
    (792, "O'Shea", "Dylan", "M"),
    (793, "Orlove", "Nicholas", "M"),
    (794, "Ostrander", "Ray", "M"),
    (795, "Parker", "Matt", "M"),
    (796, "Parrish", "Cory", "M"),
    (797, "Phillips", "John", "M"),
    (798, "Pugsley", "Clayton", "M"),
    (799, "Rebol", "Nicholas", "M"),
    (800, "Redfield", "Stefan", "M"),
    (801, "Roberts", "Tristan", "M"),
    (802, "Rollins", "David", "M"),
    (803, "Rotich", "Willy", "M"),
    (804, "Roy", "Ricky", "M"),
    (805, "Shaw", "Blake", "M"),
    (806, "Shryrock", "Sam", "M"),
    (807, "Sillis", "Arnaud", "M"),
    (808, "Smith", "Nathan", "M"),
    (809, "St. Lawrence", "Ian", "M"),
    (810, "Stewart", "Kyle", "M"),
    (811, "Strait", "Andrew", "M"),
    (812, "Strait", "Noah", "M"),
    (813, "Straube", "Kramer", "M"),
    (814, "Sturgill", "Caleb", "M"),
    (815, "Wagner", "Andrew", "M"),
    (816, "Wheeler", "Joe", "M"),
    (817, "Wieghard", "Ryan", "M"),
    (818, "Wros", "John", "M"),
    (819, "Acevedo", "Jacob", "M"),
    (820, "Aguayo", "Erick", "M"),
    (821, "Airola", "Travis", "M"),
    (822, "Alexander", "Colin", "M"),
    (823, "Anderson", "Arian", "M"),
    (824, "Andrascik", "Sean", "M"),
    (825, "Ashby", "Duncan", "M"),
    (826, "Balmer", "Paul", "M"),
    (827, "Barth", "Justin", "M"),
    (828, "Battaglia", "Lucian", "M"),
    (829, "Binck", "Alex", "M"),
    (830, "Boerigter", "Tom", "M"),
    (831, "Bollinger", "Wesley", "M"),
    (832, "Boyer", "Brendan", "M"),
    (833, "Bracken", "Daniel", "M"),
    (834, "Brainerd", "Jackson", "M"),
    (835, "Bras", "Orion", "M"),
    (836, "Brower", "Robert", "M"),
    (837, "Brown", "Matt", "M"),
    (838, "Bustos", "Juan", "M"),
    (839, "Cahuzac", "Thomas", "M"),
    (840, "Cano", "Marvin", "M"),
    (841, "Carpenter", "Andrew", "M"),
    (842, "Caseria", "Robert", "M"),
    (843, "Cassel", "Allen", "M"),
    (844, "Castillo", "Leo", "M"),
    (845, "Chow", "Brian", "M"),
    (846, "Chun", "Daniel", "M"),
    (847, "Crabo", "Anders", "M"),
    (848, "Cresci", "Chris", "M"),
    (849, "Cuniff", "Jacob", "M"),
    (850, "Cushman", "John", "M"),
    (851, "Davis", "Mark", "M"),
    (852, "Devlin-Foltz", "Sebi", "M"),
    (853, "Dingman", "Cory", "M"),
    (854, "Donovan", "Ben", "M"),
    (855, "Donovan", "Joe", "M"),
    (856, "Dougan", "Michael", "M"),
    (857, "Dudley", "Tyler", "M"),
    (858, "Dunne", "Jonnie", "M"),
    (859, "Evans", "Dan", "M"),
    (860, "Ferar", "Keenan", "M"),
    (861, "Fergin", "Kaleb", "M"),
    (862, "Fikak", "Steven", "M"),
    (863, "Flynn", "Colin", "M"),
    (864, "Fortugno", "Marcus", "M"),
    (865, "Gage", "Scott", "M"),
    (866, "Gerken", "Max", "M"),
    (867, "Gheysens", "Maxime", "M"),
    (868, "Gilbertson", "Reid", "M"),
    (869, "Gillem", "John", "M"),
    (870, "Goldberg", "Noam", "M"),
    (871, "Gong", "Andrew", "M"),
    (872, "Grabman", "Bart", "M"),
    (873, "Graham", "Patrick", "M"),
    (874, "Granger", "Taylor", "M"),
    (875, "Guerrero", "Adrian", "M"),
    (876, "Halvaks", "Brett", "M"),
    (877, "Heskett", "Zach", "M"),
    (878, "Hollander", "Matt", "M"),
    (879, "Hollingsworth", "Will", "M"),
    (880, "Holt", "Chester", "M"),
    (881, "Holz", "Zach", "M"),
    (882, "Humbarger", "Scott", "M"),
    (883, "Jackson", "Kyle", "M"),
    (884, "Jenkins", "Aaron", "M"),
    (885, "Johnson", "Eric", "M"),
    (886, "Keeley", "Ryan", "M"),
    (887, "Kile", "Kenneth", "M"),
    (888, "King", "David", "M"),
    (889, "Kleinsasser", "Eric", "M"),
    (890, "Lane", "Matthew", "M"),
    (891, "Lane", "Ryan", "M"),
    (892, "Lauth", "Chris", "M"),
    (893, "Lawler", "Patrick", "M"),
    (894, "Leone", "Marco", "M"),
    (895, "Lindley", "Sam", "M"),
    (896, "Lubarov", "Daniel", "M"),
    (897, "Mancilla", "Kevin", "M"),
    (898, "Manoogian-O'dell", "Brin", "M"),
    (899, "Marinelli", "Max", "M"),
    (900, "Martin", "Alexander", "M"),
    (901, "Martin", "Austin", "M"),
    (902, "Martinez", "Julian", "M"),
    (903, "Martinez", "Leo", "M"),
    (904, "Melendez", "Jaycee", "M"),
    (905, "Merker", "Roy", "M"),
    (906, "Minsk", "Aaron", "M"),
    (907, "Moseley", "Will", "M"),
    (908, "Murray", "Ryan", "M"),
    (909, "Nupen", "Ryan", "M"),
    (910, "O'Leary", "Colin", "M"),
    (911, "Ogilvie", "Scott", "M"),
    (912, "Oliver", "Thomas", "M"),
    (913, "Parecki", "Daniel", "M"),
    (914, "Patterson", "Riley", "M"),
    (915, "Picadura", "Blake", "M"),
    (916, "Picker", "Ben", "M"),
    (917, "Polley", "Shane", "M"),
    (918, "Potterton", "Kevin", "M"),
    (919, "Powell", "Lance", "M"),
    (920, "Quintero", "Kyle", "M"),
    (921, "Rajabi", "Alex", "M"),
    (922, "Reed", "Evan", "M"),
    (923, "Reyes", "Eliazer", "M"),
    (924, "Richman", "Matt", "M"),
    (925, "Ritchie", "Andrew", "M"),
    (926, "Roberts", "John", "M"),
    (927, "Ross", "Jeff", "M"),
    (928, "Schickich", "James", "M"),
    (929, "Scholten", "Travis", "M"),
    (930, "Shaw", "Charles", "M"),
    (931, "Shaw", "Hale", "M"),
    (932, "Shiach", "Ian", "M"),
    (933, "Shirk", "Stephen", "M"),
    (934, "Slawski", "Ben", "M"),
    (935, "Small", "Zach", "M"),
    (936, "Smith", "Chaz", "M"),
    (937, "Smith", "Seth", "M"),
    (938, "Snowden", "Robert", "M"),
    (939, "Sorenson", "Andrew", "M"),
    (940, "Soulier", "Jonathan", "M"),
    (941, "Taber", "Ben", "M"),
    (942, "Teshima", "Daniel", "M"),
    (943, "Van Slyke", "Alex", "M"),
    (944, "Walcott", "William", "M"),
    (945, "Wall", "Casey", "M"),
    (946, "Waters", "Chris", "M"),
    (947, "Weinbender", "Eric", "M"),
    (948, "Wilder", "David", "M"),
    (949, "Wohlsen", "Steven", "M"),
    (950, "Allen", "A. J.", "M"),
    (951, "Allen-Slaba", "Nathaniel", "M"),
    (952, "Alvarado", "Daniel", "M"),
    (953, "Ambriz", "Matthew", "M"),
    (954, "Aubol", "Kevin", "M"),
    (955, "Baffi", "Tim", "M"),
    (956, "Balgobin", "Alexander", "M"),
    (957, "Berrian", "Trevor", "M"),
    (958, "Brown", "Andrew", "M"),
    (959, "Brown", "Jacob", "M"),
    (960, "Buck", "Sean", "M"),
    (961, "Burger", "Adam", "M"),
    (962, "Calavan", "Mike", "M"),
    (963, "Castillo", "Mario", "M"),
    (964, "Castro", "Oscar", "M"),
    (965, "Charvoz", "Anthony", "M"),
    (966, "Chasan", "Quinn", "M"),
    (967, "Chavarin", "Octaviano", "M"),
    (968, "Church", "Jason", "M"),
    (969, "Conroy", "Brian", "M"),
    (970, "Cooper", "Evan", "M"),
    (971, "Dannenhauer", "Rafer", "M"),
    (972, "Deardorff", "Joseph", "M"),
    (973, "Edelman", "Adam", "M"),
    (974, "Eifert", "Christian", "M"),
    (975, "Elkington", "Barry", "M"),
    (976, "Erf", "David", "M"),
    (977, "Fen", "Cameron", "M"),
    (978, "Ferar", "Nolan", "M"),
    (979, "Fisher", "Peter", "M"),
    (980, "Flora", "Daniel", "M"),
    (981, "Flores", "Angel", "M"),
    (982, "Forbess", "Alex", "M"),
    (983, "Geyer", "Nicholas", "M"),
    (984, "Gillis", "Taylor", "M"),
    (985, "Gnerre", "Brian", "M"),
    (986, "Griggs", "Whitney", "M"),
    (987, "Grigsby", "Kolter", "M"),
    (988, "Hadden", "Taylor", "M"),
    (989, "Hardy", "Patrick", "M"),
    (990, "Hemphill", "Jeff", "M"),
    (991, "Hill", "Timothy", "M"),
    (992, "Hillman", "Evan", "M"),
    (993, "Hoard", "Paul", "M"),
    (994, "Imthurn", "Andrew", "M"),
    (995, "Jacobsmeyer", "Anthony", "M"),
    (996, "Johnson", "Alex", "M"),
    (997, "Karle", "Nathan", "M"),
    (998, "Klein", "Matt", "M"),
    (999, "Kusick", "Sean", "M"),
    (1000, "Lane", "Garrett", "M"),
    (1001, "Larson", "Jonathan", "M"),
    (1002, "Lemay", "Greg", "M"),
    (1003, "Levine", "Samuel", "M"),
    (1004, "Mainardi", "Avery", "M"),
    (1005, "Markoski", "Peter", "M"),
    (1006, "Marshall", "Tom", "M"),
    (1007, "McGirr", "Craig", "M"),
    (1008, "Menezes", "Alan", "M"),
    (1009, "Merritt", "Matthew", "M"),
    (1010, "Mesojednik", "Taylor", "M"),
    (1011, "Miles", "Nic", "M"),
    (1012, "Moe", "Jacob", "M"),
    (1013, "Morrell", "Austin", "M"),
    (1014, "Muller", "James", "M"),
    (1015, "Naden", "Bennett", "M"),
    (1016, "Nevarez", "Jose", "M"),
    (1017, "Noble", "Charles", "M"),
    (1018, "O'Neill", "Kevin", "M"),
    (1019, "Overbye", "Andrew", "M"),
    (1020, "Page", "Nathan", "M"),
    (1021, "Page", "Russell", "M"),
    (1022, "Parker", "Hugh", "M"),
    (1023, "Porter", "Wesley", "M"),
    (1024, "Poyhonen", "Alex", "M"),
    (1025, "Rand", "Cory", "M"),
    (1026, "Reinhold", "Dominick", "M"),
    (1027, "Replogle", "Joseph", "M"),
    (1028, "Rosch", "Lee", "M"),
    (1029, "Sauter", "Charlie", "M"),
    (1030, "Serrano", "Victor", "M"),
    (1031, "Sharma", "Sean", "M"),
    (1032, "Shaver", "Daniel", "M"),
    (1033, "Skagen", "Cale", "M"),
    (1034, "Skurski", "Joseph", "M"),
    (1035, "Smith", "Samuel", "M"),
    (1036, "Stafford", "Grant", "M"),
    (1037, "Stoops", "Daniel", "M"),
    (1038, "Sustayta", "Matthew", "M"),
    (1039, "Sutfin", "Chad", "M"),
    (1040, "Sutter", "Brian", "M"),
    (1041, "Vega", "Jordan", "M"),
    (1042, "Vierra", "Andrew", "M"),
    (1043, "Villasenor", "Alfredo", "M"),
    (1044, "Willert", "Luke", "M"),
    (1045, "Williams", "Eli", "M"),
    (1046, "Worden", "Nathan", "M"),
    (1047, "Zilenziger", "James", "M"),
    (1048, "Zou", "Alex", "M"),
    (1049, "Zucker", "Andrew", "M"),
    (1050, "Andreasen", "Katrine", "F"),
    (1051, "Backowski", "Amanda", "F"),
    (1052, "Beck", "Jo", "F"),
    (1053, "Book", "Annie", "F"),
    (1054, "Cresien", "Alyson", "F"),
    (1055, "Cunningham", "Jenna", "F"),
    (1056, "Deuct", "Jackie", "F"),
    (1057, "Duby", "Rebecca", "F"),
    (1058, "Freese", "Kathryn", "F"),
    (1059, "Gonzalez", "Ciara", "F"),
    (1060, "Harcher", "Mary", "F"),
    (1061, "Huffman", "Sarah", "F"),
    (1062, "Katibah", "Anna", "F"),
    (1063, "Kunz", "Andrea", "F"),
    (1064, "Littlefield", "Elizabeth", "F"),
    (1065, "Littlewood", "Lizzie", "F"),
    (1066, "McIntyre", "Shannon", "F"),
    (1067, "Morehouse", "Sara", "F"),
    (1068, "Morton", "Mackenzie", "F"),
    (1069, "Phillips", "Abby", "F"),
    (1070, "Pomante", "Amy", "F"),
    (1071, "Richards", "Kelly", "F"),
    (1072, "Shives", "Alison", "F"),
    (1073, "Tollefson", "Phoebe", "F"),
    (1074, "Zier", "Beth", "F"),
    (1075, "Zimmerman", "Elizabeth", "F"),
    (1076, "Guenther", "Rebekah", "F"),
    (1077, "Imbrock", "Lauren", "F"),
    (1078, "McHattie", "Carla", "F"),
    (1079, "Barker", "Brooke", "F"),
    (1080, "Brown", "JulieKay", "F"),
    (1081, "Burt", "Lindsay", "F"),
    (1082, "Carnahan", "Andrea", "F"),
    (1083, "Catmur", "Emma", "F"),
    (1084, "Cohen", "Lisa", "F"),
    (1085, "Daggett", "Emily", "F"),
    (1086, "Deane", "Besha", "F"),
    (1087, "Edwards", "Lauren", "F"),
    (1088, "Fischer", "Leighann", "F"),
    (1089, "Gandrud", "Harlan", "F"),
    (1090, "Greenwood", "Amy", "F"),
    (1091, "Guzman", "Laura", "F"),
    (1092, "Hansard", "Audra", "F"),
    (1093, "Hart", "Elizabeth", "F"),
    (1094, "Jacobus", "Marissa", "F"),
    (1095, "Johnson", "Danielle", "F"),
    (1096, "Jones", "Laura", "F"),
    (1097, "Kearney", "Caitlin", "F"),
    (1098, "Kjerulf", "Lisa", "F"),
    (1099, "Kremer", "Angela", "F"),
    (1100, "Lauterbach", "Julie", "F"),
    (1101, "Lin", "Diana", "F"),
    (1102, "McCaffrey", "Therese", "F"),
    (1103, "Moore", "Laura", "F"),
    (1104, "Mouzakis", "Katie", "F"),
    (1105, "Murphy", "Joanna", "F"),
    (1106, "Orwick", "Briita", "F"),
    (1107, "Pfeiffer-Hoyt", "Megan", "F"),
    (1108, "Rasmussen", "Kirsten", "F"),
    (1109, "Ring", "Karen", "F"),
    (1110, "Sbordone", "Laura", "F"),
    (1111, "Shosky", "Shana", "F"),
    (1112, "Speroff", "Elena", "F"),
    (1113, "Squires", "Audrey", "F"),
    (1114, "Thompson", "March", "F"),
    (1115, "Tweto", "Ariel", "F"),
    (1116, "Vegh", "Olivia", "F"),
    (1117, "Walter", "Danielle", "F"),
    (1118, "Warren-Harris", "Whittney", "F"),
    (1119, "Weaver", "Jen", "F"),
    (1120, "White", "Rachel", "F"),
    (1121, "Zimmerman", "Elizabeth", "F"),
    (1122, "Adams", "Bethany", "F"),
    (1123, "Anderson", "Amy", "F"),
    (1124, "Beach", "Jessica", "F"),
    (1125, "Berdahl", "Chelsea", "F"),
    (1126, "Biersdorf", "Rand", "F"),
    (1127, "Breeden", "Katherine", "F"),
    (1128, "Brett", "Katrina", "F"),
    (1129, "Carroll", "Rachel", "F"),
    (1130, "Croall", "Caitlin", "F"),
    (1131, "Drallos-Kopecky", "Sarah", "F"),
    (1132, "Giffey-Brohaugh", "Rachel", "F"),
    (1133, "Hartig", "Miriam", "F"),
    (1134, "Haynes", "Katy", "F"),
    (1135, "Heine", "Sarah", "F"),
    (1136, "Hendricks", "Carina", "F"),
    (1137, "Higa", "Kelly", "F"),
    (1138, "Hultine", "Hannah", "F"),
    (1139, "Hurd", "Emily", "F"),
    (1140, "Jaeger", "Carolyn", "F"),
    (1141, "Jenks", "Jocelyn", "F"),
    (1142, "Killam", "Carly", "F"),
    (1143, "Latimer", "Stephanie", "F"),
    (1144, "Luna", "Araceli", "F"),
    (1145, "Lynch", "Meaghan", "F"),
    (1146, "Margolin", "Katerina", "F"),
    (1147, "McDonald", "Lauren", "F"),
    (1148, "McGlaughlin", "Elaine", "F"),
    (1149, "McLain", "Anna", "F"),
    (1150, "Newth", "Shannon", "F"),
    (1151, "Ostermick", "Melissa", "F"),
    (1152, "Phillips", "Amanda", "F"),
    (1153, "Phillips", "Kate", "F"),
    (1154, "Poland", "Ashley", "F"),
    (1155, "Roberts", "Liana", "F"),
    (1156, "Rowe", "Alli", "F"),
    (1157, "Scheuermann", "Margaret", "F"),
    (1158, "Stepan", "Casey", "F"),
    (1159, "Stokes", "Sarah", "F"),
    (1160, "Sweaney", "Christy", "F"),
    (1161, "Tateishi", "Caitlyn", "F"),
    (1162, "Taylor", "Lisa", "F"),
    (1163, "Thomsen", "Karissa", "F"),
    (1164, "Torlakson", "Tamara", "F"),
    (1165, "Tyack", "Julia", "F"),
    (1166, "Ward", "Colleen", "F"),
    (1167, "Wilcox", "Lael", "F"),
    (1168, "Zaranek", "Megan", "F"),
    (1169, "Zerzan", "Sarah", "F"),
    (1170, "Allen", "Risa", "F"),
    (1171, "Ansari", "Laura", "F"),
    (1172, "Bassett", "Maddy", "F"),
    (1173, "Brisbois", "Brooke", "F"),
    (1174, "Brook", "Heather", "F"),
    (1175, "Burdekin", "Kathryn", "F"),
    (1176, "Carleton", "Tamma", "F"),
    (1177, "Clancy", "Amanda", "F"),
    (1178, "Coe-Smith", "Sage", "F"),
    (1179, "Coffman", "Maddie", "F"),
    (1180, "Craig", "Brianna", "F"),
    (1181, "Deforge", "Kelsey", "F"),
    (1182, "DeHaas", "Amanda", "F"),
    (1183, "Devot", "Jacqueline", "F"),
    (1184, "Dornfeld", "Erika", "F"),
    (1185, "Durflinger", "Adriana", "F"),
    (1186, "Engle", "Mara", "F"),
    (1187, "Fassio", "Claire", "F"),
    (1188, "Ford", "Rebecca", "F"),
    (1189, "Franco", "Roxanne", "F"),
    (1190, "Freed", "Allie", "F"),
    (1191, "Harris", "Kathleen", "F"),
    (1192, "Harteloo", "Michelle", "F"),
    (1193, "Hegg", "Michele", "F"),
    (1194, "Henderson", "Kendra", "F"),
    (1195, "Henderson", "Kim", "F"),
    (1196, "Henderson", "Kimberly", "F"),
    (1197, "Hodgson", "Brittany", "F"),
    (1198, "Johnson", "Katie", "F"),
    (1199, "Kanda", "Michelle", "F"),
    (1200, "Kelly", "Avery", "F"),
    (1201, "Keylon", "Rachel", "F"),
    (1202, "Kieselhorst", "Madeline", "F"),
    (1203, "Kjeldgaard", "Alison", "F"),
    (1204, "Klauder", "Jasmine", "F"),
    (1205, "Kroencke", "Rachel", "F"),
    (1206, "Laurence", "Angie", "F"),
    (1207, "Lowrey", "Megan", "F"),
    (1208, "Maki", "Ali", "F"),
    (1209, "Martin", "Rachael", "F"),
    (1210, "Martinez", "Sandra", "F"),
    (1211, "Medina", "Jessica", "F"),
    (1212, "Melrose", "Stephanie", "F"),
    (1213, "Mensonides", "Lisa", "F"),
    (1214, "Miller", "Lexie", "F"),
    (1215, "Mohr-Felsen", "Ariane", "F"),
    (1216, "Nathanson", "Nicole", "F"),
    (1217, "Newton", "Brandy", "F"),
    (1218, "Nunnink", "Brittany", "F"),
    (1219, "Olsen", "Chelsea", "F"),
    (1220, "Orme", "Devon", "F"),
    (1221, "Owens", "Kelsey", "F"),
    (1222, "Patterson", "Rachel", "F"),
    (1223, "Poblet", "Ana", "F"),
    (1224, "Pogue", "Alex", "F"),
    (1225, "Polanco", "Edith", "F"),
    (1226, "Records", "Lindsay", "F"),
    (1227, "Reinhold", "Erica", "F"),
    (1228, "Ross", "Evelyn", "F"),
    (1229, "Santos", "Amanda", "F"),
    (1230, "Scharfen", "Anna", "F"),
    (1231, "Schroeder", "Betsy", "F"),
    (1232, "Schroeder", "Erin", "F"),
    (1233, "Schroeder", "Jessica", "F"),
    (1234, "Serrato", "Evelyn", "F"),
    (1235, "Sharratt", "Ashley", "F"),
    (1236, "Smith", "Kitty", "F"),
    (1237, "Smith", "Tamika", "F"),
    (1238, "Stein", "Rachel", "F"),
    (1239, "Stevens", "Cori", "F"),
    (1240, "Taggart", "Fiona", "F"),
    (1241, "Takashima", "Beckie", "F"),
    (1242, "VanSteenberghe", "Mary", "F"),
    (1243, "Winger", "Jena", "F"),
    (1244, "Aitchison", "Kate", "F"),
    (1245, "Alvarez", "Camila", "F"),
    (1246, "Armstead-Williams", "Veronica", "F"),
    (1247, "Aronson-Ensign", "Katherine", "F"),
    (1248, "Beckerman", "Laurie", "F"),
    (1249, "Belyi", "Maria", "F"),
    (1250, "Berry", "Rachel", "F"),
    (1251, "Bhardwaj", "Sheila", "F"),
    (1252, "Bloemsma", "Katrina", "F"),
    (1253, "Bowman", "Onesa", "F"),
    (1254, "Bowman-Williams", "Onesa", "F"),
    (1255, "Briggs", "Hilary", "F"),
    (1256, "Brinson", "Annie", "F"),
    (1257, "Brum", "Kaitlyn", "F"),
    (1258, "Bush", "Megan", "F"),
    (1259, "Castaneda", "Felisia", "F"),
    (1260, "Ceronsky", "Kate", "F"),
    (1261, "Chan", "Christine", "F"),
    (1262, "Chapman", "Amy", "F"),
    (1263, "Chen", "Bettina", "F"),
    (1264, "Choate", "Kathryn", "F"),
    (1265, "Colis", "Yasmeen", "F"),
    (1266, "Corcorran", "Frances", "F"),
    (1267, "Corcorran", "Michela", "F"),
    (1268, "Craig", "Nichole", "F"),
    (1269, "Danila", "Anna", "F"),
    (1270, "Davis", "Raeann", "F"),
    (1271, "Delano", "Cassy", "F"),
    (1272, "Easterly", "Sami", "F"),
    (1273, "Farage", "Melissa", "F"),
    (1274, "Fix", "Kirsten", "F"),
    (1275, "Framnes", "Kjersti", "F"),
    (1276, "Freese", "Alicia", "F"),
    (1277, "Friesen", "Bethany", "F"),
    (1278, "Fuentes", "Stephanie", "F"),
    (1279, "Garel", "Ali", "F"),
    (1280, "Gheta", "Randi", "F"),
    (1281, "Goodrich", "Gillian", "F"),
    (1282, "Haag", "Rose", "F"),
    (1283, "Hacmac", "Rachelle", "F"),
    (1284, "Hagen-Lillevik", "Synneva", "F"),
    (1285, "Haislet", "Rachel", "F"),
    (1286, "Halsey", "Denali", "F"),
    (1287, "Hildebrand", "Kaitlin", "F"),
    (1288, "Hume", "Janet", "F"),
    (1289, "Hunter", "Helen", "F"),
    (1290, "Irwin", "Allison", "F"),
    (1291, "Jones", "Jacqueline", "F"),
    (1292, "Kelsey", "Emma", "F"),
    (1293, "Khalitova", "Alla", "F"),
    (1294, "Kirk", "Danielle", "F"),
    (1295, "Klimek", "Marci", "F"),
    (1296, "Kostandova", "Natalya", "F"),
    (1297, "Krzywicki", "Ania", "F"),
    (1298, "Lakehomer", "Hannah", "F"),
    (1299, "Lee", "Samantha", "F"),
    (1300, "Lewis", "Molly", "F"),
    (1301, "Lokar", "Brittany", "F"),
    (1302, "Long", "Dana", "F"),
    (1303, "Luck", "Kelly", "F"),
    (1304, "Mally", "Brittany", "F"),
    (1305, "Mayer", "Joanne", "F"),
    (1306, "McCune", "Sara", "F"),
    (1307, "McGinnis", "Kathleen", "F"),
    (1308, "Mendoza", "Breona", "F"),
    (1309, "Mera", "Stephanie", "F"),
    (1310, "Meyers", "Zoe", "F"),
    (1311, "Mitchell", "Bridgett", "F"),
    (1312, "Mittermiller", "Laurie", "F"),
    (1313, "Morehouse", "Emily", "F"),
    (1314, "Mouat", "Lauren", "F"),
    (1315, "Munoz", "Mallorie", "F"),
    (1316, "O'Hern", "Jamie", "F"),
    (1317, "O'Moore", "Heather", "F"),
    (1318, "Oldewage", "Carolyn", "F"),
    (1319, "Page", "Elise", "F"),
    (1320, "Palmer", "Hannah", "F"),
    (1321, "Partida", "Darlene", "F"),
    (1322, "Patel", "Tina", "F"),
    (1323, "Patterson", "Erin", "F"),
    (1324, "Peck", "Grace", "F"),
    (1325, "Pitton", "Andrea", "F"),
    (1326, "Ridling", "Lauren", "F"),
    (1327, "Rodriguez", "Emily", "F"),
    (1328, "Rooper", "Laura", "F"),
    (1329, "Rueschenberg", "Alyssa", "F"),
    (1330, "Ryan", "Claire", "F"),
    (1331, "Sakamoto", "Candace", "F"),
    (1332, "Santroch", "Kristin", "F"),
    (1333, "Sargent", "Christine", "F"),
    (1334, "Seibert", "Amanda", "F"),
    (1335, "Shrum", "Tiffany", "F"),
    (1336, "Siebert", "Amanda", "F"),
    (1337, "Simpson", "Ali", "F"),
    (1338, "Snyder", "Chelsea", "F"),
    (1339, "Sommers", "Natasha", "F"),
    (1340, "Stalzer", "Ashley", "F"),
    (1341, "Steele", "Jacqueline", "F"),
    (1342, "Stock", "Katie", "F"),
    (1343, "Tang", "Jumy", "F"),
    (1344, "Thomas", "Laura", "F"),
    (1345, "Timmer", "Emily", "F"),
    (1346, "Tolle", "Laura", "F"),
    (1347, "Trowbridge", "Charlotte", "F"),
    (1348, "Turner", "Wendy", "F"),
    (1349, "Velez", "Mayachela", "F"),
    (1350, "Vietmeier", "Hannah", "F"),
    (1351, "Wade", "Lila", "F"),
    (1352, "Weissman", "Maddie", "F"),
    (1353, "Widgren", "Heather", "F"),
    (1354, "Yost", "Morgan", "F"),
    (1355, "Anderson", "Ashley", "F"),
    (1356, "Anderson", "Kirsten", "F"),
    (1357, "Attwood", "Candace", "F"),
    (1358, "Ballinger", "Kristen", "F"),
    (1359, "Belanger", "Wendy", "F"),
    (1360, "Bell", "Adrienne", "F"),
    (1361, "Bixby", "Mei-Lani", "F"),
    (1362, "Black", "Gabby", "F"),
    (1363, "Blackshear", "Amber", "F"),
    (1364, "Blazys", "Brigitte", "F"),
    (1365, "Breski", "Danielle", "F"),
    (1366, "Brieger", "Kate", "F"),
    (1367, "Campbell", "Raven", "F"),
    (1368, "Chaipornkaew", "Best", "F"),
    (1369, "Chia", "Justine", "F"),
    (1370, "Choi", "Elaine", "F"),
    (1371, "Chory", "Kayla", "F"),
    (1372, "Clahassey", "Lynn", "F"),
    (1373, "Considine", "Perrin", "F"),
    (1374, "Curry", "Sarah", "F"),
    (1375, "Denekas", "Jenni", "F"),
    (1376, "Dickerson", "Camille", "F"),
    (1377, "Duffy", "Anna", "F"),
    (1378, "Flanary", "Nicole", "F"),
    (1379, "Fleming", "Nicole", "F"),
    (1380, "Fowler", "Natalie", "F"),
    (1381, "Freitas", "Jillian", "F"),
    (1382, "Gebhardt", "Kerry", "F"),
    (1383, "Gerstenberger", "Carol", "F"),
    (1384, "Giovannitti", "Julia", "F"),
    (1385, "Gogert", "Corrine", "F"),
    (1386, "Golan", "Maureen", "F"),
    (1387, "Grime", "Riley", "F"),
    (1388, "Griswold", "Kassandra", "F"),
    (1389, "Harris", "Devenie", "F"),
    (1390, "Hazlehurst", "Marnie", "F"),
    (1391, "Henderson", "Liesl", "F"),
    (1392, "Herzog", "Chelsea", "F"),
    (1393, "Horgan", "Michelle", "F"),
    (1394, "Horning", "Megan", "F"),
    (1395, "Hostetter", "Stacy", "F"),
    (1396, "Hughes-Stinson", "Anja", "F"),
    (1397, "Kennedy", "Kendra", "F"),
    (1398, "Kinder", "Holly", "F"),
    (1399, "Kohnen", "Taya", "F"),
    (1400, "Last", "Meesha", "F"),
    (1401, "Lebel", "Katie", "F"),
    (1402, "Mattox", "Kimber", "F"),
    (1403, "Mayer", "Heather", "F"),
    (1404, "McGee", "Molly", "F"),
    (1405, "Mena", "Jessica", "F"),
    (1406, "Menkel-Lawrence", "Cat", "F"),
    (1407, "Minor", "Megan", "F"),
    (1408, "Misterek", "Dana", "F"),
    (1409, "Momany", "Chelsea", "F"),
    (1410, "Moore", "Kirsten", "F"),
    (1411, "Munoz", "Diana", "F"),
    (1412, "Murphy", "Mikayla", "F"),
    (1413, "Myers", "Kelsey", "F"),
    (1414, "Nanbara", "Malia", "F"),
    (1415, "Nelson", "Whitney", "F"),
    (1416, "Nevin", "Caitlin", "F"),
    (1417, "Ngai", "Lydia", "F"),
    (1418, "Nolan", "Kayla", "F"),
    (1419, "Ostenaa", "Kelsey", "F"),
    (1420, "Ostrinski", "Katherine", "F"),
    (1421, "Padilla", "Tessa", "F"),
    (1422, "Page", "Pilar", "F"),
    (1423, "Patrick", "Kenna", "F"),
    (1424, "Pond", "Alexandra", "F"),
    (1425, "Porter-Smith", "Andrea", "F"),
    (1426, "Price", "Jessica", "F"),
    (1427, "Price", "Sedona", "F"),
    (1428, "Rafter", "Kate", "F"),
    (1429, "Renfrew", "Sara", "F"),
    (1430, "Reynolds", "Meghan", "F"),
    (1431, "Rice", "Nadine", "F"),
    (1432, "Ritchie", "Adrienne", "F"),
    (1433, "Rozar", "Janna", "F"),
    (1434, "Schoenfelder", "Meghan", "F"),
    (1435, "Scott", "Ashley", "F"),
    (1436, "Shangraw", "Sarah", "F"),
    (1437, "Smiley", "Samantha", "F"),
    (1438, "Smiley", "Taylor", "F"),
    (1439, "Snawder", "Erika", "F"),
    (1440, "Spinks", "Rosie", "F"),
    (1441, "Stanley", "Lauren", "F"),
    (1442, "Stiers", "Hailey", "F"),
    (1443, "Still", "Emilie", "F"),
    (1444, "Struthers", "Hillary", "F"),
    (1445, "Strutz", "Bethany", "F"),
    (1446, "Szwaja", "Kathryn", "F"),
    (1447, "Thompson", "Rose", "F"),
    (1448, "Toth", "Cynthia", "F"),
    (1449, "Tur", "Louisa", "F"),
    (1450, "Turner", "Tonya", "F"),
    (1451, "Walker", "Hayley", "F"),
    (1452, "Williams", "Kathryn", "F"),
    (1453, "Wolfe", "Mary", "F"),
    (1454, "Wrightman", "Sara", "F"),
    (1455, "Wuerth", "Stephanie", "F"),
    (1456, "Wuest", "Mary", "F"),
    (1457, "Zhen", "Qinren", "F"),
    (1458, "Adams", "Rebecca", "F"),
    (1459, "Aguilar", "Eva", "F"),
    (1460, "Barnard", "Lauren", "F"),
    (1461, "Basham", "Amanda", "F"),
    (1462, "Bennett", "Kathleen", "F"),
    (1463, "Blakney", "Rebekah", "F"),
    (1464, "Bush", "Isabel", "F"),
    (1465, "Cain", "Jennifer", "F"),
    (1466, "Calabaza", "Tiffany", "F"),
    (1467, "Callaway", "Michele", "F"),
    (1468, "Castillo", "Micaela", "F"),
    (1469, "Cavanagh", "Katie", "F"),
    (1470, "Chestler", "Shelley", "F"),
    (1471, "Chun", "Jennifer", "F"),
    (1472, "Clark", "Olivia", "F"),
    (1473, "Conwill", "Laura", "F"),
    (1474, "Coomber", "Caitlin", "F"),
    (1475, "Cordes", "Amanda", "F"),
    (1476, "Courtain", "Samantha", "F"),
    (1477, "Croall", "Kelsey", "F"),
    (1478, "Cutter", "Margot", "F"),
    (1479, "Dalton", "Anna", "F"),
    (1480, "Daniel", "Claire", "F"),
    (1481, "Davis", "Stefanie", "F"),
    (1482, "Delwiche", "Kristen", "F"),
    (1483, "Deutsch", "Breanna", "F"),
    (1484, "Dornbush", "Eliza", "F"),
    (1485, "Edwards", "Anna", "F"),
    (1486, "Eland", "Kayla", "F"),
    (1487, "Eng", "Clara", "F"),
    (1488, "Evans", "Eleanor", "F"),
    (1489, "Evans", "Nika", "F"),
    (1490, "Falk", "Hayley", "F"),
    (1491, "Farley", "Jennifer", "F"),
    (1492, "Ferguson", "Carly", "F"),
    (1493, "Finder", "Sarah", "F"),
    (1494, "Ford", "Rebecca", "F"),
    (1495, "Garrett", "Krista", "F"),
    (1496, "Garton", "Kelly", "F"),
    (1497, "Gebert", "Katherine", "F"),
    (1498, "George", "Gretchen", "F"),
    (1499, "Gillespie", "Cara", "F"),
    (1500, "Gomez", "Sara", "F"),
    (1501, "Goodwin", "Laura", "F"),
    (1502, "Gray", "Mikayla", "F"),
    (1503, "Greene", "Kaitlin", "F"),
    (1504, "Gushue", "Alison", "F"),
    (1505, "Haberstroh", "Hannah", "F"),
    (1506, "Harkins", "Maggie", "F"),
    (1507, "Hernandez", "Angelica", "F"),
    (1508, "Hilles", "Emory", "F"),
    (1509, "Hoyt", "Anne", "F"),
    (1510, "Huisinga", "Mollee", "F"),
    (1511, "Hurster", "Megan", "F"),
    (1512, "Innes", "Corinne", "F"),
    (1513, "Ivsin", "Georgia", "F"),
    (1514, "Jensen", "Kelly", "F"),
    (1515, "Johnson", "Erica", "F"),
    (1516, "Jones", "Jennifer", "F"),
    (1517, "Kahovec", "Toccoa", "F"),
    (1518, "Kats", "Ilona", "F"),
    (1519, "Kawana", "Melissa", "F"),
    (1520, "Keudell", "Brooke", "F"),
    (1521, "Kiely", "Christine", "F"),
    (1522, "Kristovich", "Melissa", "F"),
    (1523, "Kuschel", "Jillian", "F"),
    (1524, "Larkin", "Erin", "F"),
    (1525, "Larson", "Claire", "F"),
    (1526, "Leiken", "Andrea", "F"),
    (1527, "Levy", "Sara", "F"),
    (1528, "Litherland", "Molly", "F"),
    (1529, "Litts", "Shauna", "F"),
    (1530, "Madden", "Erin", "F"),
    (1531, "Magallanes", "Bernadette", "F"),
    (1532, "Marquez", "Krista", "F"),
    (1533, "McCarthy", "Emily", "F"),
    (1534, "McConnell", "Hannah", "F"),
    (1535, "McLean", "Lacey", "F"),
    (1536, "McManus", "Maggie", "F"),
    (1537, "McSweeney", "Sarah", "F"),
    (1538, "Mohler", "Sadie", "F"),
    (1539, "Monahan", "Cathy", "F"),
    (1540, "Mullins", "Jennifer", "F"),
    (1541, "Nadar", "Devin", "F"),
    (1542, "Nordestgaard", "Ida", "F"),
    (1543, "Ohaus", "Hannelore", "F"),
    (1544, "Oleksa", "Alayna", "F"),
    (1545, "Orona", "Susan", "F"),
    (1546, "Peaden", "Brooke", "F"),
    (1547, "Peaden", "Shanna", "F"),
    (1548, "Pennucci", "Sarah", "F"),
    (1549, "Peterson", "Kira", "F"),
    (1550, "Raftery", "Jillian", "F"),
    (1551, "Raspa", "Nina", "F"),
    (1552, "Rawding", "Breanna", "F"),
    (1553, "Reed", "Abby", "F"),
    (1554, "Rigby", "Julia", "F"),
    (1555, "Rivas-Guillen", "Jennifer", "F"),
    (1556, "Rogers", "Kristina", "F"),
    (1557, "Rubin", "Emily", "F"),
    (1558, "Ruvalcaba", "Adilene", "F"),
    (1559, "Saleski", "Tatyana", "F"),
    (1560, "Schultze", "Kathleen", "F"),
    (1561, "Shea", "Kathleen", "F"),
    (1562, "Shields", "Kelsey", "F"),
    (1563, "Sholes", "Sara", "F"),
    (1564, "Slingluff", "Jamie", "F"),
    (1565, "Smith", "Heather", "F"),
    (1566, "Spartas", "Elizabeth", "F"),
    (1567, "Stevens", "Mary", "F"),
    (1568, "Stiever", "Bailey", "F"),
    (1569, "Stocker", "Bernadette", "F"),
    (1570, "Strutz", "Mary", "F"),
    (1571, "Sullivan", "Sylvia", "F"),
    (1572, "Tave", "Jennifer", "F"),
    (1573, "Teevens", "Alexa", "F"),
    (1574, "Thomas", "Lindsey", "F"),
    (1575, "Thompson", "Rebecca", "F"),
    (1576, "Tillery", "Carly", "F"),
    (1577, "Vaughn", "Kasey", "F"),
    (1578, "Venable", "Sally", "F"),
    (1579, "Weber", "Lillian", "F"),
    (1580, "Whalen", "Meghan", "F"),
    (1581, "Wilhelm", "Fiona", "F"),
    (1582, "Wolfe", "Kaitlin", "F"),
    (1583, "Wray", "Candace", "F"),
    (1584, "Baker", "Sydney", "F"),
    (1585, "Baron", "Claire", "F"),
    (1586, "Batdorf", "Emily", "F"),
    (1587, "Becich", "Nicole", "F"),
    (1588, "Bollen", "Natalie", "F"),
    (1589, "Boroughs", "Jill", "F"),
    (1590, "Brusewitz", "Hayley", "F"),
    (1591, "Budaeva", "Nina", "F"),
    (1592, "Camberos", "Guadalupe", "F"),
    (1593, "Carlton", "Lauren", "F"),
    (1594, "Conrad", "Rachel", "F"),
    (1595, "Conteras", "Jennifer", "F"),
    (1596, "Contreras", "Jennifer", "F"),
    (1597, "Cook", "Roxanne", "F"),
    (1598, "Cortina", "Marilyn", "F"),
    (1599, "Crawford", "Kate", "F"),
    (1600, "Cruz", "Evelyn", "F"),
    (1601, "Cruz", "Gabriela", "F"),
    (1602, "Davis", "Lauren", "F"),
    (1603, "Dennis", "Ann", "F"),
    (1604, "Dodd", "Gabriella", "F"),
    (1605, "Dress", "Jessie", "F"),
    (1606, "Drews", "Jessica", "F"),
    (1607, "Dupuy", "Deanna", "F"),
    (1608, "Echsner", "Sarah", "F"),
    (1609, "Edler", "Jeanette", "F"),
    (1610, "Edwards", "Theresa", "F"),
    (1611, "Evenson", "Emilie", "F"),
    (1612, "Farrell", "Megan", "F"),
    (1613, "Foster", "Olivia", "F"),
    (1614, "Franklin", "Jilinda", "F"),
    (1615, "Gilbert", "Emilie", "F"),
    (1616, "Gilbert", "Katri", "F"),
    (1617, "Gildehaus", "Stevie", "F"),
    (1618, "Griego", "Carla", "F"),
    (1619, "Harmon", "Lydia", "F"),
    (1620, "Harreschou", "Julia", "F"),
    (1621, "Hartzell", "Monica", "F"),
    (1622, "Heath", "Kayla", "F"),
    (1623, "Hendricks", "Katherine", "F"),
    (1624, "Hofgaard", "Caroline", "F"),
    (1625, "Hogue", "Marnie", "F"),
    (1626, "Honda", "Courtney", "F"),
    (1627, "Huang", "Yifei", "F"),
    (1628, "Keith", "Carrie", "F"),
    (1629, "Kristedja", "Amanda", "F"),
    (1630, "Landefeld", "Sally", "F"),
    (1631, "Lang", "Megan", "F"),
    (1632, "Laubacher", "Claire", "F"),
    (1633, "Lydens", "Anne", "F"),
    (1634, "Lynch", "Molly", "F"),
    (1635, "Mayer", "Hailey", "F"),
    (1636, "McCarty", "Shannon", "F"),
    (1637, "McDade", "Sarah", "F"),
    (1638, "Mendelsohn", "Lori", "F"),
    (1639, "Mering", "Ellen", "F"),
    (1640, "Merritt", "Phoebe", "F"),
    (1641, "Meyer", "Jessica", "F"),
    (1642, "Moore", "Rachel", "F"),
    (1643, "Nee", "Emily", "F"),
    (1644, "Nees", "Rosika", "F"),
    (1645, "Northcott", "Celeste", "F"),
    (1646, "Olsen", "Suzy", "F"),
    (1647, "Oviatt", "Mia", "F"),
    (1648, "Pardo-Olmos", "Ramona", "F"),
    (1649, "Parsons", "Rebecca", "F"),
    (1650, "Pilato", "Melissa", "F"),
    (1651, "Possman", "Kayla", "F"),
    (1652, "Prado-Olmos", "Ramona", "F"),
    (1653, "Prang", "Kelly", "F"),
    (1654, "Quintanilla", "Gabriela", "F"),
    (1655, "Rebol", "Erynn", "F"),
    (1656, "Reese", "Kaitlin", "F"),
    (1657, "Reiterman", "Lauren", "F"),
    (1658, "Rice", "Addison", "F"),
    (1659, "Robertson", "Elena", "F"),
    (1660, "Rose", "Sydney", "F"),
    (1661, "Rose-Witt", "Chiara", "F"),
    (1662, "Rosenthal", "Jessica", "F"),
    (1663, "Roumell", "Nina", "F"),
    (1664, "Saxena", "Tara", "F"),
    (1665, "Schaffer", "Kendra", "F"),
    (1666, "Schoder", "Lizzie", "F"),
    (1667, "Seibert", "Rachel", "F"),
    (1668, "Shufeldt", "Joy", "F"),
    (1669, "Sivaji", "Vainayaki", "F"),
    (1670, "Smith", "Lauresa", "F"),
    (1671, "Smith", "Madison", "F"),
    (1672, "Spurling", "Heather", "F"),
    (1673, "Steffey", "Hannah", "F"),
    (1674, "Tamanaha", "Amanda", "F"),
    (1675, "Thomas", "Emily", "F"),
    (1676, "Thompson", "Seana", "F"),
    (1677, "Till", "Alisha", "F"),
    (1678, "Tribelhorn", "Rebecca", "F"),
    (1679, "Turner", "Kayley", "F"),
    (1680, "Ulloa", "Guadalupe", "F"),
    (1681, "Vanden Hoek", "Kelsey", "F"),
    (1682, "Verduzco", "Christine", "F"),
    (1683, "Vollmer", "Treva", "F"),
    (1684, "Wagner", "Naomi", "F"),
    (1685, "Wear", "Hannah", "F"),
    (1686, "Wyatt", "Laura", "F"),
    (1687, "Yoshida", "Elisa", "F"),
    (1688, "Zimmerling", "Aubrey", "F");
INSERT INTO college_enrollment_years
    (runner_id, enrollment_year)
    VALUES
    (125, 1996),
    (126, 1996),
    (127, 1996),
    (128, 1996),
    (129, 1996),
    (130, 1996),
    (131, 1997),
    (132, 1997),
    (133, 1997),
    (134, 1997),
    (135, 1997),
    (136, 1997),
    (137, 1997),
    (138, 1997),
    (139, 1997),
    (140, 1997),
    (141, 1997),
    (142, 1997),
    (143, 1997),
    (144, 1997),
    (145, 1997),
    (146, 1997),
    (147, 1997),
    (148, 1997),
    (149, 1997),
    (150, 1997),
    (151, 1997),
    (152, 1997),
    (153, 1998),
    (154, 1998),
    (155, 1998),
    (156, 1998),
    (157, 1998),
    (158, 1998),
    (159, 1998),
    (160, 1998),
    (161, 1998),
    (162, 1998),
    (163, 1998),
    (164, 1998),
    (165, 1998),
    (166, 1998),
    (167, 1998),
    (168, 1998),
    (169, 1998),
    (170, 1998),
    (171, 1998),
    (172, 1998),
    (173, 1998),
    (174, 1998),
    (175, 1998),
    (176, 1998),
    (177, 1998),
    (178, 1998),
    (179, 1998),
    (180, 1998),
    (181, 1998),
    (182, 1998),
    (183, 1998),
    (184, 1998),
    (185, 1998),
    (186, 1998),
    (187, 1999),
    (188, 1999),
    (189, 1999),
    (190, 1999),
    (191, 1999),
    (192, 1999),
    (193, 1999),
    (194, 1999),
    (195, 1999),
    (196, 1999),
    (197, 1999),
    (198, 1999),
    (199, 1999),
    (200, 1999),
    (201, 1999),
    (202, 1999),
    (203, 1999),
    (204, 1999),
    (205, 1999),
    (206, 1999),
    (207, 1999),
    (208, 1999),
    (209, 1999),
    (210, 1999),
    (211, 1999),
    (212, 1999),
    (213, 1999),
    (214, 1999),
    (215, 1999),
    (216, 1999),
    (217, 1999),
    (218, 1999),
    (219, 1999),
    (220, 1999),
    (221, 1999),
    (222, 1999),
    (223, 1999),
    (224, 1999),
    (225, 1999),
    (226, 1999),
    (227, 1999),
    (228, 2000),
    (229, 2000),
    (230, 2000),
    (231, 2000),
    (232, 2000),
    (233, 2000),
    (234, 2000),
    (235, 2000),
    (236, 2000),
    (237, 2000),
    (238, 2000),
    (239, 2000),
    (240, 2000),
    (241, 2000),
    (242, 2000),
    (243, 2000),
    (244, 2000),
    (245, 2000),
    (246, 2000),
    (247, 2000),
    (248, 2000),
    (249, 2000),
    (250, 2000),
    (251, 2000),
    (252, 2000),
    (253, 2000),
    (254, 2000),
    (255, 2000),
    (256, 2000),
    (257, 2000),
    (258, 2000),
    (259, 2000),
    (260, 2000),
    (261, 2000),
    (262, 2000),
    (263, 2000),
    (264, 2000),
    (265, 2000),
    (266, 2000),
    (267, 2000),
    (268, 2000),
    (269, 2000),
    (270, 2000),
    (271, 2000),
    (272, 2000),
    (273, 2000),
    (274, 2000),
    (275, 2000),
    (276, 2000),
    (277, 2000),
    (278, 2000),
    (279, 2000),
    (280, 2000),
    (281, 2000),
    (282, 2000),
    (283, 2000),
    (284, 2000),
    (285, 2000),
    (286, 2000),
    (287, 2000),
    (288, 2000),
    (289, 2001),
    (290, 2001),
    (291, 2001),
    (292, 2001),
    (293, 2001),
    (294, 2001),
    (295, 2001),
    (296, 2001),
    (297, 2001),
    (298, 2001),
    (299, 2001),
    (300, 2001),
    (301, 2001),
    (302, 2001),
    (303, 2001),
    (304, 2001),
    (305, 2001),
    (306, 2001),
    (307, 2001),
    (308, 2001),
    (309, 2001),
    (310, 2001),
    (311, 2001),
    (312, 2001),
    (313, 2001),
    (314, 2001),
    (315, 2001),
    (316, 2001),
    (317, 2001),
    (318, 2001),
    (319, 2001),
    (320, 2001),
    (321, 2001),
    (322, 2001),
    (323, 2001),
    (324, 2001),
    (325, 2001),
    (326, 2001),
    (327, 2001),
    (328, 2001),
    (329, 2001),
    (330, 2001),
    (331, 2001),
    (332, 2001),
    (333, 2001),
    (334, 2001),
    (335, 2001),
    (336, 2001),
    (337, 2001),
    (338, 2001),
    (339, 2001),
    (340, 2001),
    (341, 2001),
    (342, 2001),
    (343, 2001),
    (344, 2002),
    (345, 2002),
    (346, 2002),
    (347, 2002),
    (348, 2002),
    (349, 2002),
    (350, 2002),
    (351, 2002),
    (352, 2002),
    (353, 2002),
    (354, 2002),
    (355, 2002),
    (356, 2002),
    (357, 2002),
    (358, 2002),
    (359, 2002),
    (360, 2002),
    (361, 2002),
    (362, 2002),
    (363, 2002),
    (364, 2002),
    (365, 2002),
    (366, 2002),
    (367, 2002),
    (368, 2002),
    (369, 2002),
    (370, 2002),
    (371, 2002),
    (372, 2002),
    (373, 2002),
    (374, 2002),
    (375, 2002),
    (376, 2002),
    (377, 2002),
    (378, 2002),
    (379, 2002),
    (380, 2002),
    (381, 2002),
    (382, 2002),
    (383, 2002),
    (384, 2002),
    (385, 2002),
    (386, 2002),
    (387, 2002),
    (388, 2002),
    (389, 2002),
    (390, 2002),
    (391, 2002),
    (392, 2002),
    (393, 2002),
    (394, 2002),
    (395, 2002),
    (396, 2002),
    (397, 2002),
    (398, 2002),
    (399, 2002),
    (400, 2002),
    (401, 2002),
    (402, 2002),
    (403, 2003),
    (404, 2003),
    (405, 2003),
    (406, 2003),
    (407, 2003),
    (408, 2003),
    (409, 2003),
    (410, 2003),
    (411, 2003),
    (412, 2003),
    (413, 2003),
    (414, 2003),
    (415, 2003),
    (416, 2003),
    (417, 2003),
    (418, 2003),
    (419, 2003),
    (420, 2003),
    (421, 2003),
    (422, 2003),
    (423, 2003),
    (424, 2003),
    (425, 2003),
    (426, 2003),
    (427, 2003),
    (428, 2003),
    (429, 2003),
    (430, 2003),
    (431, 2003),
    (432, 2003),
    (433, 2003),
    (434, 2003),
    (435, 2003),
    (436, 2003),
    (437, 2003),
    (438, 2003),
    (439, 2003),
    (440, 2003),
    (441, 2003),
    (442, 2003),
    (443, 2003),
    (444, 2003),
    (445, 2003),
    (446, 2003),
    (447, 2003),
    (448, 2003),
    (449, 2003),
    (450, 2003),
    (451, 2003),
    (452, 2003),
    (453, 2003),
    (454, 2003),
    (455, 2003),
    (456, 2003),
    (457, 2003),
    (458, 2003),
    (459, 2003),
    (460, 2003),
    (461, 2003),
    (462, 2003),
    (463, 2003),
    (464, 2003),
    (465, 2003),
    (466, 2003),
    (467, 2003),
    (468, 2003),
    (469, 2003),
    (470, 2003),
    (471, 2003),
    (472, 2003),
    (473, 2003),
    (474, 2003),
    (475, 2003),
    (476, 2003),
    (477, 2003),
    (478, 2003),
    (479, 2003),
    (480, 2003),
    (481, 2003),
    (482, 2003),
    (483, 2003),
    (484, 2003),
    (485, 2003),
    (486, 2003),
    (487, 2004),
    (488, 2004),
    (489, 2004),
    (490, 2004),
    (491, 2004),
    (492, 2004),
    (493, 2004),
    (494, 2004),
    (495, 2004),
    (496, 2004),
    (497, 2004),
    (498, 2004),
    (499, 2004),
    (500, 2004),
    (501, 2004),
    (502, 2004),
    (503, 2004),
    (504, 2004),
    (505, 2004),
    (506, 2004),
    (507, 2004),
    (508, 2004),
    (509, 2004),
    (510, 2004),
    (511, 2004),
    (512, 2004),
    (513, 2004),
    (514, 2004),
    (515, 2004),
    (516, 2004),
    (517, 2004),
    (518, 2004),
    (519, 2004),
    (520, 2004),
    (521, 2004),
    (522, 2004),
    (523, 2004),
    (524, 2004),
    (525, 2004),
    (526, 2004),
    (527, 2004),
    (528, 2004),
    (529, 2004),
    (530, 2004),
    (531, 2004),
    (532, 2004),
    (533, 2004),
    (534, 2004),
    (535, 2004),
    (536, 2004),
    (537, 2004),
    (538, 2004),
    (539, 2004),
    (540, 2004),
    (541, 2004),
    (542, 2004),
    (543, 2004),
    (544, 2004),
    (545, 2004),
    (546, 2004),
    (547, 2004),
    (548, 2004),
    (549, 2004),
    (550, 2004),
    (551, 2004),
    (552, 2004),
    (553, 2004),
    (554, 2004),
    (555, 2004),
    (556, 2004),
    (557, 2004),
    (558, 2004),
    (559, 2004),
    (560, 2004),
    (561, 2004),
    (562, 2004),
    (563, 2004),
    (564, 2004),
    (565, 2004),
    (566, 2004),
    (567, 2004),
    (568, 2004),
    (569, 2004),
    (570, 2004),
    (571, 2004),
    (572, 2004),
    (573, 2004),
    (574, 2004),
    (575, 2004),
    (576, 2005),
    (577, 2005),
    (578, 2005),
    (579, 2005),
    (580, 2005),
    (581, 2005),
    (582, 2005),
    (583, 2005),
    (584, 2005),
    (585, 2005),
    (586, 2005),
    (587, 2005),
    (588, 2005),
    (589, 2005),
    (590, 2005),
    (591, 2005),
    (592, 2005),
    (593, 2005),
    (594, 2005),
    (595, 2005),
    (596, 2005),
    (597, 2005),
    (598, 2005),
    (599, 2005),
    (600, 2005),
    (601, 2005),
    (602, 2005),
    (603, 2005),
    (604, 2005),
    (605, 2005),
    (606, 2005),
    (607, 2005),
    (608, 2005),
    (609, 2005),
    (610, 2005),
    (611, 2005),
    (612, 2005),
    (613, 2005),
    (614, 2005),
    (615, 2005),
    (616, 2005),
    (617, 2005),
    (618, 2005),
    (619, 2005),
    (620, 2005),
    (621, 2005),
    (622, 2005),
    (623, 2005),
    (624, 2005),
    (625, 2005),
    (626, 2005),
    (627, 2005),
    (628, 2005),
    (629, 2005),
    (630, 2005),
    (631, 2005),
    (632, 2005),
    (633, 2005),
    (634, 2005),
    (635, 2005),
    (636, 2005),
    (637, 2005),
    (638, 2005),
    (639, 2005),
    (640, 2005),
    (641, 2005),
    (642, 2005),
    (643, 2005),
    (644, 2005),
    (645, 2005),
    (646, 2005),
    (647, 2005),
    (648, 2005),
    (649, 2005),
    (650, 2005),
    (651, 2005),
    (652, 2005),
    (653, 2006),
    (654, 2006),
    (655, 2006),
    (656, 2006),
    (657, 2006),
    (658, 2006),
    (659, 2006),
    (660, 2006),
    (661, 2006),
    (662, 2006),
    (663, 2006),
    (664, 2006),
    (665, 2006),
    (666, 2006),
    (667, 2006),
    (668, 2006),
    (669, 2006),
    (670, 2006),
    (671, 2006),
    (672, 2006),
    (673, 2006),
    (674, 2006),
    (675, 2006),
    (676, 2006),
    (677, 2006),
    (678, 2006),
    (679, 2006),
    (680, 2006),
    (681, 2006),
    (682, 2006),
    (683, 2006),
    (684, 2006),
    (685, 2006),
    (686, 2006),
    (687, 2006),
    (688, 2006),
    (689, 2006),
    (690, 2006),
    (691, 2006),
    (692, 2006),
    (693, 2006),
    (694, 2006),
    (695, 2006),
    (696, 2006),
    (697, 2006),
    (698, 2006),
    (699, 2006),
    (700, 2006),
    (701, 2006),
    (702, 2006),
    (703, 2006),
    (704, 2006),
    (705, 2006),
    (706, 2006),
    (707, 2006),
    (708, 2006),
    (709, 2006),
    (710, 2006),
    (711, 2006),
    (712, 2006),
    (713, 2006),
    (714, 2006),
    (715, 2006),
    (716, 2006),
    (717, 2006),
    (718, 2006),
    (719, 2006),
    (720, 2006),
    (721, 2006),
    (722, 2006),
    (723, 2006),
    (724, 2006),
    (725, 2006),
    (726, 2006),
    (727, 2006),
    (728, 2006),
    (729, 2006),
    (730, 2006),
    (731, 2006),
    (732, 2006),
    (733, 2006),
    (734, 2006),
    (735, 2006),
    (736, 2006),
    (737, 2006),
    (738, 2006),
    (739, 2006),
    (740, 2007),
    (741, 2007),
    (742, 2007),
    (743, 2007),
    (744, 2007),
    (745, 2007),
    (746, 2007),
    (747, 2007),
    (748, 2007),
    (749, 2007),
    (750, 2007),
    (751, 2007),
    (752, 2007),
    (753, 2007),
    (754, 2007),
    (755, 2007),
    (756, 2007),
    (757, 2007),
    (758, 2007),
    (759, 2007),
    (760, 2007),
    (761, 2007),
    (762, 2007),
    (763, 2007),
    (764, 2007),
    (765, 2007),
    (766, 2007),
    (767, 2007),
    (768, 2007),
    (769, 2007),
    (770, 2007),
    (771, 2007),
    (772, 2007),
    (773, 2007),
    (774, 2007),
    (775, 2007),
    (776, 2007),
    (777, 2007),
    (778, 2007),
    (779, 2007),
    (780, 2007),
    (781, 2007),
    (782, 2007),
    (783, 2007),
    (784, 2007),
    (785, 2007),
    (786, 2007),
    (787, 2007),
    (788, 2007),
    (789, 2007),
    (790, 2007),
    (791, 2007),
    (792, 2007),
    (793, 2007),
    (794, 2007),
    (795, 2007),
    (796, 2007),
    (797, 2007),
    (798, 2007),
    (799, 2007),
    (800, 2007),
    (801, 2007),
    (802, 2007),
    (803, 2007),
    (804, 2007),
    (805, 2007),
    (806, 2007),
    (807, 2007),
    (808, 2007),
    (809, 2007),
    (810, 2007),
    (811, 2007),
    (812, 2007),
    (813, 2007),
    (814, 2007),
    (815, 2007),
    (816, 2007),
    (817, 2007),
    (818, 2007),
    (819, 2008),
    (820, 2008),
    (821, 2008),
    (822, 2008),
    (823, 2008),
    (824, 2008),
    (825, 2008),
    (826, 2008),
    (827, 2008),
    (828, 2008),
    (829, 2008),
    (830, 2008),
    (831, 2008),
    (832, 2008),
    (833, 2008),
    (834, 2008),
    (835, 2008),
    (836, 2008),
    (837, 2008),
    (838, 2008),
    (839, 2008),
    (840, 2008),
    (841, 2008),
    (842, 2008),
    (843, 2008),
    (844, 2008),
    (845, 2008),
    (846, 2008),
    (847, 2008),
    (848, 2008),
    (849, 2008),
    (850, 2008),
    (851, 2008),
    (852, 2008),
    (853, 2008),
    (854, 2008),
    (855, 2008),
    (856, 2008),
    (857, 2008),
    (858, 2008),
    (859, 2008),
    (860, 2008),
    (861, 2008),
    (862, 2008),
    (863, 2008),
    (864, 2008),
    (865, 2008),
    (866, 2008),
    (867, 2008),
    (868, 2008),
    (869, 2008),
    (870, 2008),
    (871, 2008),
    (872, 2008),
    (873, 2008),
    (874, 2008),
    (875, 2008),
    (876, 2008),
    (877, 2008),
    (878, 2008),
    (879, 2008),
    (880, 2008),
    (881, 2008),
    (882, 2008),
    (883, 2008),
    (884, 2008),
    (885, 2008),
    (886, 2008),
    (887, 2008),
    (888, 2008),
    (889, 2008),
    (890, 2008),
    (891, 2008),
    (892, 2008),
    (893, 2008),
    (894, 2008),
    (895, 2008),
    (896, 2008),
    (897, 2008),
    (898, 2008),
    (899, 2008),
    (900, 2008),
    (901, 2008),
    (902, 2008),
    (903, 2008),
    (904, 2008),
    (905, 2008),
    (906, 2008),
    (907, 2008),
    (908, 2008),
    (909, 2008),
    (910, 2008),
    (911, 2008),
    (912, 2008),
    (913, 2008),
    (914, 2008),
    (915, 2008),
    (916, 2008),
    (917, 2008),
    (918, 2008),
    (919, 2008),
    (920, 2008),
    (921, 2008),
    (922, 2008),
    (923, 2008),
    (924, 2008),
    (925, 2008),
    (926, 2008),
    (927, 2008),
    (928, 2008),
    (929, 2008),
    (930, 2008),
    (931, 2008),
    (932, 2008),
    (933, 2008),
    (934, 2008),
    (935, 2008),
    (936, 2008),
    (937, 2008),
    (938, 2008),
    (939, 2008),
    (940, 2008),
    (941, 2008),
    (942, 2008),
    (943, 2008),
    (944, 2008),
    (945, 2008),
    (946, 2008),
    (947, 2008),
    (948, 2008),
    (949, 2008),
    (950, 2009),
    (951, 2009),
    (952, 2009),
    (953, 2009),
    (954, 2009),
    (955, 2009),
    (956, 2009),
    (957, 2009),
    (958, 2009),
    (959, 2009),
    (960, 2009),
    (961, 2009),
    (962, 2009),
    (963, 2009),
    (964, 2009),
    (965, 2009),
    (966, 2009),
    (967, 2009),
    (968, 2009),
    (969, 2009),
    (970, 2009),
    (971, 2009),
    (972, 2009),
    (973, 2009),
    (974, 2009),
    (975, 2009),
    (976, 2009),
    (977, 2009),
    (978, 2009),
    (979, 2009),
    (980, 2009),
    (981, 2009),
    (982, 2009),
    (983, 2009),
    (984, 2009),
    (985, 2009),
    (986, 2009),
    (987, 2009),
    (988, 2009),
    (989, 2009),
    (990, 2009),
    (991, 2009),
    (992, 2009),
    (993, 2009),
    (994, 2009),
    (995, 2009),
    (996, 2009),
    (997, 2009),
    (998, 2009),
    (999, 2009),
    (1000, 2009),
    (1001, 2009),
    (1002, 2009),
    (1003, 2009),
    (1004, 2009),
    (1005, 2009),
    (1006, 2009),
    (1007, 2009),
    (1008, 2009),
    (1009, 2009),
    (1010, 2009),
    (1011, 2009),
    (1012, 2009),
    (1013, 2009),
    (1014, 2009),
    (1015, 2009),
    (1016, 2009),
    (1017, 2009),
    (1018, 2009),
    (1019, 2009),
    (1020, 2009),
    (1021, 2009),
    (1022, 2009),
    (1023, 2009),
    (1024, 2009),
    (1025, 2009),
    (1026, 2009),
    (1027, 2009),
    (1028, 2009),
    (1029, 2009),
    (1030, 2009),
    (1031, 2009),
    (1032, 2009),
    (1033, 2009),
    (1034, 2009),
    (1035, 2009),
    (1036, 2009),
    (1037, 2009),
    (1038, 2009),
    (1039, 2009),
    (1040, 2009),
    (1041, 2009),
    (1042, 2009),
    (1043, 2009),
    (1044, 2009),
    (1045, 2009),
    (1046, 2009),
    (1047, 2009),
    (1048, 2009),
    (1049, 2009),
    (1076, 2002),
    (1077, 2002),
    (1078, 2002),
    (1079, 2003),
    (1080, 2003),
    (1081, 2003),
    (1082, 2003),
    (1083, 2003),
    (1084, 2003),
    (1085, 2003),
    (1086, 2003),
    (1087, 2003),
    (1088, 2003),
    (1089, 2003),
    (1090, 2003),
    (1091, 2003),
    (1092, 2003),
    (1093, 2003),
    (1094, 2003),
    (1095, 2003),
    (1096, 2003),
    (1097, 2003),
    (1098, 2003),
    (1099, 2003),
    (1100, 2003),
    (1101, 2003),
    (1102, 2003),
    (1103, 2003),
    (1104, 2003),
    (1105, 2003),
    (1106, 2003),
    (1107, 2003),
    (1108, 2003),
    (1109, 2003),
    (1110, 2003),
    (1111, 2003),
    (1112, 2003),
    (1113, 2003),
    (1114, 2003),
    (1115, 2003),
    (1116, 2003),
    (1117, 2003),
    (1118, 2003),
    (1119, 2003),
    (1120, 2003),
    (1121, 2003),
    (1122, 2004),
    (1123, 2004),
    (1124, 2004),
    (1125, 2004),
    (1126, 2004),
    (1127, 2004),
    (1128, 2004),
    (1129, 2004),
    (1130, 2004),
    (1131, 2004),
    (1132, 2004),
    (1133, 2004),
    (1134, 2004),
    (1135, 2004),
    (1136, 2004),
    (1137, 2004),
    (1138, 2004),
    (1139, 2004),
    (1140, 2004),
    (1141, 2004),
    (1142, 2004),
    (1143, 2004),
    (1144, 2004),
    (1145, 2004),
    (1146, 2004),
    (1147, 2004),
    (1148, 2004),
    (1149, 2004),
    (1150, 2004),
    (1151, 2004),
    (1152, 2004),
    (1153, 2004),
    (1154, 2004),
    (1155, 2004),
    (1156, 2004),
    (1157, 2004),
    (1158, 2004),
    (1159, 2004),
    (1160, 2004),
    (1161, 2004),
    (1162, 2004),
    (1163, 2004),
    (1164, 2004),
    (1165, 2004),
    (1166, 2004),
    (1167, 2004),
    (1168, 2004),
    (1169, 2004),
    (1170, 2005),
    (1171, 2005),
    (1172, 2005),
    (1173, 2005),
    (1174, 2005),
    (1175, 2005),
    (1176, 2005),
    (1177, 2005),
    (1178, 2005),
    (1179, 2005),
    (1180, 2005),
    (1181, 2005),
    (1182, 2005),
    (1183, 2005),
    (1184, 2005),
    (1185, 2005),
    (1186, 2005),
    (1187, 2005),
    (1188, 2005),
    (1189, 2005),
    (1190, 2005),
    (1191, 2005),
    (1192, 2005),
    (1193, 2005),
    (1194, 2005),
    (1195, 2005),
    (1196, 2005),
    (1197, 2005),
    (1198, 2005),
    (1199, 2005),
    (1200, 2005),
    (1201, 2005),
    (1202, 2005),
    (1203, 2005),
    (1204, 2005),
    (1205, 2005),
    (1206, 2005),
    (1207, 2005),
    (1208, 2005),
    (1209, 2005),
    (1210, 2005),
    (1211, 2005),
    (1212, 2005),
    (1213, 2005),
    (1214, 2005),
    (1215, 2005),
    (1216, 2005),
    (1217, 2005),
    (1218, 2005),
    (1219, 2005),
    (1220, 2005),
    (1221, 2005),
    (1222, 2005),
    (1223, 2005),
    (1224, 2005),
    (1225, 2005),
    (1226, 2005),
    (1227, 2005),
    (1228, 2005),
    (1229, 2005),
    (1230, 2005),
    (1231, 2005),
    (1232, 2005),
    (1233, 2005),
    (1234, 2005),
    (1235, 2005),
    (1236, 2005),
    (1237, 2005),
    (1238, 2005),
    (1239, 2005),
    (1240, 2005),
    (1241, 2005),
    (1242, 2005),
    (1243, 2005),
    (1244, 2006),
    (1245, 2006),
    (1246, 2006),
    (1247, 2006),
    (1248, 2006),
    (1249, 2006),
    (1250, 2006),
    (1251, 2006),
    (1252, 2006),
    (1253, 2006),
    (1254, 2006),
    (1255, 2006),
    (1256, 2006),
    (1257, 2006),
    (1258, 2006),
    (1259, 2006),
    (1260, 2006),
    (1261, 2006),
    (1262, 2006),
    (1263, 2006),
    (1264, 2006),
    (1265, 2006),
    (1266, 2006),
    (1267, 2006),
    (1268, 2006),
    (1269, 2006),
    (1270, 2006),
    (1271, 2006),
    (1272, 2006),
    (1273, 2006),
    (1274, 2006),
    (1275, 2006),
    (1276, 2006),
    (1277, 2006),
    (1278, 2006),
    (1279, 2006),
    (1280, 2006),
    (1281, 2006),
    (1282, 2006),
    (1283, 2006),
    (1284, 2006),
    (1285, 2006),
    (1286, 2006),
    (1287, 2006),
    (1288, 2006),
    (1289, 2006),
    (1290, 2006),
    (1291, 2006),
    (1292, 2006),
    (1293, 2006),
    (1294, 2006),
    (1295, 2006),
    (1296, 2006),
    (1297, 2006),
    (1298, 2006),
    (1299, 2006),
    (1300, 2006),
    (1301, 2006),
    (1302, 2006),
    (1303, 2006),
    (1304, 2006),
    (1305, 2006),
    (1306, 2006),
    (1307, 2006),
    (1308, 2006),
    (1309, 2006),
    (1310, 2006),
    (1311, 2006),
    (1312, 2006),
    (1313, 2006),
    (1314, 2006),
    (1315, 2006),
    (1316, 2006),
    (1317, 2006),
    (1318, 2006),
    (1319, 2006),
    (1320, 2006),
    (1321, 2006),
    (1322, 2006),
    (1323, 2006),
    (1324, 2006),
    (1325, 2006),
    (1326, 2006),
    (1327, 2006),
    (1328, 2006),
    (1329, 2006),
    (1330, 2006),
    (1331, 2006),
    (1332, 2006),
    (1333, 2006),
    (1334, 2006),
    (1335, 2006),
    (1336, 2006),
    (1337, 2006),
    (1338, 2006),
    (1339, 2006),
    (1340, 2006),
    (1341, 2006),
    (1342, 2006),
    (1343, 2006),
    (1344, 2006),
    (1345, 2006),
    (1346, 2006),
    (1347, 2006),
    (1348, 2006),
    (1349, 2006),
    (1350, 2006),
    (1351, 2006),
    (1352, 2006),
    (1353, 2006),
    (1354, 2006),
    (1355, 2007),
    (1356, 2007),
    (1357, 2007),
    (1358, 2007),
    (1359, 2007),
    (1360, 2007),
    (1361, 2007),
    (1362, 2007),
    (1363, 2007),
    (1364, 2007),
    (1365, 2007),
    (1366, 2007),
    (1367, 2007),
    (1368, 2007),
    (1369, 2007),
    (1370, 2007),
    (1371, 2007),
    (1372, 2007),
    (1373, 2007),
    (1374, 2007),
    (1375, 2007),
    (1376, 2007),
    (1377, 2007),
    (1378, 2007),
    (1379, 2007),
    (1380, 2007),
    (1381, 2007),
    (1382, 2007),
    (1383, 2007),
    (1384, 2007),
    (1385, 2007),
    (1386, 2007),
    (1387, 2007),
    (1388, 2007),
    (1389, 2007),
    (1390, 2007),
    (1391, 2007),
    (1392, 2007),
    (1393, 2007),
    (1394, 2007),
    (1395, 2007),
    (1396, 2007),
    (1397, 2007),
    (1398, 2007),
    (1399, 2007),
    (1400, 2007),
    (1401, 2007),
    (1402, 2007),
    (1403, 2007),
    (1404, 2007),
    (1405, 2007),
    (1406, 2007),
    (1407, 2007),
    (1408, 2007),
    (1409, 2007),
    (1410, 2007),
    (1411, 2007),
    (1412, 2007),
    (1413, 2007),
    (1414, 2007),
    (1415, 2007),
    (1416, 2007),
    (1417, 2007),
    (1418, 2007),
    (1419, 2007),
    (1420, 2007),
    (1421, 2007),
    (1422, 2007),
    (1423, 2007),
    (1424, 2007),
    (1425, 2007),
    (1426, 2007),
    (1427, 2007),
    (1428, 2007),
    (1429, 2007),
    (1430, 2007),
    (1431, 2007),
    (1432, 2007),
    (1433, 2007),
    (1434, 2007),
    (1435, 2007),
    (1436, 2007),
    (1437, 2007),
    (1438, 2007),
    (1439, 2007),
    (1440, 2007),
    (1441, 2007),
    (1442, 2007),
    (1443, 2007),
    (1444, 2007),
    (1445, 2007),
    (1446, 2007),
    (1447, 2007),
    (1448, 2007),
    (1449, 2007),
    (1450, 2007),
    (1451, 2007),
    (1452, 2007),
    (1453, 2007),
    (1454, 2007),
    (1455, 2007),
    (1456, 2007),
    (1457, 2007),
    (1458, 2008),
    (1459, 2008),
    (1460, 2008),
    (1461, 2008),
    (1462, 2008),
    (1463, 2008),
    (1464, 2008),
    (1465, 2008),
    (1466, 2008),
    (1467, 2008),
    (1468, 2008),
    (1469, 2008),
    (1470, 2008),
    (1471, 2008),
    (1472, 2008),
    (1473, 2008),
    (1474, 2008),
    (1475, 2008),
    (1476, 2008),
    (1477, 2008),
    (1478, 2008),
    (1479, 2008),
    (1480, 2008),
    (1481, 2008),
    (1482, 2008),
    (1483, 2008),
    (1484, 2008),
    (1485, 2008),
    (1486, 2008),
    (1487, 2008),
    (1488, 2008),
    (1489, 2008),
    (1490, 2008),
    (1491, 2008),
    (1492, 2008),
    (1493, 2008),
    (1494, 2008),
    (1495, 2008),
    (1496, 2008),
    (1497, 2008),
    (1498, 2008),
    (1499, 2008),
    (1500, 2008),
    (1501, 2008),
    (1502, 2008),
    (1503, 2008),
    (1504, 2008),
    (1505, 2008),
    (1506, 2008),
    (1507, 2008),
    (1508, 2008),
    (1509, 2008),
    (1510, 2008),
    (1511, 2008),
    (1512, 2008),
    (1513, 2008),
    (1514, 2008),
    (1515, 2008),
    (1516, 2008),
    (1517, 2008),
    (1518, 2008),
    (1519, 2008),
    (1520, 2008),
    (1521, 2008),
    (1522, 2008),
    (1523, 2008),
    (1524, 2008),
    (1525, 2008),
    (1526, 2008),
    (1527, 2008),
    (1528, 2008),
    (1529, 2008),
    (1530, 2008),
    (1531, 2008),
    (1532, 2008),
    (1533, 2008),
    (1534, 2008),
    (1535, 2008),
    (1536, 2008),
    (1537, 2008),
    (1538, 2008),
    (1539, 2008),
    (1540, 2008),
    (1541, 2008),
    (1542, 2008),
    (1543, 2008),
    (1544, 2008),
    (1545, 2008),
    (1546, 2008),
    (1547, 2008),
    (1548, 2008),
    (1549, 2008),
    (1550, 2008),
    (1551, 2008),
    (1552, 2008),
    (1553, 2008),
    (1554, 2008),
    (1555, 2008),
    (1556, 2008),
    (1557, 2008),
    (1558, 2008),
    (1559, 2008),
    (1560, 2008),
    (1561, 2008),
    (1562, 2008),
    (1563, 2008),
    (1564, 2008),
    (1565, 2008),
    (1566, 2008),
    (1567, 2008),
    (1568, 2008),
    (1569, 2008),
    (1570, 2008),
    (1571, 2008),
    (1572, 2008),
    (1573, 2008),
    (1574, 2008),
    (1575, 2008),
    (1576, 2008),
    (1577, 2008),
    (1578, 2008),
    (1579, 2008),
    (1580, 2008),
    (1581, 2008),
    (1582, 2008),
    (1583, 2008),
    (1584, 2009),
    (1585, 2009),
    (1586, 2009),
    (1587, 2009),
    (1588, 2009),
    (1589, 2009),
    (1590, 2009),
    (1591, 2009),
    (1592, 2009),
    (1593, 2009),
    (1594, 2009),
    (1595, 2009),
    (1596, 2009),
    (1597, 2009),
    (1598, 2009),
    (1599, 2009),
    (1600, 2009),
    (1601, 2009),
    (1602, 2009),
    (1603, 2009),
    (1604, 2009),
    (1605, 2009),
    (1606, 2009),
    (1607, 2009),
    (1608, 2009),
    (1609, 2009),
    (1610, 2009),
    (1611, 2009),
    (1612, 2009),
    (1613, 2009),
    (1614, 2009),
    (1615, 2009),
    (1616, 2009),
    (1617, 2009),
    (1618, 2009),
    (1619, 2009),
    (1620, 2009),
    (1621, 2009),
    (1622, 2009),
    (1623, 2009),
    (1624, 2009),
    (1625, 2009),
    (1626, 2009),
    (1627, 2009),
    (1628, 2009),
    (1629, 2009),
    (1630, 2009),
    (1631, 2009),
    (1632, 2009),
    (1633, 2009),
    (1634, 2009),
    (1635, 2009),
    (1636, 2009),
    (1637, 2009),
    (1638, 2009),
    (1639, 2009),
    (1640, 2009),
    (1641, 2009),
    (1642, 2009),
    (1643, 2009),
    (1644, 2009),
    (1645, 2009),
    (1646, 2009),
    (1647, 2009),
    (1648, 2009),
    (1649, 2009),
    (1650, 2009),
    (1651, 2009),
    (1652, 2009),
    (1653, 2009),
    (1654, 2009),
    (1655, 2009),
    (1656, 2009),
    (1657, 2009),
    (1658, 2009),
    (1659, 2009),
    (1660, 2009),
    (1661, 2009),
    (1662, 2009),
    (1663, 2009),
    (1664, 2009),
    (1665, 2009),
    (1666, 2009),
    (1667, 2009),
    (1668, 2009),
    (1669, 2009),
    (1670, 2009),
    (1671, 2009),
    (1672, 2009),
    (1673, 2009),
    (1674, 2009),
    (1675, 2009),
    (1676, 2009),
    (1677, 2009),
    (1678, 2009),
    (1679, 2009),
    (1680, 2009),
    (1681, 2009),
    (1682, 2009),
    (1683, 2009),
    (1684, 2009),
    (1685, 2009),
    (1686, 2009),
    (1687, 2009),
    (1688, 2009);
-- No values found for results_unknown_race
-- No values found for runner_nicknames
INSERT INTO teams
    (team_id, name)
    VALUES
    (1, "Lewis & Clark"),
    (2, "Puget Sound"),
    (3, "Whitworth"),
    (4, "Pacific Lutheran"),
    (5, "Whitman"),
    (6, "Pacific"),
    (7, "George Fox"),
    (8, "Linfield"),
    (9, "Willamette"),
    (10, "Caltech"),
    (11, "California Lutheran"),
    (12, "Claremont-Mudd-Scripps"),
    (13, "Occidental"),
    (14, "Pomona-Pitzer"),
    (15, "La Verne"),
    (16, "Redlands"),
    (17, "Whittier"),
    (18, "Colorado"),
    (19, "Chapman"),
    (20, "UC Santa Cruz");
INSERT INTO team_nicknames
    (team_id, nickname)
    VALUES
    (2, "UPS"),
    (4, "PLU"),
    (10, "Cal Tech"),
    (10, "Caltech"),
    (11, "Cal Lutheran"),
    (11, "CLU"),
    (14, "Pomona"),
    (15, "LaVerne"),
    (15, "ULV"),
    (20, "Santa Cruz"),
    (20, "UC Santa Cruz"),
    (20, "UCSC");
INSERT INTO unaffiliated_teams
    (team_id)
    VALUES
    (19),
    (20);
INSERT INTO conference_affiliations
    (team_id, conference_id)
    VALUES
    (1, 1),
    (2, 1),
    (3, 1),
    (4, 1),
    (5, 1),
    (6, 1),
    (7, 1),
    (8, 1),
    (9, 1),
    (10, 2),
    (11, 2),
    (12, 2),
    (13, 2),
    (14, 2),
    (15, 2),
    (16, 2),
    (17, 2),
    (18, 3);
INSERT INTO affiliations
    (runner_id, team_id, season)
    VALUES
    (9, 1, 1998),
    (14, 1, 2003),
    (18, 1, 2002),
    (25, 1, 1999),
    (25, 1, 2000),
    (25, 1, 2001),
    (27, 1, 1999),
    (48, 1, 1999),
    (52, 1, 2002),
    (64, 1, 2000),
    (64, 1, 2001),
    (66, 1, 1998),
    (66, 1, 1999),
    (71, 1, 1998),
    (76, 1, 1999),
    (76, 1, 2001),
    (79, 1, 1997),
    (80, 1, 2000),
    (80, 1, 2001),
    (80, 1, 2002),
    (86, 1, 1997),
    (86, 1, 1999),
    (93, 1, 2000),
    (98, 1, 1997),
    (98, 1, 2000),
    (104, 1, 1998),
    (115, 1, 2001),
    (115, 1, 2002),
    (116, 1, 1997),
    (116, 1, 1999),
    (120, 1, 2002),
    (121, 1, 1999),
    (121, 1, 2000),
    (129, 1, 1999),
    (129, 1, 2000),
    (129, 1, 2001),
    (131, 1, 1997),
    (131, 1, 1998),
    (131, 1, 1999),
    (131, 1, 2000),
    (145, 1, 1997),
    (145, 1, 1998),
    (145, 1, 1999),
    (145, 1, 2000),
    (146, 1, 1997),
    (146, 1, 1999),
    (146, 1, 2000),
    (151, 1, 1997),
    (151, 1, 1998),
    (151, 1, 1999),
    (151, 1, 2000),
    (154, 1, 1998),
    (154, 1, 1999),
    (154, 1, 2000),
    (154, 1, 2001),
    (166, 1, 1997),
    (166, 1, 1998),
    (166, 1, 2000),
    (173, 1, 1998),
    (173, 1, 1999),
    (173, 1, 2000),
    (173, 1, 2001),
    (184, 1, 1998),
    (184, 1, 1999),
    (184, 1, 2000),
    (184, 1, 2001),
    (186, 1, 1999),
    (186, 1, 2000),
    (192, 1, 2006),
    (192, 1, 2007),
    (192, 1, 2008),
    (220, 1, 1999),
    (220, 1, 2000),
    (220, 1, 2001),
    (220, 1, 2002),
    (224, 1, 2002),
    (248, 1, 2001),
    (248, 1, 2002),
    (248, 1, 2003),
    (269, 1, 2000),
    (269, 1, 2001),
    (269, 1, 2002),
    (278, 1, 2003),
    (284, 1, 2001),
    (284, 1, 2002),
    (284, 1, 2003),
    (295, 1, 2001),
    (295, 1, 2002),
    (305, 1, 2001),
    (305, 1, 2002),
    (305, 1, 2004),
    (309, 1, 2001),
    (309, 1, 2003),
    (309, 1, 2004),
    (316, 1, 2001),
    (316, 1, 2002),
    (319, 1, 2001),
    (319, 1, 2002),
    (319, 1, 2003),
    (319, 1, 2004),
    (331, 1, 2001),
    (331, 1, 2002),
    (331, 1, 2003),
    (331, 1, 2004),
    (355, 1, 2002),
    (366, 1, 2002),
    (366, 1, 2003),
    (366, 1, 2004),
    (366, 1, 2005),
    (376, 1, 2002),
    (376, 1, 2003),
    (376, 1, 2005),
    (377, 1, 2002),
    (377, 1, 2003),
    (377, 1, 2004),
    (377, 1, 2005),
    (396, 1, 2002),
    (396, 1, 2003),
    (396, 1, 2004),
    (436, 1, 2004),
    (452, 1, 2003),
    (452, 1, 2004),
    (452, 1, 2005),
    (452, 1, 2006),
    (473, 1, 2004),
    (474, 1, 2004),
    (474, 1, 2005),
    (474, 1, 2006),
    (478, 1, 2003),
    (478, 1, 2004),
    (491, 1, 2004),
    (495, 1, 2004),
    (495, 1, 2005),
    (495, 1, 2007),
    (533, 1, 2004),
    (533, 1, 2005),
    (533, 1, 2006),
    (533, 1, 2007),
    (546, 1, 2005),
    (558, 1, 2004),
    (568, 1, 2004),
    (568, 1, 2005),
    (568, 1, 2006),
    (568, 1, 2007),
    (577, 1, 2005),
    (577, 1, 2006),
    (577, 1, 2007),
    (582, 1, 2005),
    (582, 1, 2006),
    (582, 1, 2007),
    (582, 1, 2008),
    (585, 1, 2006),
    (597, 1, 2005),
    (597, 1, 2006),
    (597, 1, 2007),
    (597, 1, 2008),
    (614, 1, 2005),
    (614, 1, 2006),
    (614, 1, 2007),
    (617, 1, 2005),
    (617, 1, 2006),
    (617, 1, 2008),
    (624, 1, 2005),
    (624, 1, 2006),
    (624, 1, 2007),
    (624, 1, 2008),
    (645, 1, 2004),
    (651, 1, 2007),
    (651, 1, 2008),
    (667, 1, 2006),
    (667, 1, 2007),
    (667, 1, 2008),
    (667, 1, 2009),
    (678, 1, 2006),
    (723, 1, 2006),
    (727, 1, 2007),
    (727, 1, 2008),
    (727, 1, 2009),
    (727, 1, 2010),
    (736, 1, 2006),
    (736, 1, 2007),
    (736, 1, 2008),
    (736, 1, 2009),
    (746, 1, 2007),
    (785, 1, 2007),
    (785, 1, 2008),
    (785, 1, 2010),
    (802, 1, 2007),
    (814, 1, 2007),
    (814, 1, 2008),
    (814, 1, 2010),
    (875, 1, 2008),
    (881, 1, 2008),
    (926, 1, 2008),
    (926, 1, 2009),
    (926, 1, 2010),
    (979, 1, 2009),
    (979, 1, 2010),
    (1016, 1, 2009),
    (1016, 1, 2010),
    (1032, 1, 2009),
    (1032, 1, 2010),
    (1035, 1, 2009),
    (1035, 1, 2010),
    (1078, 1, 2006),
    (1087, 1, 2006),
    (1089, 1, 2006),
    (1095, 1, 2006),
    (1102, 1, 2006),
    (1106, 1, 2006),
    (1107, 1, 2006),
    (1110, 1, 2006),
    (1117, 1, 2006),
    (1119, 1, 2006),
    (1121, 1, 2006),
    (1138, 1, 2006),
    (1138, 1, 2007),
    (1146, 1, 2006),
    (1152, 1, 2006),
    (1152, 1, 2007),
    (1153, 1, 2007),
    (1176, 1, 2006),
    (1176, 1, 2007),
    (1176, 1, 2008),
    (1178, 1, 2006),
    (1178, 1, 2007),
    (1178, 1, 2008),
    (1187, 1, 2006),
    (1187, 1, 2007),
    (1187, 1, 2008),
    (1205, 1, 2006),
    (1205, 1, 2007),
    (1205, 1, 2008),
    (1219, 1, 2006),
    (1219, 1, 2007),
    (1219, 1, 2008),
    (1236, 1, 2006),
    (1236, 1, 2007),
    (1236, 1, 2008),
    (1239, 1, 2006),
    (1239, 1, 2007),
    (1247, 1, 2008),
    (1271, 1, 2006),
    (1274, 1, 2009),
    (1289, 1, 2006),
    (1293, 1, 2007),
    (1293, 1, 2008),
    (1297, 1, 2006),
    (1320, 1, 2006),
    (1320, 1, 2008),
    (1320, 1, 2009),
    (1320, 1, 2010),
    (1351, 1, 2008),
    (1355, 1, 2007),
    (1355, 1, 2008),
    (1355, 1, 2009),
    (1355, 1, 2010),
    (1356, 1, 2007),
    (1356, 1, 2008),
    (1367, 1, 2007),
    (1367, 1, 2008),
    (1367, 1, 2009),
    (1367, 1, 2010),
    (1406, 1, 2008),
    (1419, 1, 2007),
    (1419, 1, 2008),
    (1419, 1, 2009),
    (1419, 1, 2010),
    (1425, 1, 2007),
    (1425, 1, 2008),
    (1444, 1, 2007),
    (1444, 1, 2008),
    (1469, 1, 2008),
    (1476, 1, 2008),
    (1476, 1, 2009),
    (1476, 1, 2010),
    (1477, 1, 2007),
    (1477, 1, 2008),
    (1477, 1, 2009),
    (1477, 1, 2010),
    (1502, 1, 2008),
    (1512, 1, 2008),
    (1512, 1, 2009),
    (1512, 1, 2010),
    (1540, 1, 2008),
    (1540, 1, 2009),
    (1540, 1, 2010),
    (1544, 1, 2008),
    (1548, 1, 2008),
    (1608, 1, 2009),
    (1608, 1, 2010),
    (1613, 1, 2009),
    (1613, 1, 2010),
    (1639, 1, 2009),
    (1639, 1, 2010),
    (1657, 1, 2009),
    (1672, 1, 2009),
    (1672, 1, 2010),
    (1675, 1, 2009),
    (1675, 1, 2010),
    (3, 2, 2002),
    (23, 2, 2004),
    (57, 2, 2001),
    (69, 2, 2001),
    (69, 2, 2002),
    (117, 2, 2002),
    (117, 2, 2003),
    (117, 2, 2004),
    (124, 2, 2004),
    (126, 2, 1999),
    (127, 2, 1999),
    (128, 2, 1999),
    (132, 2, 1999),
    (132, 2, 2000),
    (147, 2, 1999),
    (147, 2, 2000),
    (167, 2, 2000),
    (189, 2, 2001),
    (195, 2, 2001),
    (196, 2, 1999),
    (196, 2, 2000),
    (196, 2, 2001),
    (196, 2, 2002),
    (199, 2, 1999),
    (199, 2, 2000),
    (199, 2, 2001),
    (199, 2, 2002),
    (207, 2, 2002),
    (215, 2, 2000),
    (215, 2, 2001),
    (215, 2, 2002),
    (226, 2, 2000),
    (266, 2, 2000),
    (266, 2, 2001),
    (266, 2, 2002),
    (266, 2, 2003),
    (271, 2, 2000),
    (271, 2, 2001),
    (271, 2, 2002),
    (271, 2, 2003),
    (277, 2, 2000),
    (282, 2, 2001),
    (282, 2, 2002),
    (282, 2, 2003),
    (306, 2, 2001),
    (306, 2, 2002),
    (306, 2, 2003),
    (306, 2, 2004),
    (370, 2, 2002),
    (370, 2, 2003),
    (370, 2, 2004),
    (385, 2, 2002),
    (385, 2, 2003),
    (385, 2, 2004),
    (385, 2, 2005),
    (386, 2, 2003),
    (386, 2, 2004),
    (386, 2, 2005),
    (387, 2, 2002),
    (397, 2, 2002),
    (397, 2, 2003),
    (397, 2, 2004),
    (397, 2, 2005),
    (402, 2, 2002),
    (402, 2, 2003),
    (402, 2, 2004),
    (445, 2, 2003),
    (445, 2, 2004),
    (445, 2, 2005),
    (445, 2, 2006),
    (451, 2, 2002),
    (451, 2, 2003),
    (451, 2, 2004),
    (451, 2, 2005),
    (457, 2, 2003),
    (457, 2, 2004),
    (461, 2, 2004),
    (461, 2, 2005),
    (461, 2, 2006),
    (463, 2, 2003),
    (463, 2, 2004),
    (463, 2, 2005),
    (463, 2, 2006),
    (466, 2, 2005),
    (466, 2, 2006),
    (493, 2, 2006),
    (516, 2, 2004),
    (516, 2, 2005),
    (516, 2, 2006),
    (516, 2, 2007),
    (517, 2, 2007),
    (565, 2, 2004),
    (565, 2, 2005),
    (565, 2, 2006),
    (565, 2, 2007),
    (574, 2, 2004),
    (584, 2, 2005),
    (584, 2, 2006),
    (584, 2, 2007),
    (584, 2, 2008),
    (588, 2, 2005),
    (588, 2, 2006),
    (590, 2, 2005),
    (599, 2, 2005),
    (601, 2, 2005),
    (606, 2, 2005),
    (612, 2, 2005),
    (612, 2, 2006),
    (612, 2, 2007),
    (616, 2, 2005),
    (631, 2, 2005),
    (631, 2, 2006),
    (631, 2, 2007),
    (631, 2, 2008),
    (648, 2, 2005),
    (658, 2, 2006),
    (658, 2, 2007),
    (658, 2, 2008),
    (658, 2, 2009),
    (719, 2, 2006),
    (719, 2, 2007),
    (719, 2, 2008),
    (719, 2, 2009),
    (733, 2, 2006),
    (733, 2, 2007),
    (738, 2, 2009),
    (744, 2, 2007),
    (744, 2, 2008),
    (744, 2, 2009),
    (744, 2, 2010),
    (804, 2, 2009),
    (804, 2, 2010),
    (836, 2, 2009),
    (836, 2, 2010),
    (873, 2, 2008),
    (873, 2, 2009),
    (873, 2, 2010),
    (892, 2, 2009),
    (892, 2, 2010),
    (913, 2, 2008),
    (935, 2, 2008),
    (938, 2, 2008),
    (938, 2, 2009),
    (938, 2, 2010),
    (942, 2, 2008),
    (945, 2, 2008),
    (945, 2, 2009),
    (945, 2, 2010),
    (965, 2, 2009),
    (965, 2, 2010),
    (998, 2, 2009),
    (998, 2, 2010),
    (1017, 2, 2009),
    (1017, 2, 2010),
    (1050, 2, 2006),
    (1053, 2, 2006),
    (1068, 2, 2006),
    (1069, 2, 2007),
    (1137, 2, 2006),
    (1137, 2, 2007),
    (1155, 2, 2006),
    (1155, 2, 2007),
    (1167, 2, 2006),
    (1167, 2, 2007),
    (1172, 2, 2006),
    (1197, 2, 2006),
    (1197, 2, 2007),
    (1197, 2, 2008),
    (1237, 2, 2007),
    (1237, 2, 2008),
    (1252, 2, 2009),
    (1261, 2, 2006),
    (1269, 2, 2007),
    (1269, 2, 2008),
    (1273, 2, 2006),
    (1273, 2, 2007),
    (1273, 2, 2008),
    (1279, 2, 2006),
    (1279, 2, 2007),
    (1279, 2, 2008),
    (1279, 2, 2009),
    (1292, 2, 2006),
    (1292, 2, 2007),
    (1292, 2, 2008),
    (1292, 2, 2009),
    (1302, 2, 2008),
    (1307, 2, 2006),
    (1314, 2, 2006),
    (1314, 2, 2007),
    (1314, 2, 2008),
    (1318, 2, 2006),
    (1318, 2, 2007),
    (1318, 2, 2008),
    (1326, 2, 2006),
    (1342, 2, 2007),
    (1342, 2, 2009),
    (1344, 2, 2007),
    (1344, 2, 2008),
    (1344, 2, 2009),
    (1345, 2, 2006),
    (1345, 2, 2007),
    (1361, 2, 2007),
    (1361, 2, 2008),
    (1375, 2, 2007),
    (1375, 2, 2008),
    (1390, 2, 2008),
    (1390, 2, 2009),
    (1390, 2, 2010),
    (1399, 2, 2007),
    (1423, 2, 2007),
    (1434, 2, 2007),
    (1436, 2, 2008),
    (1441, 2, 2008),
    (1447, 2, 2007),
    (1447, 2, 2008),
    (1447, 2, 2009),
    (1447, 2, 2010),
    (1451, 2, 2008),
    (1451, 2, 2009),
    (1451, 2, 2010),
    (1453, 2, 2007),
    (1458, 2, 2008),
    (1458, 2, 2009),
    (1458, 2, 2010),
    (1482, 2, 2008),
    (1482, 2, 2009),
    (1482, 2, 2010),
    (1489, 2, 2008),
    (1489, 2, 2009),
    (1489, 2, 2010),
    (1499, 2, 2008),
    (1499, 2, 2009),
    (1499, 2, 2010),
    (1524, 2, 2008),
    (1524, 2, 2009),
    (1524, 2, 2010),
    (1526, 2, 2009),
    (1526, 2, 2010),
    (1546, 2, 2008),
    (1546, 2, 2009),
    (1546, 2, 2010),
    (1568, 2, 2008),
    (1628, 2, 2009),
    (1628, 2, 2010),
    (1683, 2, 2009),
    (1683, 2, 2010),
    (6, 3, 2002),
    (6, 3, 2003),
    (6, 3, 2004),
    (8, 3, 2002),
    (30, 3, 2002),
    (44, 3, 2002),
    (85, 3, 2005),
    (134, 3, 2000),
    (135, 3, 2000),
    (170, 3, 2000),
    (180, 3, 2001),
    (181, 3, 2000),
    (181, 3, 2001),
    (198, 3, 2000),
    (198, 3, 2001),
    (203, 3, 2000),
    (203, 3, 2001),
    (203, 3, 2002),
    (219, 3, 2000),
    (219, 3, 2001),
    (219, 3, 2002),
    (223, 3, 2000),
    (240, 3, 2000),
    (240, 3, 2001),
    (240, 3, 2002),
    (240, 3, 2003),
    (279, 3, 2000),
    (279, 3, 2001),
    (279, 3, 2002),
    (279, 3, 2003),
    (299, 3, 2001),
    (299, 3, 2002),
    (299, 3, 2003),
    (299, 3, 2004),
    (337, 3, 2001),
    (337, 3, 2003),
    (337, 3, 2004),
    (344, 3, 2002),
    (344, 3, 2003),
    (344, 3, 2004),
    (344, 3, 2005),
    (351, 3, 2002),
    (352, 3, 2002),
    (352, 3, 2003),
    (352, 3, 2004),
    (352, 3, 2005),
    (353, 3, 2002),
    (354, 3, 2003),
    (354, 3, 2004),
    (354, 3, 2005),
    (356, 3, 2003),
    (356, 3, 2004),
    (356, 3, 2005),
    (361, 3, 2002),
    (361, 3, 2003),
    (361, 3, 2004),
    (361, 3, 2005),
    (363, 3, 2002),
    (364, 3, 2002),
    (364, 3, 2003),
    (364, 3, 2004),
    (364, 3, 2005),
    (365, 3, 2003),
    (365, 3, 2004),
    (365, 3, 2005),
    (393, 3, 2001),
    (393, 3, 2002),
    (393, 3, 2003),
    (393, 3, 2004),
    (407, 3, 2003),
    (407, 7, 2004),
    (419, 3, 2004),
    (422, 3, 2003),
    (422, 3, 2004),
    (422, 3, 2005),
    (422, 3, 2006),
    (487, 3, 2004),
    (487, 3, 2005),
    (500, 3, 2004),
    (507, 3, 2004),
    (507, 3, 2005),
    (507, 3, 2006),
    (507, 3, 2007),
    (519, 3, 2004),
    (519, 3, 2005),
    (519, 3, 2006),
    (520, 3, 2004),
    (520, 3, 2005),
    (520, 3, 2006),
    (520, 3, 2007),
    (525, 3, 2004),
    (525, 3, 2005),
    (525, 3, 2006),
    (525, 3, 2007),
    (530, 3, 2004),
    (530, 3, 2005),
    (530, 3, 2006),
    (530, 3, 2007),
    (531, 3, 2004),
    (531, 3, 2005),
    (532, 3, 2003),
    (532, 3, 2004),
    (555, 3, 2004),
    (555, 3, 2005),
    (555, 3, 2006),
    (555, 3, 2007),
    (579, 3, 2006),
    (579, 3, 2007),
    (586, 3, 2005),
    (586, 3, 2006),
    (594, 3, 2005),
    (594, 3, 2006),
    (594, 3, 2007),
    (594, 3, 2008),
    (596, 3, 2005),
    (596, 3, 2006),
    (596, 3, 2007),
    (596, 3, 2008),
    (598, 3, 2005),
    (598, 3, 2006),
    (598, 3, 2007),
    (598, 3, 2008),
    (629, 3, 2005),
    (634, 3, 2005),
    (634, 3, 2006),
    (640, 3, 2005),
    (657, 3, 2006),
    (657, 3, 2008),
    (657, 3, 2009),
    (661, 3, 2006),
    (661, 3, 2007),
    (661, 3, 2008),
    (661, 3, 2009),
    (675, 3, 2006),
    (686, 3, 2007),
    (714, 3, 2007),
    (714, 3, 2008),
    (728, 3, 2006),
    (728, 3, 2007),
    (728, 3, 2008),
    (728, 3, 2009),
    (740, 3, 2007),
    (740, 3, 2008),
    (745, 3, 2007),
    (768, 3, 2007),
    (768, 3, 2008),
    (768, 3, 2009),
    (768, 3, 2010),
    (803, 3, 2008),
    (803, 3, 2009),
    (803, 3, 2010),
    (851, 3, 2008),
    (851, 3, 2009),
    (851, 3, 2010),
    (857, 3, 2008),
    (857, 3, 2009),
    (857, 3, 2010),
    (884, 3, 2008),
    (884, 3, 2009),
    (884, 3, 2010),
    (917, 3, 2008),
    (917, 3, 2009),
    (917, 3, 2010),
    (925, 3, 2009),
    (925, 3, 2010),
    (940, 3, 2008),
    (957, 3, 2009),
    (957, 3, 2010),
    (974, 3, 2009),
    (974, 3, 2010),
    (991, 3, 2009),
    (991, 3, 2010),
    (1055, 3, 2007),
    (1055, 3, 2008),
    (1058, 3, 2006),
    (1061, 3, 2006),
    (1067, 3, 2006),
    (1070, 3, 2008),
    (1082, 3, 2006),
    (1100, 3, 2006),
    (1123, 3, 2006),
    (1123, 3, 2007),
    (1139, 3, 2006),
    (1139, 3, 2007),
    (1150, 3, 2006),
    (1150, 3, 2007),
    (1163, 3, 2006),
    (1163, 3, 2007),
    (1195, 3, 2006),
    (1196, 3, 2007),
    (1212, 3, 2006),
    (1212, 3, 2007),
    (1212, 3, 2008),
    (1256, 3, 2006),
    (1256, 3, 2007),
    (1281, 3, 2006),
    (1281, 3, 2007),
    (1281, 3, 2008),
    (1281, 3, 2009),
    (1287, 3, 2006),
    (1287, 3, 2007),
    (1287, 3, 2008),
    (1287, 3, 2009),
    (1305, 3, 2006),
    (1305, 3, 2007),
    (1305, 3, 2008),
    (1305, 3, 2009),
    (1313, 3, 2006),
    (1313, 3, 2007),
    (1313, 3, 2008),
    (1313, 3, 2009),
    (1319, 3, 2006),
    (1319, 3, 2007),
    (1328, 3, 2006),
    (1332, 3, 2007),
    (1338, 3, 2006),
    (1354, 3, 2006),
    (1408, 3, 2008),
    (1408, 3, 2009),
    (1408, 3, 2010),
    (1432, 3, 2009),
    (1432, 3, 2010),
    (1450, 3, 2008),
    (1450, 3, 2009),
    (1450, 3, 2010),
    (1452, 3, 2007),
    (1452, 3, 2008),
    (1452, 3, 2009),
    (1452, 3, 2010),
    (1454, 3, 2007),
    (1454, 3, 2008),
    (1566, 3, 2009),
    (1566, 3, 2010),
    (1566, 9, 2008),
    (1645, 3, 2009),
    (1645, 3, 2010),
    (1668, 3, 2009),
    (1668, 3, 2010),
    (1670, 3, 2009),
    (1670, 3, 2010),
    (70, 4, 2000),
    (70, 4, 2001),
    (70, 4, 2002),
    (95, 4, 2000),
    (107, 4, 2006),
    (108, 4, 2000),
    (157, 4, 2000),
    (175, 4, 2000),
    (175, 4, 2001),
    (183, 4, 2001),
    (188, 4, 2000),
    (188, 4, 2001),
    (188, 4, 2002),
    (193, 4, 2000),
    (193, 4, 2001),
    (194, 4, 2001),
    (194, 4, 2002),
    (204, 4, 2000),
    (204, 4, 2001),
    (228, 4, 2000),
    (234, 4, 2000),
    (234, 4, 2001),
    (234, 4, 2002),
    (234, 4, 2003),
    (242, 4, 2000),
    (285, 4, 2000),
    (303, 4, 2001),
    (303, 4, 2002),
    (303, 4, 2003),
    (303, 4, 2004),
    (324, 4, 2002),
    (324, 4, 2003),
    (324, 4, 2004),
    (336, 4, 2001),
    (336, 4, 2002),
    (336, 4, 2003),
    (381, 4, 2002),
    (381, 4, 2003),
    (381, 4, 2004),
    (381, 4, 2005),
    (394, 4, 2003),
    (394, 4, 2004),
    (394, 4, 2005),
    (414, 4, 2003),
    (441, 4, 2003),
    (499, 4, 2004),
    (499, 4, 2005),
    (499, 4, 2006),
    (499, 4, 2007),
    (522, 4, 2004),
    (522, 4, 2005),
    (522, 4, 2007),
    (524, 4, 2004),
    (549, 4, 2005),
    (551, 4, 2004),
    (551, 4, 2005),
    (551, 4, 2006),
    (551, 4, 2007),
    (554, 4, 2006),
    (580, 4, 2005),
    (595, 4, 2005),
    (602, 4, 2005),
    (607, 4, 2005),
    (607, 4, 2006),
    (610, 4, 2005),
    (610, 4, 2006),
    (610, 4, 2007),
    (620, 4, 2005),
    (621, 4, 2006),
    (621, 4, 2007),
    (623, 4, 2007),
    (623, 4, 2008),
    (630, 4, 2006),
    (639, 4, 2005),
    (649, 4, 2005),
    (654, 4, 2006),
    (684, 4, 2006),
    (684, 4, 2009),
    (709, 4, 2006),
    (709, 4, 2007),
    (741, 4, 2007),
    (741, 4, 2008),
    (747, 4, 2007),
    (747, 4, 2009),
    (747, 4, 2010),
    (760, 4, 2007),
    (760, 4, 2008),
    (797, 4, 2008),
    (797, 4, 2009),
    (797, 4, 2010),
    (822, 4, 2009),
    (822, 4, 2010),
    (824, 4, 2008),
    (824, 4, 2009),
    (824, 4, 2010),
    (827, 4, 2008),
    (827, 4, 2009),
    (827, 4, 2010),
    (835, 4, 2008),
    (835, 4, 2009),
    (835, 4, 2010),
    (877, 4, 2008),
    (880, 4, 2009),
    (880, 4, 2010),
    (900, 4, 2008),
    (900, 4, 2009),
    (900, 4, 2010),
    (901, 4, 2008),
    (901, 4, 2009),
    (901, 4, 2010),
    (909, 4, 2009),
    (909, 4, 2010),
    (923, 4, 2008),
    (923, 4, 2009),
    (923, 4, 2010),
    (951, 4, 2009),
    (951, 4, 2010),
    (987, 4, 2009),
    (987, 4, 2010),
    (997, 4, 2009),
    (997, 4, 2010),
    (1020, 4, 2009),
    (1020, 4, 2010),
    (1060, 4, 2008),
    (1062, 4, 2007),
    (1071, 4, 2008),
    (1074, 4, 2008),
    (1075, 4, 2006),
    (1090, 4, 2006),
    (1125, 4, 2006),
    (1147, 4, 2006),
    (1147, 4, 2007),
    (1174, 4, 2006),
    (1175, 4, 2006),
    (1175, 4, 2008),
    (1177, 4, 2007),
    (1177, 4, 2008),
    (1184, 4, 2007),
    (1184, 4, 2008),
    (1188, 4, 2008),
    (1193, 4, 2006),
    (1214, 4, 2006),
    (1214, 4, 2007),
    (1214, 4, 2008),
    (1264, 4, 2006),
    (1264, 4, 2007),
    (1264, 4, 2009),
    (1268, 4, 2006),
    (1284, 4, 2006),
    (1284, 4, 2008),
    (1284, 4, 2009),
    (1308, 4, 2006),
    (1357, 4, 2007),
    (1357, 4, 2008),
    (1357, 4, 2009),
    (1357, 4, 2010),
    (1383, 4, 2007),
    (1383, 4, 2009),
    (1383, 4, 2010),
    (1385, 4, 2007),
    (1385, 4, 2008),
    (1456, 4, 2007),
    (1456, 4, 2008),
    (1456, 4, 2009),
    (1456, 4, 2010),
    (1463, 4, 2008),
    (1463, 4, 2009),
    (1463, 4, 2010),
    (1494, 4, 2009),
    (1494, 4, 2010),
    (1497, 4, 2009),
    (1497, 4, 2010),
    (1505, 4, 2008),
    (1505, 4, 2009),
    (1505, 4, 2010),
    (1515, 4, 2008),
    (1515, 4, 2009),
    (1515, 4, 2010),
    (1523, 4, 2008),
    (1523, 4, 2009),
    (1523, 4, 2010),
    (1588, 4, 2009),
    (1588, 4, 2010),
    (1624, 4, 2009),
    (1624, 4, 2010),
    (1637, 4, 2009),
    (1637, 4, 2010),
    (1646, 4, 2009),
    (1646, 4, 2010),
    (1653, 4, 2009),
    (1653, 4, 2010),
    (1656, 4, 2009),
    (1656, 4, 2010),
    (1661, 4, 2009),
    (1661, 4, 2010),
    (1679, 4, 2009),
    (1679, 4, 2010),
    (11, 5, 2002),
    (11, 5, 2003),
    (11, 5, 2004),
    (62, 5, 2003),
    (62, 5, 2006),
    (72, 5, 2007),
    (152, 5, 2000),
    (153, 5, 2000),
    (153, 5, 2001),
    (185, 5, 2000),
    (216, 5, 2000),
    (221, 5, 2000),
    (221, 5, 2001),
    (232, 5, 2000),
    (235, 5, 2000),
    (235, 5, 2001),
    (235, 5, 2002),
    (235, 5, 2003),
    (251, 5, 2000),
    (251, 5, 2002),
    (297, 5, 2001),
    (297, 5, 2002),
    (297, 5, 2003),
    (297, 5, 2004),
    (298, 5, 2001),
    (298, 5, 2002),
    (298, 5, 2003),
    (298, 5, 2004),
    (304, 5, 2001),
    (304, 5, 2002),
    (304, 5, 2003),
    (304, 5, 2004),
    (328, 5, 2001),
    (328, 5, 2002),
    (328, 5, 2003),
    (338, 5, 2001),
    (338, 5, 2002),
    (345, 5, 2002),
    (345, 5, 2003),
    (346, 5, 2005),
    (374, 5, 2005),
    (404, 5, 2003),
    (404, 5, 2004),
    (404, 5, 2005),
    (408, 5, 2003),
    (408, 5, 2004),
    (408, 5, 2005),
    (408, 5, 2006),
    (433, 5, 2006),
    (438, 5, 2003),
    (438, 5, 2004),
    (438, 5, 2005),
    (438, 5, 2006),
    (488, 5, 2004),
    (488, 5, 2005),
    (488, 5, 2006),
    (488, 5, 2007),
    (509, 5, 2004),
    (534, 5, 2004),
    (534, 5, 2005),
    (534, 5, 2006),
    (534, 5, 2007),
    (535, 5, 2005),
    (535, 5, 2006),
    (535, 5, 2007),
    (560, 5, 2004),
    (567, 5, 2004),
    (567, 5, 2005),
    (573, 5, 2004),
    (573, 5, 2005),
    (573, 5, 2006),
    (573, 5, 2007),
    (581, 5, 2005),
    (581, 5, 2007),
    (581, 5, 2008),
    (611, 5, 2005),
    (613, 5, 2005),
    (618, 5, 2005),
    (618, 5, 2006),
    (618, 5, 2007),
    (618, 5, 2008),
    (619, 5, 2005),
    (625, 5, 2006),
    (632, 5, 2006),
    (652, 5, 2008),
    (689, 5, 2006),
    (689, 5, 2007),
    (689, 5, 2008),
    (689, 5, 2009),
    (716, 5, 2006),
    (716, 5, 2007),
    (716, 5, 2008),
    (716, 5, 2009),
    (717, 5, 2007),
    (717, 5, 2008),
    (717, 5, 2009),
    (756, 5, 2007),
    (756, 5, 2008),
    (756, 5, 2009),
    (756, 5, 2010),
    (775, 5, 2007),
    (775, 5, 2008),
    (775, 5, 2009),
    (775, 5, 2010),
    (786, 5, 2007),
    (786, 5, 2008),
    (786, 5, 2009),
    (786, 5, 2010),
    (791, 5, 2007),
    (807, 5, 2007),
    (816, 5, 2008),
    (820, 5, 2008),
    (820, 5, 2009),
    (820, 5, 2010),
    (832, 5, 2008),
    (832, 5, 2009),
    (832, 5, 2010),
    (862, 5, 2008),
    (862, 5, 2009),
    (862, 5, 2010),
    (937, 5, 2008),
    (937, 5, 2009),
    (937, 5, 2010),
    (986, 5, 2009),
    (986, 5, 2010),
    (1010, 5, 2009),
    (1010, 5, 2010),
    (1022, 5, 2009),
    (1022, 5, 2010),
    (1025, 5, 2009),
    (1025, 5, 2010),
    (1037, 5, 2009),
    (1037, 5, 2010),
    (1043, 5, 2009),
    (1043, 5, 2010),
    (1063, 5, 2006),
    (1065, 5, 2006),
    (1077, 5, 2006),
    (1083, 5, 2006),
    (1097, 5, 2006),
    (1126, 5, 2006),
    (1129, 5, 2007),
    (1162, 5, 2006),
    (1162, 5, 2007),
    (1190, 5, 2006),
    (1222, 5, 2006),
    (1222, 5, 2008),
    (1224, 5, 2006),
    (1224, 5, 2008),
    (1226, 5, 2006),
    (1231, 5, 2006),
    (1238, 5, 2006),
    (1238, 5, 2008),
    (1240, 5, 2006),
    (1258, 5, 2006),
    (1260, 5, 2008),
    (1262, 5, 2007),
    (1265, 5, 2006),
    (1265, 5, 2007),
    (1265, 5, 2008),
    (1265, 5, 2009),
    (1267, 5, 2006),
    (1267, 5, 2007),
    (1267, 5, 2008),
    (1267, 5, 2009),
    (1306, 5, 2006),
    (1306, 5, 2007),
    (1306, 5, 2008),
    (1306, 5, 2009),
    (1317, 5, 2006),
    (1317, 5, 2007),
    (1317, 5, 2008),
    (1317, 5, 2009),
    (1327, 5, 2006),
    (1327, 5, 2007),
    (1327, 5, 2008),
    (1327, 5, 2009),
    (1358, 5, 2008),
    (1358, 5, 2009),
    (1358, 5, 2010),
    (1371, 5, 2007),
    (1371, 5, 2008),
    (1371, 5, 2009),
    (1371, 5, 2010),
    (1380, 5, 2007),
    (1380, 5, 2008),
    (1380, 5, 2009),
    (1380, 5, 2010),
    (1400, 5, 2009),
    (1400, 5, 2010),
    (1409, 5, 2007),
    (1409, 5, 2008),
    (1417, 5, 2007),
    (1433, 5, 2007),
    (1433, 5, 2009),
    (1433, 5, 2010),
    (1490, 5, 2008),
    (1490, 5, 2009),
    (1490, 5, 2010),
    (1491, 5, 2008),
    (1491, 5, 2009),
    (1491, 5, 2010),
    (1495, 5, 2009),
    (1495, 5, 2010),
    (1510, 5, 2009),
    (1510, 5, 2010),
    (1514, 5, 2008),
    (1514, 5, 2009),
    (1514, 5, 2010),
    (1521, 5, 2009),
    (1521, 5, 2010),
    (1527, 5, 2008),
    (1527, 5, 2009),
    (1527, 5, 2010),
    (1543, 5, 2008),
    (1543, 5, 2009),
    (1543, 5, 2010),
    (1549, 5, 2008),
    (1549, 5, 2009),
    (1549, 5, 2010),
    (1565, 5, 2008),
    (1585, 5, 2009),
    (1585, 5, 2010),
    (1602, 5, 2009),
    (1602, 5, 2010),
    (1615, 5, 2009),
    (1615, 5, 2010),
    (1616, 5, 2009),
    (1616, 5, 2010),
    (1636, 5, 2009),
    (1636, 5, 2010),
    (1638, 5, 2009),
    (1638, 5, 2010),
    (12, 6, 2002),
    (26, 6, 2002),
    (41, 6, 2002),
    (41, 6, 2003),
    (41, 6, 2004),
    (50, 6, 2004),
    (106, 6, 2006),
    (161, 6, 2000),
    (161, 6, 2001),
    (162, 6, 2000),
    (176, 6, 2000),
    (191, 6, 2000),
    (191, 6, 2001),
    (191, 6, 2002),
    (202, 6, 2000),
    (202, 6, 2001),
    (202, 6, 2002),
    (257, 6, 2000),
    (258, 6, 2002),
    (261, 6, 2002),
    (307, 6, 2001),
    (307, 6, 2002),
    (307, 6, 2003),
    (307, 6, 2004),
    (321, 6, 2001),
    (321, 6, 2002),
    (321, 6, 2003),
    (321, 6, 2004),
    (326, 6, 2001),
    (335, 6, 2001),
    (379, 6, 2002),
    (379, 6, 2003),
    (379, 6, 2004),
    (384, 6, 2004),
    (427, 6, 2003),
    (427, 6, 2004),
    (427, 6, 2005),
    (431, 6, 2003),
    (431, 6, 2004),
    (431, 6, 2005),
    (431, 6, 2006),
    (449, 6, 2003),
    (449, 6, 2004),
    (450, 6, 2003),
    (475, 6, 2003),
    (479, 6, 2003),
    (479, 6, 2004),
    (479, 6, 2005),
    (529, 6, 2006),
    (529, 6, 2007),
    (578, 6, 2005),
    (587, 6, 2005),
    (633, 6, 2005),
    (633, 6, 2006),
    (637, 6, 2005),
    (637, 6, 2006),
    (637, 9, 2007),
    (642, 6, 2005),
    (642, 6, 2008),
    (673, 6, 2006),
    (691, 6, 2006),
    (698, 6, 2006),
    (698, 6, 2007),
    (705, 6, 2006),
    (707, 6, 2006),
    (707, 6, 2007),
    (707, 6, 2008),
    (707, 6, 2009),
    (729, 6, 2006),
    (729, 6, 2007),
    (729, 6, 2009),
    (732, 6, 2006),
    (732, 6, 2008),
    (752, 6, 2009),
    (752, 6, 2010),
    (758, 6, 2007),
    (850, 6, 2008),
    (850, 6, 2009),
    (850, 6, 2010),
    (853, 6, 2008),
    (853, 6, 2009),
    (853, 6, 2010),
    (869, 6, 2008),
    (869, 6, 2009),
    (869, 6, 2010),
    (915, 6, 2008),
    (961, 6, 2009),
    (961, 6, 2010),
    (970, 6, 2009),
    (970, 6, 2010),
    (972, 6, 2009),
    (972, 6, 2010),
    (980, 6, 2009),
    (980, 6, 2010),
    (1001, 6, 2009),
    (1001, 6, 2010),
    (1023, 6, 2009),
    (1023, 6, 2010),
    (1066, 6, 2007),
    (1079, 6, 2006),
    (1111, 6, 2006),
    (1161, 6, 2006),
    (1161, 6, 2007),
    (1170, 6, 2008),
    (1221, 6, 2006),
    (1221, 6, 2007),
    (1221, 6, 2008),
    (1299, 6, 2009),
    (1331, 6, 2006),
    (1343, 6, 2006),
    (1389, 6, 2007),
    (1415, 6, 2007),
    (1415, 6, 2008),
    (1415, 6, 2009),
    (1415, 6, 2010),
    (1460, 6, 2008),
    (1460, 6, 2009),
    (1460, 6, 2010),
    (1461, 6, 2008),
    (1461, 6, 2009),
    (1461, 6, 2010),
    (1584, 6, 2009),
    (1584, 6, 2010),
    (1590, 6, 2009),
    (1590, 6, 2010),
    (1614, 6, 2009),
    (1614, 6, 2010),
    (32, 7, 2004),
    (35, 7, 2004),
    (40, 7, 2000),
    (47, 7, 2001),
    (47, 7, 2002),
    (47, 7, 2003),
    (49, 7, 2000),
    (63, 7, 2001),
    (63, 7, 2002),
    (74, 7, 2005),
    (113, 7, 2000),
    (113, 7, 2002),
    (160, 7, 2000),
    (174, 7, 2000),
    (174, 7, 2001),
    (182, 7, 2000),
    (182, 7, 2001),
    (227, 7, 2000),
    (239, 7, 2004),
    (239, 7, 2005),
    (245, 7, 2000),
    (254, 7, 2000),
    (273, 7, 2000),
    (273, 7, 2002),
    (273, 7, 2003),
    (283, 7, 2000),
    (347, 7, 2000),
    (347, 7, 2001),
    (347, 7, 2002),
    (347, 7, 2003),
    (347, 7, 2004),
    (348, 7, 2002),
    (358, 7, 2002),
    (388, 7, 2002),
    (410, 7, 2003),
    (410, 7, 2004),
    (410, 7, 2005),
    (410, 7, 2006),
    (413, 7, 2003),
    (413, 7, 2004),
    (413, 7, 2005),
    (418, 7, 2003),
    (420, 7, 2003),
    (420, 7, 2004),
    (420, 7, 2005),
    (420, 7, 2006),
    (423, 7, 2003),
    (423, 7, 2005),
    (424, 7, 2003),
    (454, 7, 2003),
    (454, 7, 2004),
    (454, 7, 2005),
    (454, 7, 2006),
    (460, 7, 2003),
    (460, 7, 2004),
    (480, 7, 2003),
    (506, 7, 2004),
    (510, 7, 2003),
    (510, 7, 2004),
    (510, 7, 2006),
    (510, 7, 2007),
    (511, 7, 2004),
    (515, 7, 2005),
    (515, 7, 2007),
    (536, 7, 2004),
    (571, 7, 2005),
    (571, 7, 2006),
    (666, 7, 2006),
    (672, 7, 2006),
    (672, 7, 2007),
    (672, 7, 2008),
    (672, 7, 2009),
    (674, 7, 2008),
    (674, 7, 2009),
    (683, 7, 2005),
    (683, 7, 2006),
    (713, 7, 2006),
    (713, 7, 2007),
    (713, 7, 2008),
    (713, 7, 2009),
    (734, 7, 2006),
    (734, 7, 2007),
    (734, 7, 2008),
    (777, 7, 2007),
    (777, 7, 2008),
    (777, 7, 2009),
    (777, 7, 2010),
    (798, 7, 2009),
    (798, 7, 2010),
    (831, 7, 2008),
    (843, 7, 2008),
    (843, 7, 2009),
    (843, 7, 2010),
    (849, 7, 2008),
    (891, 7, 2008),
    (891, 7, 2009),
    (891, 7, 2010),
    (950, 7, 2009),
    (950, 7, 2010),
    (962, 7, 2009),
    (962, 7, 2010),
    (1000, 7, 2009),
    (1000, 7, 2010),
    (1013, 7, 2009),
    (1013, 7, 2010),
    (1039, 7, 2009),
    (1039, 7, 2010),
    (1057, 7, 2006),
    (1064, 7, 2006),
    (1076, 7, 2006),
    (1080, 7, 2007),
    (1088, 7, 2006),
    (1118, 7, 2006),
    (1122, 7, 2006),
    (1122, 7, 2007),
    (1124, 7, 2006),
    (1132, 7, 2006),
    (1132, 7, 2007),
    (1149, 7, 2006),
    (1149, 7, 2007),
    (1213, 7, 2007),
    (1242, 7, 2008),
    (1277, 7, 2006),
    (1335, 7, 2006),
    (1374, 7, 2007),
    (1379, 7, 2007),
    (1445, 7, 2006),
    (1445, 7, 2007),
    (1445, 7, 2008),
    (1445, 7, 2009),
    (1445, 7, 2010),
    (1472, 7, 2008),
    (1472, 7, 2009),
    (1472, 7, 2010),
    (1522, 7, 2009),
    (1522, 7, 2010),
    (1553, 7, 2008),
    (1570, 7, 2009),
    (1570, 7, 2010),
    (1586, 7, 2009),
    (1586, 7, 2010),
    (1609, 7, 2009),
    (1609, 7, 2010),
    (1621, 7, 2009),
    (1621, 7, 2010),
    (1651, 7, 2009),
    (1651, 7, 2010),
    (1673, 7, 2009),
    (1673, 7, 2010),
    (1681, 7, 2009),
    (1681, 7, 2010),
    (15, 8, 2000),
    (15, 8, 2001),
    (21, 8, 2001),
    (29, 8, 2001),
    (29, 8, 2002),
    (34, 8, 2001),
    (39, 8, 2001),
    (43, 8, 2002),
    (60, 8, 2000),
    (60, 8, 2001),
    (77, 8, 2001),
    (102, 8, 2000),
    (102, 8, 2001),
    (111, 8, 2003),
    (136, 8, 2000),
    (236, 8, 2000),
    (236, 8, 2001),
    (236, 8, 2003),
    (264, 8, 2000),
    (300, 8, 2001),
    (300, 8, 2002),
    (300, 8, 2003),
    (300, 8, 2004),
    (327, 8, 2001),
    (327, 8, 2002),
    (327, 8, 2003),
    (327, 8, 2004),
    (340, 8, 2002),
    (391, 8, 2002),
    (391, 8, 2003),
    (391, 8, 2005),
    (392, 8, 2002),
    (392, 8, 2003),
    (392, 8, 2005),
    (395, 8, 2003),
    (421, 8, 2003),
    (432, 8, 2003),
    (435, 8, 2003),
    (435, 8, 2004),
    (435, 8, 2005),
    (435, 8, 2006),
    (458, 8, 2003),
    (458, 8, 2004),
    (464, 8, 2005),
    (464, 8, 2006),
    (464, 8, 2007),
    (471, 8, 2003),
    (472, 8, 2003),
    (472, 8, 2004),
    (472, 8, 2005),
    (472, 8, 2006),
    (477, 8, 2003),
    (477, 8, 2004),
    (477, 8, 2005),
    (477, 8, 2006),
    (494, 8, 2005),
    (494, 8, 2006),
    (494, 8, 2007),
    (528, 8, 2004),
    (528, 8, 2005),
    (528, 8, 2006),
    (559, 8, 2004),
    (572, 8, 2004),
    (572, 8, 2005),
    (572, 8, 2006),
    (572, 8, 2007),
    (641, 8, 2005),
    (663, 8, 2006),
    (664, 8, 2006),
    (664, 8, 2007),
    (665, 8, 2006),
    (665, 8, 2007),
    (665, 8, 2008),
    (665, 8, 2009),
    (676, 8, 2006),
    (676, 8, 2007),
    (676, 8, 2008),
    (676, 8, 2009),
    (701, 8, 2006),
    (701, 8, 2007),
    (701, 8, 2008),
    (701, 8, 2009),
    (796, 8, 2007),
    (806, 8, 2007),
    (806, 8, 2008),
    (823, 8, 2008),
    (823, 8, 2009),
    (823, 8, 2010),
    (828, 8, 2008),
    (828, 8, 2009),
    (828, 8, 2010),
    (841, 8, 2008),
    (865, 8, 2008),
    (865, 8, 2009),
    (865, 8, 2010),
    (888, 8, 2008),
    (943, 8, 2008),
    (943, 8, 2009),
    (943, 8, 2010),
    (947, 8, 2008),
    (947, 8, 2009),
    (947, 8, 2010),
    (968, 8, 2009),
    (968, 8, 2010),
    (1011, 8, 2009),
    (1011, 8, 2010),
    (1051, 8, 2006),
    (1054, 8, 2007),
    (1054, 8, 2008),
    (1098, 8, 2006),
    (1105, 8, 2006),
    (1112, 8, 2006),
    (1158, 8, 2007),
    (1171, 8, 2006),
    (1171, 8, 2007),
    (1171, 8, 2008),
    (1182, 8, 2006),
    (1182, 8, 2008),
    (1192, 8, 2006),
    (1192, 8, 2007),
    (1192, 8, 2008),
    (1204, 8, 2006),
    (1204, 8, 2007),
    (1204, 8, 2008),
    (1227, 8, 2006),
    (1227, 8, 2007),
    (1227, 8, 2008),
    (1266, 8, 2006),
    (1266, 8, 2007),
    (1266, 8, 2008),
    (1266, 8, 2009),
    (1272, 8, 2006),
    (1295, 8, 2006),
    (1295, 8, 2007),
    (1295, 8, 2008),
    (1295, 8, 2009),
    (1325, 8, 2006),
    (1325, 8, 2007),
    (1337, 8, 2006),
    (1347, 8, 2006),
    (1347, 8, 2007),
    (1347, 8, 2008),
    (1347, 8, 2009),
    (1391, 8, 2007),
    (1416, 8, 2007),
    (1416, 8, 2008),
    (1439, 8, 2007),
    (1475, 8, 2008),
    (1475, 8, 2009),
    (1475, 8, 2010),
    (1488, 8, 2008),
    (1488, 8, 2009),
    (1488, 8, 2010),
    (1498, 8, 2008),
    (1498, 8, 2009),
    (1498, 8, 2010),
    (1501, 8, 2009),
    (1501, 8, 2010),
    (1520, 8, 2008),
    (1529, 8, 2008),
    (1547, 8, 2008),
    (1547, 8, 2009),
    (1547, 8, 2010),
    (1567, 8, 2008),
    (1574, 8, 2008),
    (1589, 8, 2009),
    (1589, 8, 2010),
    (1644, 8, 2009),
    (1644, 8, 2010),
    (2, 9, 2007),
    (20, 9, 2002),
    (33, 9, 2005),
    (37, 9, 2000),
    (53, 9, 2004),
    (58, 9, 2000),
    (75, 9, 2003),
    (78, 9, 2003),
    (81, 9, 2005),
    (81, 9, 2006),
    (82, 9, 2006),
    (83, 9, 2004),
    (92, 9, 2005),
    (97, 9, 2003),
    (110, 9, 2006),
    (125, 9, 1999),
    (138, 9, 2000),
    (139, 9, 2000),
    (142, 9, 2000),
    (187, 9, 2000),
    (187, 9, 2001),
    (201, 9, 2000),
    (237, 9, 2000),
    (237, 9, 2001),
    (246, 9, 2001),
    (247, 9, 2000),
    (247, 9, 2001),
    (247, 9, 2002),
    (247, 9, 2003),
    (263, 9, 2001),
    (270, 9, 2000),
    (272, 9, 2001),
    (272, 9, 2002),
    (272, 9, 2003),
    (280, 9, 2000),
    (280, 9, 2001),
    (280, 9, 2002),
    (280, 9, 2003),
    (288, 9, 2000),
    (288, 9, 2001),
    (288, 9, 2002),
    (288, 9, 2003),
    (289, 9, 2001),
    (290, 9, 2001),
    (290, 9, 2002),
    (296, 9, 2001),
    (296, 9, 2002),
    (296, 9, 2003),
    (296, 9, 2004),
    (302, 9, 2001),
    (302, 9, 2002),
    (302, 9, 2003),
    (302, 9, 2005),
    (308, 9, 2001),
    (308, 9, 2002),
    (308, 9, 2003),
    (308, 9, 2004),
    (310, 9, 2001),
    (310, 9, 2002),
    (313, 9, 2001),
    (313, 9, 2002),
    (313, 9, 2003),
    (313, 9, 2004),
    (314, 9, 2001),
    (314, 9, 2002),
    (315, 9, 2001),
    (315, 9, 2002),
    (315, 9, 2003),
    (315, 9, 2004),
    (322, 9, 2001),
    (325, 9, 2000),
    (325, 9, 2001),
    (325, 9, 2003),
    (325, 9, 2004),
    (329, 9, 2000),
    (329, 9, 2001),
    (330, 9, 2001),
    (330, 9, 2002),
    (330, 9, 2003),
    (330, 9, 2004),
    (330, 9, 2005),
    (339, 9, 2001),
    (341, 9, 2001),
    (341, 9, 2002),
    (343, 9, 2001),
    (343, 9, 2002),
    (343, 9, 2004),
    (359, 9, 2002),
    (367, 9, 2002),
    (371, 9, 2002),
    (372, 9, 2002),
    (382, 9, 2001),
    (382, 9, 2002),
    (382, 9, 2003),
    (382, 9, 2005),
    (383, 9, 2002),
    (399, 9, 2002),
    (399, 9, 2003),
    (399, 9, 2004),
    (399, 9, 2005),
    (400, 9, 2002),
    (401, 9, 2002),
    (401, 9, 2003),
    (401, 9, 2004),
    (401, 9, 2005),
    (403, 9, 2003),
    (403, 9, 2004),
    (403, 9, 2005),
    (405, 9, 2003),
    (405, 9, 2004),
    (412, 9, 2006),
    (429, 9, 2003),
    (429, 9, 2004),
    (429, 9, 2005),
    (429, 9, 2006),
    (434, 9, 2003),
    (434, 9, 2004),
    (443, 9, 2003),
    (443, 9, 2004),
    (443, 9, 2005),
    (443, 9, 2006),
    (448, 9, 2004),
    (476, 9, 2003),
    (476, 9, 2004),
    (476, 9, 2005),
    (476, 9, 2006),
    (481, 9, 2003),
    (482, 9, 2003),
    (482, 9, 2004),
    (489, 9, 2004),
    (489, 9, 2005),
    (489, 9, 2006),
    (489, 9, 2007),
    (537, 9, 2005),
    (537, 9, 2007),
    (538, 9, 2004),
    (539, 9, 2004),
    (539, 9, 2005),
    (539, 9, 2006),
    (539, 9, 2007),
    (542, 9, 2004),
    (542, 9, 2005),
    (542, 9, 2006),
    (542, 9, 2007),
    (543, 9, 2004),
    (543, 9, 2007),
    (576, 9, 2005),
    (576, 9, 2006),
    (593, 9, 2005),
    (593, 9, 2006),
    (593, 9, 2007),
    (593, 9, 2008),
    (600, 9, 2005),
    (600, 9, 2006),
    (600, 9, 2007),
    (600, 9, 2008),
    (609, 9, 2005),
    (609, 9, 2006),
    (609, 9, 2007),
    (609, 9, 2008),
    (615, 9, 2005),
    (615, 9, 2006),
    (615, 9, 2007),
    (615, 9, 2008),
    (690, 9, 2006),
    (690, 9, 2007),
    (692, 9, 2006),
    (692, 9, 2007),
    (692, 9, 2008),
    (692, 9, 2009),
    (695, 9, 2006),
    (700, 9, 2006),
    (710, 9, 2006),
    (710, 9, 2007),
    (710, 9, 2008),
    (710, 9, 2009),
    (718, 9, 2006),
    (721, 9, 2006),
    (721, 9, 2007),
    (735, 9, 2006),
    (735, 9, 2007),
    (735, 9, 2009),
    (757, 9, 2007),
    (764, 9, 2007),
    (784, 9, 2007),
    (784, 9, 2008),
    (788, 9, 2007),
    (788, 9, 2008),
    (788, 9, 2009),
    (788, 9, 2010),
    (789, 9, 2007),
    (789, 9, 2008),
    (795, 9, 2007),
    (795, 9, 2008),
    (795, 9, 2009),
    (795, 9, 2010),
    (799, 9, 2007),
    (799, 9, 2008),
    (799, 9, 2009),
    (799, 9, 2010),
    (800, 9, 2007),
    (800, 9, 2008),
    (800, 9, 2009),
    (800, 9, 2010),
    (808, 9, 2007),
    (808, 9, 2008),
    (808, 9, 2009),
    (808, 9, 2010),
    (844, 9, 2008),
    (844, 9, 2009),
    (844, 9, 2010),
    (854, 9, 2008),
    (854, 9, 2009),
    (854, 9, 2010),
    (855, 9, 2008),
    (855, 9, 2009),
    (855, 9, 2010),
    (858, 9, 2006),
    (858, 9, 2009),
    (858, 9, 2010),
    (868, 9, 2008),
    (872, 9, 2008),
    (872, 9, 2009),
    (872, 9, 2010),
    (883, 9, 2008),
    (883, 9, 2009),
    (883, 9, 2010),
    (898, 9, 2008),
    (898, 9, 2009),
    (898, 9, 2010),
    (910, 9, 2008),
    (910, 9, 2009),
    (910, 9, 2010),
    (954, 9, 2009),
    (954, 9, 2010),
    (958, 9, 2009),
    (958, 9, 2010),
    (967, 9, 2009),
    (967, 9, 2010),
    (985, 9, 2009),
    (985, 9, 2010),
    (993, 9, 2009),
    (993, 9, 2010),
    (1002, 9, 2009),
    (1002, 9, 2010),
    (1009, 9, 2009),
    (1009, 9, 2010),
    (1031, 9, 2009),
    (1031, 9, 2010),
    (1059, 9, 2006),
    (1059, 9, 2007),
    (1059, 9, 2008),
    (1072, 9, 2006),
    (1073, 9, 2008),
    (1093, 9, 2006),
    (1113, 9, 2006),
    (1120, 9, 2006),
    (1128, 9, 2006),
    (1128, 9, 2007),
    (1142, 9, 2006),
    (1142, 9, 2007),
    (1151, 9, 2006),
    (1151, 9, 2007),
    (1169, 9, 2006),
    (1169, 9, 2007),
    (1179, 9, 2006),
    (1179, 9, 2007),
    (1179, 9, 2008),
    (1186, 9, 2006),
    (1186, 9, 2007),
    (1186, 9, 2008),
    (1208, 9, 2006),
    (1208, 9, 2007),
    (1208, 9, 2008),
    (1225, 9, 2006),
    (1225, 9, 2007),
    (1225, 9, 2008),
    (1235, 9, 2007),
    (1243, 9, 2006),
    (1243, 9, 2007),
    (1243, 9, 2008),
    (1300, 9, 2006),
    (1300, 9, 2007),
    (1300, 9, 2008),
    (1322, 9, 2006),
    (1322, 9, 2007),
    (1322, 9, 2008),
    (1322, 9, 2009),
    (1349, 9, 2006),
    (1349, 9, 2007),
    (1349, 9, 2008),
    (1349, 9, 2009),
    (1350, 9, 2006),
    (1350, 9, 2007),
    (1350, 9, 2008),
    (1350, 9, 2009),
    (1394, 9, 2007),
    (1394, 9, 2008),
    (1394, 9, 2009),
    (1394, 9, 2010),
    (1397, 9, 2007),
    (1402, 9, 2009),
    (1402, 9, 2010),
    (1503, 9, 2008),
    (1503, 9, 2009),
    (1503, 9, 2010),
    (1519, 9, 2008),
    (1530, 9, 2008),
    (1530, 9, 2009),
    (1530, 9, 2010),
    (1537, 9, 2008),
    (1537, 9, 2009),
    (1537, 9, 2010),
    (1539, 9, 2008),
    (1539, 9, 2009),
    (1539, 9, 2010),
    (1578, 9, 2008),
    (1578, 9, 2009),
    (1578, 9, 2010),
    (1610, 9, 2009),
    (1610, 9, 2010),
    (1617, 9, 2009),
    (1617, 9, 2010),
    (1655, 9, 2009),
    (1655, 9, 2010),
    (1665, 9, 2009),
    (1665, 9, 2010),
    (1674, 9, 2009),
    (1674, 9, 2010),
    (1677, 9, 2009),
    (1677, 9, 2010),
    (5, 10, 2000),
    (5, 10, 2002),
    (67, 10, 2004),
    (67, 10, 2007),
    (90, 10, 2007),
    (94, 10, 2007),
    (101, 10, 2006),
    (101, 10, 2007),
    (205, 10, 2000),
    (230, 10, 2000),
    (230, 10, 2002),
    (230, 10, 2003),
    (231, 10, 2003),
    (252, 10, 2000),
    (252, 10, 2002),
    (252, 10, 2003),
    (281, 10, 2000),
    (287, 10, 2000),
    (287, 10, 2002),
    (333, 10, 2001),
    (380, 10, 2002),
    (380, 10, 2003),
    (380, 10, 2004),
    (380, 10, 2005),
    (415, 10, 2003),
    (415, 10, 2005),
    (415, 10, 2006),
    (440, 10, 2004),
    (470, 10, 2003),
    (486, 10, 2003),
    (486, 10, 2004),
    (486, 10, 2005),
    (514, 10, 2002),
    (518, 10, 2004),
    (518, 10, 2006),
    (518, 10, 2007),
    (527, 10, 2004),
    (527, 10, 2005),
    (527, 10, 2006),
    (527, 10, 2007),
    (541, 10, 2007),
    (556, 10, 2004),
    (556, 10, 2005),
    (556, 10, 2006),
    (556, 10, 2007),
    (662, 10, 2008),
    (669, 10, 2007),
    (669, 10, 2008),
    (669, 10, 2009),
    (677, 10, 2006),
    (677, 10, 2007),
    (697, 10, 2007),
    (748, 10, 2007),
    (748, 10, 2008),
    (748, 10, 2009),
    (748, 10, 2010),
    (763, 10, 2007),
    (763, 10, 2008),
    (763, 10, 2009),
    (763, 10, 2010),
    (783, 10, 2008),
    (846, 10, 2008),
    (846, 10, 2009),
    (846, 10, 2010),
    (871, 10, 2008),
    (871, 10, 2009),
    (871, 10, 2010),
    (886, 10, 2008),
    (886, 10, 2009),
    (886, 10, 2010),
    (914, 10, 2008),
    (914, 10, 2009),
    (914, 10, 2010),
    (916, 10, 2008),
    (929, 10, 2008),
    (929, 10, 2009),
    (929, 10, 2010),
    (934, 10, 2008),
    (934, 10, 2009),
    (934, 10, 2010),
    (977, 10, 2009),
    (977, 10, 2010),
    (1008, 10, 2009),
    (1008, 10, 2010),
    (1049, 10, 2009),
    (1049, 10, 2010),
    (1101, 10, 2006),
    (1127, 10, 2006),
    (1127, 10, 2007),
    (1159, 10, 2006),
    (1159, 10, 2007),
    (1249, 10, 2006),
    (1249, 10, 2007),
    (1249, 10, 2009),
    (1263, 10, 2007),
    (1296, 10, 2006),
    (1296, 10, 2007),
    (1296, 10, 2008),
    (1353, 10, 2007),
    (1353, 10, 2009),
    (1368, 10, 2007),
    (1368, 10, 2008),
    (1368, 10, 2009),
    (1368, 10, 2010),
    (1369, 10, 2007),
    (1369, 10, 2008),
    (1369, 10, 2009),
    (1369, 10, 2010),
    (1373, 10, 2007),
    (1373, 10, 2009),
    (1373, 10, 2010),
    (1427, 10, 2007),
    (1427, 10, 2008),
    (1427, 10, 2009),
    (1427, 10, 2010),
    (1429, 10, 2008),
    (1437, 10, 2007),
    (1437, 10, 2008),
    (1455, 10, 2007),
    (1455, 10, 2008),
    (1457, 10, 2008),
    (1457, 10, 2009),
    (1457, 10, 2010),
    (1473, 10, 2008),
    (1473, 10, 2009),
    (1473, 10, 2010),
    (1487, 10, 2008),
    (1487, 10, 2009),
    (1487, 10, 2010),
    (1559, 10, 2008),
    (1559, 10, 2009),
    (1559, 10, 2010),
    (1571, 10, 2008),
    (1571, 10, 2009),
    (1571, 10, 2010),
    (1591, 10, 2009),
    (1591, 10, 2010),
    (1604, 10, 2009),
    (1604, 10, 2010),
    (1627, 10, 2009),
    (1627, 10, 2010),
    (1642, 10, 2009),
    (1642, 10, 2010),
    (1647, 10, 2009),
    (1647, 10, 2010),
    (1658, 10, 2009),
    (1658, 10, 2010),
    (7, 11, 2005),
    (17, 11, 2005),
    (51, 11, 2002),
    (54, 11, 2007),
    (61, 11, 2005),
    (61, 11, 2006),
    (61, 11, 2007),
    (87, 11, 2004),
    (88, 11, 2004),
    (88, 11, 2007),
    (96, 11, 2004),
    (96, 11, 2005),
    (96, 11, 2006),
    (96, 11, 2007),
    (118, 11, 2004),
    (118, 11, 2005),
    (118, 11, 2006),
    (118, 11, 2007),
    (150, 11, 2000),
    (177, 11, 2000),
    (200, 11, 2000),
    (200, 11, 2001),
    (255, 11, 2000),
    (260, 11, 2000),
    (260, 11, 2001),
    (276, 11, 2002),
    (276, 11, 2003),
    (301, 11, 2002),
    (301, 11, 2003),
    (320, 11, 2001),
    (320, 11, 2002),
    (320, 11, 2003),
    (334, 11, 2001),
    (334, 11, 2002),
    (334, 11, 2003),
    (334, 11, 2004),
    (360, 11, 2003),
    (369, 11, 2003),
    (437, 11, 2003),
    (548, 11, 2006),
    (548, 11, 2007),
    (570, 11, 2004),
    (608, 11, 2005),
    (643, 11, 2005),
    (643, 11, 2006),
    (643, 11, 2007),
    (643, 11, 2008),
    (668, 11, 2006),
    (687, 11, 2007),
    (687, 11, 2008),
    (687, 11, 2009),
    (731, 11, 2008),
    (794, 11, 2007),
    (794, 11, 2008),
    (794, 11, 2009),
    (794, 11, 2010),
    (876, 11, 2008),
    (876, 11, 2009),
    (876, 11, 2010),
    (887, 11, 2009),
    (887, 11, 2010),
    (921, 11, 2008),
    (922, 11, 2009),
    (922, 11, 2010),
    (933, 11, 2008),
    (933, 11, 2009),
    (933, 11, 2010),
    (1034, 11, 2009),
    (1034, 11, 2010),
    (1103, 11, 2006),
    (1207, 11, 2007),
    (1207, 11, 2008),
    (1216, 11, 2007),
    (1216, 11, 2008),
    (1217, 11, 2008),
    (1232, 11, 2007),
    (1233, 11, 2006),
    (1233, 11, 2007),
    (1233, 11, 2008),
    (1275, 11, 2008),
    (1280, 11, 2006),
    (1280, 11, 2007),
    (1294, 11, 2007),
    (1372, 11, 2007),
    (1372, 11, 2008),
    (1372, 11, 2009),
    (1372, 11, 2010),
    (1378, 11, 2007),
    (1378, 11, 2008),
    (1378, 11, 2009),
    (1378, 11, 2010),
    (1393, 11, 2007),
    (1393, 11, 2008),
    (1393, 11, 2009),
    (1393, 11, 2010),
    (1413, 11, 2007),
    (1471, 11, 2008),
    (1471, 11, 2009),
    (1471, 11, 2010),
    (1474, 11, 2008),
    (1474, 11, 2009),
    (1474, 11, 2010),
    (1517, 11, 2008),
    (1517, 11, 2009),
    (1517, 11, 2010),
    (1556, 11, 2008),
    (1598, 11, 2009),
    (1598, 11, 2010),
    (1611, 11, 2009),
    (1611, 11, 2010),
    (4, 12, 2001),
    (4, 12, 2002),
    (16, 12, 2001),
    (16, 12, 2002),
    (114, 12, 2003),
    (140, 12, 2000),
    (141, 12, 1999),
    (141, 12, 2000),
    (143, 12, 2000),
    (190, 12, 2000),
    (190, 12, 2001),
    (190, 12, 2002),
    (197, 12, 2000),
    (197, 12, 2001),
    (197, 12, 2002),
    (206, 12, 2001),
    (208, 12, 2001),
    (210, 12, 2002),
    (211, 12, 2000),
    (211, 12, 2001),
    (211, 12, 2002),
    (213, 12, 2000),
    (213, 12, 2001),
    (213, 12, 2002),
    (217, 12, 2001),
    (229, 12, 2001),
    (229, 12, 2002),
    (229, 12, 2003),
    (274, 12, 2001),
    (274, 12, 2003),
    (292, 12, 2001),
    (362, 12, 2003),
    (368, 12, 2003),
    (368, 12, 2004),
    (368, 12, 2005),
    (378, 12, 2003),
    (390, 12, 2003),
    (390, 12, 2004),
    (390, 12, 2005),
    (406, 12, 2003),
    (430, 12, 2003),
    (430, 12, 2004),
    (430, 12, 2005),
    (430, 12, 2006),
    (446, 12, 2005),
    (455, 12, 2003),
    (455, 12, 2005),
    (455, 12, 2006),
    (462, 12, 2003),
    (483, 12, 2003),
    (485, 12, 2003),
    (490, 12, 2005),
    (490, 12, 2007),
    (502, 12, 2005),
    (502, 12, 2006),
    (502, 12, 2007),
    (504, 12, 2007),
    (513, 12, 2004),
    (513, 12, 2005),
    (513, 12, 2007),
    (521, 12, 2004),
    (521, 12, 2005),
    (523, 12, 2006),
    (523, 12, 2007),
    (526, 12, 2004),
    (526, 12, 2007),
    (603, 12, 2005),
    (603, 12, 2006),
    (603, 12, 2007),
    (603, 12, 2008),
    (647, 12, 2005),
    (647, 12, 2006),
    (647, 12, 2007),
    (647, 12, 2008),
    (656, 12, 2007),
    (693, 12, 2007),
    (693, 12, 2008),
    (693, 12, 2009),
    (694, 12, 2007),
    (694, 12, 2008),
    (694, 12, 2009),
    (703, 12, 2006),
    (703, 12, 2007),
    (704, 12, 2007),
    (724, 12, 2007),
    (724, 12, 2008),
    (724, 12, 2009),
    (743, 12, 2007),
    (743, 12, 2008),
    (743, 12, 2009),
    (743, 12, 2010),
    (754, 12, 2007),
    (754, 12, 2008),
    (754, 12, 2009),
    (754, 12, 2010),
    (759, 12, 2007),
    (759, 12, 2008),
    (759, 12, 2009),
    (759, 12, 2010),
    (761, 12, 2007),
    (761, 12, 2008),
    (761, 12, 2009),
    (761, 12, 2010),
    (770, 12, 2008),
    (770, 12, 2009),
    (770, 12, 2010),
    (781, 12, 2007),
    (781, 12, 2008),
    (781, 12, 2009),
    (781, 12, 2010),
    (805, 12, 2007),
    (810, 12, 2007),
    (810, 12, 2008),
    (810, 12, 2009),
    (810, 12, 2010),
    (813, 12, 2007),
    (813, 12, 2008),
    (813, 12, 2009),
    (813, 12, 2010),
    (830, 12, 2009),
    (830, 12, 2010),
    (845, 12, 2008),
    (845, 12, 2009),
    (845, 12, 2010),
    (859, 12, 2008),
    (859, 12, 2009),
    (859, 12, 2010),
    (878, 12, 2008),
    (878, 12, 2009),
    (878, 12, 2010),
    (885, 12, 2008),
    (885, 12, 2009),
    (885, 12, 2010),
    (896, 12, 2008),
    (902, 12, 2008),
    (902, 12, 2009),
    (902, 12, 2010),
    (911, 12, 2008),
    (911, 12, 2009),
    (911, 12, 2010),
    (918, 12, 2008),
    (918, 12, 2009),
    (918, 12, 2010),
    (924, 12, 2008),
    (955, 12, 2009),
    (955, 12, 2010),
    (966, 12, 2009),
    (966, 12, 2010),
    (969, 12, 2009),
    (969, 12, 2010),
    (971, 12, 2009),
    (971, 12, 2010),
    (990, 12, 2009),
    (990, 12, 2010),
    (1015, 12, 2009),
    (1015, 12, 2010),
    (1018, 12, 2009),
    (1018, 12, 2010),
    (1021, 12, 2009),
    (1021, 12, 2010),
    (1024, 12, 2009),
    (1024, 12, 2010),
    (1040, 12, 2009),
    (1040, 12, 2010),
    (1081, 12, 2006),
    (1104, 12, 2006),
    (1135, 12, 2007),
    (1157, 12, 2007),
    (1189, 12, 2008),
    (1191, 12, 2008),
    (1194, 12, 2007),
    (1209, 12, 2006),
    (1209, 12, 2007),
    (1209, 12, 2008),
    (1215, 12, 2006),
    (1215, 12, 2007),
    (1218, 12, 2006),
    (1218, 12, 2007),
    (1228, 12, 2006),
    (1228, 12, 2007),
    (1228, 12, 2008),
    (1251, 12, 2007),
    (1251, 12, 2009),
    (1298, 12, 2007),
    (1298, 12, 2008),
    (1312, 12, 2006),
    (1312, 12, 2007),
    (1329, 12, 2007),
    (1329, 12, 2008),
    (1329, 12, 2009),
    (1386, 12, 2007),
    (1386, 12, 2008),
    (1387, 12, 2007),
    (1435, 12, 2007),
    (1435, 12, 2008),
    (1435, 12, 2009),
    (1435, 12, 2010),
    (1438, 12, 2007),
    (1438, 12, 2008),
    (1462, 12, 2008),
    (1464, 12, 2008),
    (1464, 12, 2009),
    (1464, 12, 2010),
    (1483, 12, 2008),
    (1483, 12, 2009),
    (1483, 12, 2010),
    (1492, 12, 2008),
    (1496, 12, 2008),
    (1496, 12, 2009),
    (1496, 12, 2010),
    (1504, 12, 2009),
    (1504, 12, 2010),
    (1508, 12, 2008),
    (1508, 12, 2009),
    (1508, 12, 2010),
    (1535, 12, 2008),
    (1535, 12, 2009),
    (1535, 12, 2010),
    (1542, 12, 2008),
    (1550, 12, 2008),
    (1554, 12, 2008),
    (1554, 12, 2009),
    (1554, 12, 2010),
    (1563, 12, 2008),
    (1563, 12, 2009),
    (1563, 12, 2010),
    (1572, 12, 2009),
    (1572, 12, 2010),
    (1573, 12, 2008),
    (1573, 12, 2009),
    (1573, 12, 2010),
    (1599, 12, 2009),
    (1599, 12, 2010),
    (1620, 12, 2009),
    (1620, 12, 2010),
    (1625, 12, 2009),
    (1625, 12, 2010),
    (1662, 12, 2009),
    (1662, 12, 2010),
    (1686, 12, 2009),
    (1686, 12, 2010),
    (1687, 12, 2009),
    (1687, 12, 2010),
    (1688, 12, 2009),
    (1688, 12, 2010),
    (22, 13, 2002),
    (24, 13, 2002),
    (42, 13, 2002),
    (84, 13, 2004),
    (84, 13, 2005),
    (109, 13, 2002),
    (159, 13, 2000),
    (218, 13, 2000),
    (244, 13, 2000),
    (259, 13, 2000),
    (259, 13, 2001),
    (259, 13, 2002),
    (259, 13, 2003),
    (312, 13, 2002),
    (312, 13, 2003),
    (312, 13, 2004),
    (323, 13, 2001),
    (323, 13, 2002),
    (323, 13, 2003),
    (323, 13, 2004),
    (342, 13, 2001),
    (342, 13, 2003),
    (342, 13, 2004),
    (409, 13, 2003),
    (409, 13, 2004),
    (409, 13, 2005),
    (411, 13, 2006),
    (416, 13, 2003),
    (444, 13, 2005),
    (444, 13, 2006),
    (484, 13, 2003),
    (498, 13, 2004),
    (498, 13, 2005),
    (498, 13, 2006),
    (498, 13, 2007),
    (544, 13, 2006),
    (544, 13, 2007),
    (553, 13, 2005),
    (553, 13, 2006),
    (553, 13, 2007),
    (564, 13, 2005),
    (564, 13, 2006),
    (564, 13, 2007),
    (566, 13, 2007),
    (583, 13, 2006),
    (583, 13, 2007),
    (583, 13, 2008),
    (605, 13, 2007),
    (605, 13, 2008),
    (605, 13, 2009),
    (622, 13, 2005),
    (622, 13, 2007),
    (622, 13, 2008),
    (636, 13, 2007),
    (636, 13, 2008),
    (659, 13, 2007),
    (659, 13, 2008),
    (671, 13, 2008),
    (682, 13, 2007),
    (688, 13, 2007),
    (688, 13, 2008),
    (688, 13, 2009),
    (708, 13, 2008),
    (737, 13, 2007),
    (773, 13, 2007),
    (773, 13, 2008),
    (773, 13, 2009),
    (773, 13, 2010),
    (779, 13, 2007),
    (818, 13, 2007),
    (818, 13, 2008),
    (839, 13, 2008),
    (839, 13, 2009),
    (839, 13, 2010),
    (852, 13, 2008),
    (852, 13, 2009),
    (852, 13, 2010),
    (870, 13, 2009),
    (870, 13, 2010),
    (879, 13, 2008),
    (879, 13, 2009),
    (879, 13, 2010),
    (889, 13, 2008),
    (889, 13, 2009),
    (889, 13, 2010),
    (895, 13, 2008),
    (904, 13, 2008),
    (907, 13, 2008),
    (927, 13, 2008),
    (956, 13, 2009),
    (956, 13, 2010),
    (963, 13, 2009),
    (963, 13, 2010),
    (984, 13, 2009),
    (984, 13, 2010),
    (992, 13, 2009),
    (992, 13, 2010),
    (994, 13, 2009),
    (994, 13, 2010),
    (1004, 13, 2009),
    (1004, 13, 2010),
    (1028, 13, 2009),
    (1028, 13, 2010),
    (1029, 13, 2009),
    (1029, 13, 2010),
    (1085, 13, 2006),
    (1130, 13, 2006),
    (1130, 13, 2007),
    (1166, 13, 2006),
    (1201, 13, 2006),
    (1201, 13, 2007),
    (1201, 13, 2008),
    (1203, 13, 2007),
    (1203, 13, 2008),
    (1210, 13, 2007),
    (1246, 13, 2007),
    (1259, 13, 2007),
    (1259, 13, 2008),
    (1259, 13, 2009),
    (1286, 13, 2006),
    (1286, 13, 2007),
    (1286, 13, 2008),
    (1286, 13, 2009),
    (1288, 13, 2007),
    (1288, 13, 2008),
    (1288, 13, 2009),
    (1290, 13, 2007),
    (1290, 13, 2008),
    (1290, 13, 2009),
    (1304, 13, 2009),
    (1324, 13, 2006),
    (1324, 13, 2007),
    (1324, 13, 2008),
    (1324, 13, 2009),
    (1352, 13, 2006),
    (1352, 13, 2007),
    (1384, 13, 2007),
    (1384, 13, 2008),
    (1388, 13, 2008),
    (1388, 13, 2009),
    (1388, 13, 2010),
    (1418, 13, 2007),
    (1418, 13, 2008),
    (1418, 13, 2009),
    (1418, 13, 2010),
    (1443, 13, 2007),
    (1446, 13, 2007),
    (1446, 13, 2008),
    (1446, 13, 2009),
    (1446, 13, 2010),
    (1479, 13, 2008),
    (1479, 13, 2009),
    (1479, 13, 2010),
    (1481, 13, 2008),
    (1481, 13, 2009),
    (1481, 13, 2010),
    (1484, 13, 2008),
    (1484, 13, 2009),
    (1484, 13, 2010),
    (1525, 13, 2008),
    (1525, 13, 2009),
    (1525, 13, 2010),
    (1538, 13, 2008),
    (1538, 13, 2009),
    (1538, 13, 2010),
    (1577, 13, 2008),
    (1577, 13, 2009),
    (1577, 13, 2010),
    (1580, 13, 2008),
    (1580, 13, 2009),
    (1580, 13, 2010),
    (1607, 13, 2009),
    (1607, 13, 2010),
    (1619, 13, 2009),
    (1619, 13, 2010),
    (1630, 13, 2009),
    (1630, 13, 2010),
    (1631, 13, 2009),
    (1631, 13, 2010),
    (1635, 13, 2009),
    (1635, 13, 2010),
    (1640, 13, 2009),
    (1640, 13, 2010),
    (1659, 13, 2009),
    (1659, 13, 2010),
    (1664, 13, 2009),
    (1664, 13, 2010),
    (1667, 13, 2009),
    (1667, 13, 2010),
    (1667, 15, 2006),
    (1678, 13, 2009),
    (1678, 13, 2010),
    (10, 14, 2000),
    (10, 14, 2001),
    (10, 14, 2002),
    (38, 14, 2002),
    (73, 14, 2007),
    (133, 14, 1999),
    (133, 14, 2000),
    (149, 14, 2000),
    (172, 14, 2000),
    (172, 14, 2001),
    (179, 14, 2001),
    (214, 14, 2000),
    (243, 14, 2001),
    (243, 14, 2002),
    (243, 14, 2003),
    (243, 14, 2004),
    (249, 14, 2000),
    (268, 14, 2000),
    (293, 14, 2004),
    (294, 14, 2001),
    (294, 14, 2002),
    (294, 14, 2003),
    (311, 14, 2002),
    (311, 14, 2003),
    (311, 14, 2004),
    (317, 14, 2001),
    (317, 14, 2002),
    (317, 14, 2003),
    (332, 14, 2001),
    (349, 14, 2004),
    (349, 14, 2005),
    (357, 14, 2002),
    (357, 14, 2003),
    (357, 14, 2004),
    (357, 14, 2005),
    (398, 14, 2005),
    (442, 14, 2003),
    (442, 14, 2004),
    (442, 14, 2005),
    (442, 14, 2006),
    (447, 14, 2005),
    (453, 14, 2003),
    (453, 14, 2004),
    (453, 14, 2005),
    (453, 14, 2006),
    (557, 14, 2007),
    (604, 14, 2005),
    (627, 14, 2006),
    (627, 14, 2007),
    (627, 14, 2008),
    (635, 14, 2006),
    (635, 14, 2007),
    (635, 14, 2008),
    (638, 14, 2007),
    (638, 14, 2008),
    (670, 14, 2008),
    (679, 14, 2006),
    (679, 14, 2007),
    (679, 14, 2008),
    (679, 14, 2009),
    (685, 14, 2009),
    (699, 14, 2007),
    (699, 14, 2009),
    (702, 14, 2007),
    (702, 14, 2008),
    (702, 14, 2009),
    (722, 14, 2006),
    (726, 14, 2007),
    (726, 14, 2008),
    (730, 14, 2008),
    (739, 14, 2007),
    (739, 14, 2008),
    (739, 14, 2009),
    (749, 14, 2008),
    (750, 14, 2007),
    (753, 14, 2007),
    (753, 14, 2008),
    (753, 14, 2009),
    (753, 14, 2010),
    (765, 14, 2007),
    (765, 14, 2008),
    (765, 14, 2009),
    (765, 14, 2010),
    (766, 14, 2007),
    (772, 14, 2009),
    (772, 14, 2010),
    (792, 14, 2009),
    (792, 14, 2010),
    (801, 14, 2007),
    (801, 14, 2008),
    (801, 14, 2009),
    (801, 14, 2010),
    (809, 14, 2007),
    (811, 14, 2009),
    (811, 14, 2010),
    (812, 14, 2009),
    (812, 14, 2010),
    (817, 14, 2008),
    (817, 14, 2009),
    (817, 14, 2010),
    (826, 14, 2008),
    (826, 14, 2009),
    (826, 14, 2010),
    (847, 14, 2008),
    (847, 14, 2009),
    (847, 14, 2010),
    (860, 14, 2009),
    (860, 14, 2010),
    (863, 14, 2008),
    (863, 14, 2009),
    (863, 14, 2010),
    (882, 14, 2008),
    (882, 14, 2009),
    (882, 14, 2010),
    (928, 14, 2008),
    (928, 14, 2009),
    (928, 14, 2010),
    (931, 14, 2008),
    (931, 14, 2009),
    (931, 14, 2010),
    (959, 14, 2009),
    (959, 14, 2010),
    (976, 14, 2009),
    (976, 14, 2010),
    (978, 14, 2009),
    (978, 14, 2010),
    (996, 14, 2009),
    (996, 14, 2010),
    (1003, 14, 2009),
    (1003, 14, 2010),
    (1012, 14, 2009),
    (1012, 14, 2010),
    (1014, 14, 2009),
    (1014, 14, 2010),
    (1026, 14, 2009),
    (1026, 14, 2010),
    (1027, 14, 2009),
    (1027, 14, 2010),
    (1036, 14, 2009),
    (1036, 14, 2010),
    (1044, 14, 2009),
    (1044, 14, 2010),
    (1048, 14, 2009),
    (1048, 14, 2010),
    (1108, 14, 2006),
    (1109, 14, 2006),
    (1143, 14, 2006),
    (1148, 14, 2006),
    (1202, 14, 2008),
    (1230, 14, 2008),
    (1248, 14, 2007),
    (1276, 14, 2007),
    (1276, 14, 2008),
    (1276, 14, 2009),
    (1282, 14, 2006),
    (1282, 14, 2007),
    (1282, 14, 2008),
    (1282, 14, 2009),
    (1285, 14, 2006),
    (1285, 14, 2007),
    (1285, 14, 2008),
    (1285, 14, 2009),
    (1310, 14, 2007),
    (1310, 14, 2008),
    (1310, 14, 2009),
    (1330, 14, 2007),
    (1330, 14, 2008),
    (1330, 14, 2009),
    (1333, 14, 2007),
    (1366, 14, 2007),
    (1366, 14, 2008),
    (1366, 14, 2009),
    (1366, 14, 2010),
    (1370, 14, 2007),
    (1396, 14, 2008),
    (1396, 14, 2009),
    (1396, 14, 2010),
    (1470, 14, 2008),
    (1470, 14, 2009),
    (1470, 14, 2010),
    (1486, 14, 2008),
    (1486, 14, 2009),
    (1486, 14, 2010),
    (1518, 14, 2008),
    (1518, 14, 2009),
    (1518, 14, 2010),
    (1534, 14, 2009),
    (1534, 14, 2010),
    (1557, 14, 2008),
    (1561, 14, 2008),
    (1561, 14, 2009),
    (1561, 14, 2010),
    (1587, 14, 2009),
    (1587, 14, 2010),
    (1594, 14, 2009),
    (1594, 14, 2010),
    (1597, 14, 2009),
    (1597, 14, 2010),
    (1603, 14, 2009),
    (1603, 14, 2010),
    (1612, 14, 2009),
    (1612, 14, 2010),
    (1632, 14, 2009),
    (1632, 14, 2010),
    (1633, 14, 2009),
    (1633, 14, 2010),
    (1654, 14, 2009),
    (1654, 14, 2010),
    (1684, 14, 2009),
    (1684, 14, 2010),
    (1, 15, 2002),
    (19, 15, 2004),
    (19, 15, 2005),
    (31, 15, 2004),
    (31, 15, 2005),
    (46, 15, 2000),
    (46, 15, 2001),
    (46, 15, 2002),
    (55, 15, 2004),
    (56, 15, 2002),
    (59, 15, 2002),
    (99, 15, 2004),
    (99, 15, 2005),
    (122, 15, 2001),
    (122, 15, 2002),
    (122, 15, 2004),
    (171, 15, 2000),
    (222, 15, 2000),
    (256, 15, 2002),
    (256, 15, 2003),
    (275, 15, 2000),
    (291, 15, 2001),
    (291, 15, 2002),
    (291, 15, 2003),
    (375, 15, 2002),
    (425, 15, 2003),
    (459, 15, 2003),
    (459, 15, 2004),
    (459, 15, 2005),
    (459, 15, 2006),
    (497, 15, 2003),
    (497, 15, 2005),
    (503, 15, 2004),
    (503, 15, 2005),
    (503, 15, 2006),
    (508, 15, 2005),
    (508, 15, 2006),
    (592, 15, 2007),
    (592, 15, 2008),
    (592, 15, 2009),
    (644, 15, 2007),
    (681, 15, 2008),
    (751, 15, 2009),
    (751, 15, 2010),
    (771, 15, 2006),
    (771, 15, 2007),
    (776, 15, 2009),
    (776, 15, 2010),
    (819, 15, 2008),
    (864, 15, 2008),
    (864, 15, 2009),
    (864, 15, 2010),
    (903, 15, 2008),
    (903, 15, 2009),
    (903, 15, 2010),
    (905, 15, 2007),
    (919, 15, 2007),
    (920, 15, 2007),
    (964, 15, 2009),
    (964, 15, 2010),
    (982, 15, 2009),
    (982, 15, 2010),
    (988, 15, 2009),
    (988, 15, 2010),
    (999, 15, 2009),
    (999, 15, 2010),
    (1030, 15, 2009),
    (1030, 15, 2010),
    (1038, 15, 2009),
    (1038, 15, 2010),
    (1229, 15, 2007),
    (1229, 15, 2008),
    (1278, 15, 2006),
    (1278, 15, 2009),
    (1283, 15, 2006),
    (1301, 15, 2007),
    (1301, 15, 2009),
    (1311, 15, 2006),
    (1315, 15, 2007),
    (1315, 15, 2008),
    (1315, 15, 2009),
    (1334, 15, 2006),
    (1336, 15, 2007),
    (1341, 15, 2006),
    (1341, 15, 2007),
    (1363, 15, 2009),
    (1363, 15, 2010),
    (1364, 15, 2008),
    (1364, 15, 2009),
    (1364, 15, 2010),
    (1468, 15, 2008),
    (1468, 15, 2009),
    (1468, 15, 2010),
    (1532, 15, 2008),
    (1592, 15, 2009),
    (1592, 15, 2010),
    (1660, 15, 2009),
    (1660, 15, 2010),
    (13, 16, 2002),
    (13, 16, 2004),
    (36, 16, 2002),
    (68, 16, 2005),
    (89, 16, 2002),
    (123, 16, 2002),
    (158, 16, 2000),
    (163, 16, 2000),
    (318, 16, 2004),
    (426, 16, 2004),
    (426, 16, 2006),
    (512, 16, 2004),
    (552, 16, 2006),
    (552, 16, 2007),
    (561, 16, 2004),
    (561, 16, 2007),
    (563, 16, 2004),
    (563, 16, 2005),
    (563, 16, 2006),
    (563, 16, 2007),
    (650, 16, 2006),
    (650, 16, 2008),
    (653, 16, 2007),
    (653, 16, 2008),
    (653, 16, 2009),
    (755, 16, 2008),
    (767, 16, 2007),
    (767, 16, 2008),
    (767, 16, 2009),
    (767, 16, 2010),
    (780, 16, 2007),
    (780, 16, 2008),
    (780, 16, 2009),
    (780, 16, 2010),
    (825, 16, 2008),
    (825, 16, 2009),
    (825, 16, 2010),
    (906, 16, 2008),
    (906, 16, 2009),
    (906, 16, 2010),
    (953, 16, 2009),
    (953, 16, 2010),
    (1006, 16, 2009),
    (1006, 16, 2010),
    (1084, 16, 2006),
    (1094, 16, 2006),
    (1131, 16, 2007),
    (1181, 16, 2006),
    (1198, 16, 2006),
    (1198, 16, 2008),
    (1200, 16, 2006),
    (1200, 16, 2007),
    (1200, 16, 2008),
    (1245, 16, 2008),
    (1253, 16, 2007),
    (1254, 16, 2006),
    (1255, 16, 2007),
    (1257, 16, 2008),
    (1303, 16, 2007),
    (1303, 16, 2008),
    (1303, 16, 2009),
    (1309, 16, 2006),
    (1309, 16, 2007),
    (1309, 16, 2008),
    (1309, 16, 2009),
    (1339, 16, 2007),
    (1346, 16, 2007),
    (1346, 16, 2008),
    (1346, 16, 2009),
    (1348, 16, 2007),
    (1348, 16, 2009),
    (1362, 16, 2008),
    (1395, 16, 2007),
    (1398, 16, 2008),
    (1398, 16, 2009),
    (1398, 16, 2010),
    (1401, 16, 2008),
    (1403, 16, 2007),
    (1403, 16, 2008),
    (1403, 16, 2009),
    (1403, 16, 2010),
    (1411, 16, 2008),
    (1420, 16, 2007),
    (1420, 16, 2008),
    (1420, 16, 2009),
    (1420, 16, 2010),
    (1422, 16, 2007),
    (1531, 16, 2008),
    (1531, 16, 2009),
    (1531, 16, 2010),
    (1581, 16, 2008),
    (1581, 16, 2009),
    (1581, 16, 2010),
    (1582, 16, 2009),
    (1582, 16, 2010),
    (1618, 16, 2009),
    (1618, 16, 2010),
    (1650, 16, 2009),
    (1650, 16, 2010),
    (1669, 16, 2009),
    (1669, 16, 2010),
    (1671, 16, 2009),
    (1671, 16, 2010),
    (1676, 16, 2009),
    (1676, 16, 2010),
    (100, 17, 2002),
    (103, 17, 2001),
    (103, 17, 2002),
    (119, 17, 2002),
    (130, 17, 1999),
    (137, 17, 2000),
    (144, 17, 2000),
    (155, 17, 2000),
    (156, 17, 2000),
    (156, 17, 2001),
    (164, 17, 2000),
    (164, 17, 2001),
    (165, 17, 2000),
    (165, 17, 2001),
    (169, 17, 2000),
    (169, 17, 2001),
    (373, 17, 2002),
    (417, 17, 2003),
    (456, 17, 2006),
    (467, 17, 2006),
    (468, 17, 2006),
    (505, 17, 2004),
    (505, 17, 2006),
    (505, 17, 2007),
    (591, 17, 2007),
    (591, 17, 2008),
    (626, 17, 2006),
    (626, 17, 2008),
    (706, 17, 2007),
    (706, 17, 2008),
    (711, 17, 2006),
    (711, 17, 2007),
    (712, 17, 2008),
    (712, 17, 2009),
    (715, 17, 2007),
    (720, 17, 2006),
    (742, 17, 2008),
    (778, 17, 2007),
    (778, 17, 2008),
    (778, 17, 2009),
    (778, 17, 2010),
    (787, 17, 2007),
    (787, 17, 2008),
    (787, 17, 2009),
    (787, 17, 2010),
    (821, 17, 2008),
    (821, 17, 2009),
    (821, 17, 2010),
    (838, 17, 2008),
    (838, 17, 2009),
    (838, 17, 2010),
    (840, 17, 2008),
    (840, 17, 2009),
    (840, 17, 2010),
    (874, 17, 2008),
    (890, 17, 2008),
    (893, 17, 2008),
    (894, 17, 2008),
    (894, 17, 2009),
    (894, 17, 2010),
    (897, 17, 2008),
    (897, 17, 2009),
    (897, 17, 2010),
    (912, 17, 2008),
    (936, 17, 2008),
    (936, 17, 2009),
    (936, 17, 2010),
    (949, 17, 2008),
    (1041, 17, 2009),
    (1041, 17, 2010),
    (1091, 17, 2006),
    (1096, 17, 2006),
    (1165, 17, 2007),
    (1180, 17, 2006),
    (1185, 17, 2006),
    (1185, 17, 2007),
    (1185, 17, 2008),
    (1211, 17, 2007),
    (1211, 17, 2008),
    (1291, 17, 2007),
    (1321, 17, 2006),
    (1321, 17, 2007),
    (1321, 17, 2008),
    (1321, 17, 2009),
    (1323, 17, 2006),
    (1382, 17, 2007),
    (1405, 17, 2007),
    (1405, 17, 2008),
    (1405, 17, 2009),
    (1405, 17, 2010),
    (1421, 17, 2007),
    (1424, 17, 2007),
    (1430, 17, 2007),
    (1430, 17, 2008),
    (1430, 17, 2009),
    (1430, 17, 2010),
    (1431, 17, 2007),
    (1431, 17, 2008),
    (1431, 17, 2009),
    (1431, 17, 2010),
    (1459, 17, 2008),
    (1459, 17, 2009),
    (1459, 17, 2010),
    (1467, 17, 2008),
    (1467, 17, 2009),
    (1467, 17, 2010),
    (1485, 17, 2008),
    (1500, 17, 2008),
    (1528, 17, 2008),
    (1528, 17, 2009),
    (1528, 17, 2010),
    (1545, 17, 2008),
    (1545, 17, 2009),
    (1545, 17, 2010),
    (1551, 17, 2008),
    (1551, 17, 2009),
    (1551, 17, 2010),
    (1555, 17, 2008),
    (1555, 17, 2009),
    (1555, 17, 2010),
    (1564, 17, 2008),
    (1564, 17, 2009),
    (1564, 17, 2010),
    (1576, 17, 2008),
    (1576, 17, 2009),
    (1576, 17, 2010),
    (1583, 17, 2008),
    (1583, 17, 2009),
    (1583, 17, 2010),
    (1600, 17, 2009),
    (1600, 17, 2010),
    (1626, 17, 2009),
    (1626, 17, 2010),
    (1680, 17, 2009),
    (1680, 17, 2010),
    (1682, 17, 2009),
    (1682, 17, 2010),
    (65, 18, 2005),
    (178, 18, 2000),
    (178, 18, 2001),
    (209, 18, 2000),
    (209, 18, 2001),
    (209, 18, 2002),
    (212, 18, 2000),
    (212, 18, 2001),
    (233, 18, 2002),
    (233, 18, 2003),
    (241, 18, 2001),
    (250, 18, 2000),
    (250, 18, 2001),
    (250, 18, 2002),
    (250, 18, 2003),
    (253, 18, 2000),
    (253, 18, 2001),
    (253, 18, 2002),
    (253, 18, 2003),
    (265, 18, 2000),
    (265, 18, 2001),
    (265, 18, 2003),
    (286, 18, 2003),
    (350, 18, 2002),
    (350, 18, 2003),
    (350, 18, 2004),
    (350, 18, 2005),
    (389, 18, 2002),
    (439, 18, 2004),
    (439, 18, 2005),
    (465, 18, 2003),
    (492, 18, 2004),
    (492, 18, 2005),
    (492, 18, 2006),
    (492, 18, 2007),
    (496, 18, 2004),
    (496, 18, 2005),
    (496, 18, 2006),
    (496, 18, 2007),
    (540, 18, 2003),
    (540, 18, 2004),
    (540, 18, 2006),
    (540, 18, 2007),
    (545, 18, 2005),
    (545, 18, 2006),
    (545, 18, 2007),
    (550, 18, 2005),
    (550, 18, 2006),
    (550, 18, 2007),
    (562, 18, 2005),
    (562, 18, 2006),
    (562, 18, 2007),
    (569, 18, 2004),
    (569, 18, 2005),
    (569, 18, 2006),
    (575, 18, 2005),
    (628, 18, 2005),
    (680, 18, 2007),
    (762, 18, 2008),
    (762, 18, 2009),
    (762, 18, 2010),
    (769, 18, 2008),
    (769, 18, 2009),
    (769, 18, 2010),
    (782, 18, 2007),
    (782, 18, 2008),
    (782, 18, 2009),
    (782, 18, 2010),
    (815, 18, 2007),
    (815, 18, 2008),
    (815, 18, 2009),
    (815, 18, 2010),
    (829, 18, 2008),
    (834, 18, 2008),
    (834, 18, 2009),
    (834, 18, 2010),
    (842, 18, 2008),
    (842, 18, 2009),
    (842, 18, 2010),
    (856, 18, 2008),
    (856, 18, 2009),
    (856, 18, 2010),
    (861, 18, 2008),
    (861, 18, 2009),
    (861, 18, 2010),
    (866, 18, 2008),
    (866, 18, 2009),
    (866, 18, 2010),
    (899, 18, 2008),
    (899, 18, 2009),
    (899, 18, 2010),
    (930, 18, 2008),
    (932, 18, 2008),
    (932, 18, 2009),
    (932, 18, 2010),
    (941, 18, 2008),
    (944, 18, 2009),
    (944, 18, 2010),
    (946, 18, 2009),
    (946, 18, 2010),
    (948, 18, 2008),
    (948, 18, 2009),
    (948, 18, 2010),
    (952, 18, 2009),
    (952, 18, 2010),
    (960, 18, 2009),
    (960, 18, 2010),
    (973, 18, 2009),
    (973, 18, 2010),
    (975, 18, 2009),
    (975, 18, 2010),
    (983, 18, 2009),
    (983, 18, 2010),
    (989, 18, 2009),
    (989, 18, 2010),
    (1005, 18, 2009),
    (1005, 18, 2010),
    (1019, 18, 2009),
    (1019, 18, 2010),
    (1042, 18, 2009),
    (1042, 18, 2010),
    (1045, 18, 2009),
    (1045, 18, 2010),
    (1047, 18, 2009),
    (1047, 18, 2010),
    (1086, 18, 2006),
    (1099, 18, 2006),
    (1114, 18, 2006),
    (1141, 18, 2006),
    (1141, 18, 2007),
    (1144, 18, 2008),
    (1145, 18, 2006),
    (1145, 18, 2007),
    (1154, 18, 2006),
    (1154, 18, 2007),
    (1156, 18, 2007),
    (1160, 18, 2007),
    (1168, 18, 2006),
    (1168, 18, 2007),
    (1244, 18, 2007),
    (1244, 18, 2008),
    (1244, 18, 2009),
    (1392, 18, 2008),
    (1392, 18, 2009),
    (1392, 18, 2010),
    (1404, 18, 2008),
    (1404, 18, 2009),
    (1404, 18, 2010),
    (1428, 18, 2008),
    (1449, 18, 2008),
    (1466, 18, 2008),
    (1478, 18, 2008),
    (1478, 18, 2009),
    (1478, 18, 2010),
    (1480, 18, 2008),
    (1480, 18, 2009),
    (1480, 18, 2010),
    (1506, 18, 2008),
    (1506, 18, 2009),
    (1506, 18, 2010),
    (1509, 18, 2008),
    (1511, 18, 2008),
    (1511, 18, 2009),
    (1511, 18, 2010),
    (1513, 18, 2009),
    (1513, 18, 2010),
    (1533, 18, 2008),
    (1541, 18, 2008),
    (1541, 18, 2009),
    (1541, 18, 2010),
    (1569, 18, 2008),
    (1575, 18, 2008),
    (1575, 18, 2009),
    (1575, 18, 2010),
    (1634, 18, 2009),
    (1634, 18, 2010),
    (1663, 18, 2009),
    (1663, 18, 2010),
    (1666, 18, 2009),
    (1666, 18, 2010),
    (1685, 18, 2009),
    (1685, 18, 2010),
    (28, 19, 2002),
    (45, 19, 2000),
    (45, 19, 2001),
    (45, 19, 2002),
    (91, 19, 2007),
    (105, 19, 2007),
    (112, 19, 2005),
    (112, 19, 2006),
    (112, 19, 2007),
    (148, 19, 2000),
    (168, 19, 2000),
    (225, 19, 2000),
    (238, 19, 2000),
    (262, 19, 2000),
    (267, 19, 2000),
    (428, 19, 2003),
    (469, 19, 2003),
    (469, 19, 2004),
    (469, 19, 2005),
    (469, 19, 2006),
    (501, 19, 2006),
    (547, 19, 2004),
    (589, 19, 2008),
    (646, 19, 2005),
    (646, 19, 2006),
    (655, 19, 2006),
    (660, 19, 2009),
    (696, 19, 2006),
    (696, 19, 2007),
    (725, 19, 2006),
    (774, 19, 2007),
    (790, 19, 2007),
    (793, 19, 2007),
    (833, 19, 2008),
    (837, 19, 2008),
    (837, 19, 2009),
    (837, 19, 2010),
    (848, 19, 2008),
    (848, 19, 2009),
    (848, 19, 2010),
    (867, 19, 2009),
    (867, 19, 2010),
    (908, 19, 2008),
    (908, 19, 2009),
    (908, 19, 2010),
    (939, 19, 2008),
    (981, 19, 2009),
    (981, 19, 2010),
    (995, 19, 2009),
    (995, 19, 2010),
    (1007, 19, 2009),
    (1007, 19, 2010),
    (1033, 19, 2009),
    (1033, 19, 2010),
    (1046, 19, 2009),
    (1046, 19, 2010),
    (1056, 19, 2007),
    (1092, 19, 2006),
    (1115, 19, 2007),
    (1173, 19, 2008),
    (1183, 19, 2007),
    (1183, 19, 2008),
    (1199, 19, 2006),
    (1199, 19, 2007),
    (1223, 19, 2006),
    (1234, 19, 2006),
    (1241, 19, 2006),
    (1241, 19, 2007),
    (1241, 19, 2008),
    (1250, 19, 2006),
    (1316, 19, 2006),
    (1359, 19, 2009),
    (1359, 19, 2010),
    (1377, 19, 2009),
    (1377, 19, 2010),
    (1381, 19, 2009),
    (1381, 19, 2010),
    (1407, 19, 2007),
    (1407, 19, 2008),
    (1410, 19, 2008),
    (1410, 19, 2009),
    (1410, 19, 2010),
    (1426, 19, 2008),
    (1507, 19, 2009),
    (1507, 19, 2010),
    (1552, 19, 2008),
    (1560, 19, 2009),
    (1560, 19, 2010),
    (1579, 19, 2008),
    (1579, 19, 2009),
    (1579, 19, 2010),
    (1605, 19, 2009),
    (1605, 19, 2010),
    (1606, 19, 2009),
    (1606, 19, 2010),
    (1622, 19, 2009),
    (1622, 19, 2010),
    (1623, 19, 2009),
    (1623, 19, 2010),
    (1629, 19, 2009),
    (1629, 19, 2010),
    (1052, 20, 2006),
    (1052, 20, 2007),
    (1116, 20, 2006),
    (1133, 20, 2006),
    (1133, 20, 2008),
    (1134, 20, 2006),
    (1134, 20, 2007),
    (1136, 20, 2008),
    (1140, 20, 2007),
    (1164, 20, 2006),
    (1206, 20, 2006),
    (1206, 20, 2007),
    (1220, 20, 2006),
    (1220, 20, 2007),
    (1270, 20, 2006),
    (1270, 20, 2007),
    (1270, 20, 2008),
    (1340, 20, 2006),
    (1340, 20, 2007),
    (1360, 20, 2008),
    (1360, 20, 2009),
    (1360, 20, 2010),
    (1365, 20, 2007),
    (1365, 20, 2009),
    (1365, 20, 2010),
    (1376, 20, 2007),
    (1376, 20, 2008),
    (1412, 20, 2007),
    (1412, 20, 2008),
    (1412, 20, 2009),
    (1412, 20, 2010),
    (1414, 20, 2007),
    (1414, 20, 2008),
    (1414, 20, 2009),
    (1414, 20, 2010),
    (1440, 20, 2007),
    (1440, 20, 2008),
    (1440, 20, 2009),
    (1440, 20, 2010),
    (1442, 20, 2007),
    (1442, 20, 2008),
    (1442, 20, 2009),
    (1442, 20, 2010),
    (1448, 20, 2008),
    (1448, 20, 2009),
    (1448, 20, 2010),
    (1465, 20, 2008),
    (1465, 20, 2009),
    (1465, 20, 2010),
    (1493, 20, 2009),
    (1493, 20, 2010),
    (1516, 20, 2008),
    (1536, 20, 2008),
    (1536, 20, 2009),
    (1536, 20, 2010),
    (1558, 20, 2008),
    (1562, 20, 2008),
    (1562, 20, 2009),
    (1562, 20, 2010),
    (1593, 20, 2009),
    (1593, 20, 2010),
    (1595, 20, 2009),
    (1595, 20, 2010),
    (1596, 20, 2009),
    (1596, 20, 2010),
    (1601, 20, 2009),
    (1601, 20, 2010),
    (1641, 20, 2009),
    (1641, 20, 2010),
    (1643, 20, 2009),
    (1643, 20, 2010),
    (1648, 20, 2009),
    (1648, 20, 2010),
    (1649, 20, 2009),
    (1649, 20, 2010),
    (1652, 20, 2009),
    (1652, 20, 2010);
INSERT INTO venues
    (venue_id, name, city_id)
    VALUES
    (1, "Alton Baker Park", 2),
    (2, "Anteater Recreation Center", 3),
    (3, "Augustana College", 4),
    (4, "Avery Park", 5),
    (5, "Balboa Park", 6),
    (6, "Baylands Park", 51),
    (7, "Blue Lake Park", 7),
    (8, "Bush Pasture Park", 8),
    (9, "Carleton Arboretum", 9),
    (10, "Central Park", 10),
    (11, "Champoeg State Park", 11),
    (12, "Clackamas Community College", 12),
    (13, "Colorado State University", 13),
    (14, "Dornoch Golf Club", 14),
    (15, "Fort Hays State University", 15),
    (16, "Fort Steilacoom Park", 16),
    (17, "Fort Walla Walla Park", 17),
    (18, "Fullerton City Golf Course", 18),
    (19, "Georgia International Horse Park", 19),
    (20, "Glen Helen Pavilion", 50),
    (21, "Golden Gate Park", 49),
    (22, "Hanover College", 20),
    (23, "Highland Park Golf Course", 53),
    (24, "Irene Rhinehart Park", 22),
    (25, "Irvine Regional Park", 21),
    (26, "Kearney Country Club", 23),
    (27, "La Mirada Park", 24),
    (28, "Lewisville Park", 25),
    (29, "Lincoln Park", 27),
    (30, "Lincoln Park", 26),
    (31, "Linfield Campus", 28),
    (32, "McIver State Park", 29),
    (33, "Monument Valley Park", 30),
    (34, "Oklahoma State University", 31),
    (35, "Pacific Lutheran University Golf Course", 32),
    (36, "Pier Park", 33),
    (37, "Plantes Ferry Park", 1),
    (38, "Plough Park", 34),
    (39, "Pomona College Campus", 35),
    (40, "Prado Park", 36),
    (41, "San Diego State University", 6),
    (42, "Shoreline Park", 52),
    (43, "Southwestern College", 37),
    (44, "Southwestern University", 38),
    (45, "Spokane Falls Community College", 1),
    (46, "St. Martin's University Campus", 39),
    (47, "St. Olaf College", 9),
    (48, "Stanford University Golf Course", 40),
    (49, "Sylvan Park", 41),
    (50, "UC Riverside Farm Course", 42),
    (51, "University of Colorado", 43),
    (52, "University of Redlands Campus", 41),
    (53, "Veterans Memorial Golf Course", 17),
    (54, "Voice of America Park", 44),
    (55, "Wandermere Golf Course", 1),
    (56, "Western Oregon University Campus", 45),
    (57, "Westmont College", 46),
    (58, "Westmoreland Park", 33),
    (59, "Whitetail Golf Course", 47),
    (60, "Whitworth University", 1),
    (61, "Willamette Mission State Park", 48),
    (62, "Lake Breeze Golf Course", 54);
INSERT INTO meets
    (meet_id, name)
    VALUES
    (1, "Aztec Invitational"),
    (2, "Bear Fete Invitational"),
    (3, "Beaver Classic"),
    (4, "Bigfoot Open"),
    (5, "Biola Invitational"),
    (6, "Boxer Rebellion"),
    (7, "CCAA Preview"),
    (8, "Central Washington Invitational"),
    (9, "Charles Bowles Invitational"),
    (10, "Clark Invitational"),
    (11, "Colorado College Invitational"),
    (12, "Colorado State Classic"),
    (13, "CSU Fullerton Invitational"),
    (14, "Erik Anderson Invitational"),
    (15, "FHSU Open"),
    (16, "Golden West Invitational"),
    (17, "Jim Danner Invitational"),
    (18, "Lewis & Clark Invitational"),
    (19, "Lewis & Clark Open"),
    (20, "Linfield Invitational"),
    (21, "Linfield Open"),
    (22, "Linfield v. Lewis & Clark"),
    (23, "Loper Open"),
    (24, "Mid-States Classic"),
    (25, "Mike Hodges Invitational"),
    (26, "Mt. Hood Open"),
    (27, "NCAA National Championship"),
    (28, "NCAA West Region Championship"),
    (29, "NWC Championship"),
    (30, "Oklahoma State Cowboy Jamboree"),
    (31, "Pacific Lutheran Invitational"),
    (32, "Pier Park Invitational"),
    (33, "Pre's Trail Open"),
    (34, "Puget Sound Invitational"),
    (35, "Redlands Invitational"),
    (36, "Rocky Mountain Shootout"),
    (37, "Running of the Cows"),
    (38, "Rust Buster Invitational"),
    (39, "Santa Clara Invitational"),
    (40, "SCAC Championship"),
    (41, "SCIAC Championship"),
    (42, "SCIAC Multi-Duals"),
    (43, "Shoreline Open"),
    (44, "St. Martin's Invitational"),
    (45, "Stanford Invitational"),
    (46, "Summer's End Invitational"),
    (47, "Sundodger Invitational"),
    (48, "UC Irvine Invitational"),
    (49, "UC Riverside Invitational"),
    (50, "University of San Francisco Invitational"),
    (51, "West Coast Preview"),
    (52, "West Region Preview"),
    (53, "Western Oregon Invitational"),
    (54, "Westmont Invitational"),
    (55, "Whitman Invitational"),
    (56, "Whitworth Opener"),
    (57, "Whitworth Short Course Classic"),
    (58, "Willamette Grass Course Invitational");
INSERT INTO meet_hosts
    (meet_id, team_id)
    VALUES
    (2, 7),
    (6, 6),
    (9, 9),
    (11, 18),
    (14, 8),
    (18, 1),
    (19, 1),
    (20, 8),
    (21, 8),
    (22, 1),
    (31, 4),
    (34, 2),
    (35, 16),
    (55, 5),
    (56, 3),
    (57, 3),
    (58, 9);
INSERT INTO meet_instances
    (meet_id, date, venue_id)
    VALUES
    (33, "2003-11-09", 1),
    (33, "2004-11-07", 1),
    (33, "2005-11-06", 1),
    (48, "2007-09-08", 2),
    (48, "2008-09-06", 2),
    (48, "2009-09-12", 2),
    (27, "2001-11-17", 3),
    (27, "2005-11-19", 14),
    (27, "2003-11-22", 22),
    (27, "2008-11-22", 22),
    (27, "2009-11-21", 23),
    (27, "2002-11-23", 47),
    (27, "2007-11-17", 47),
    (27, "2006-11-18", 54),
    (27, "2000-11-18", 55),
    (27, "2004-11-20", 59),
    (27, "1999-11-20", 62),
    (3, "2001-10-20", 4),
    (3, "2003-10-25", 4),
    (3, "2004-10-23", 4),
    (3, "2005-10-23", 4),
    (3, "2006-10-21", 4),
    (3, "2007-10-20", 4),
    (3, "2008-10-25", 4),
    (3, "2009-10-24", 4),
    (1, "2007-09-15", 5),
    (1, "2009-09-19", 41),
    (39, "2008-10-18", 6),
    (17, "2004-10-16", 7),
    (26, "2000-10-14", 7),
    (9, "2000-10-07", 8),
    (9, "2001-10-06", 8),
    (9, "2002-10-05", 8),
    (9, "2003-10-04", 8),
    (9, "2004-10-02", 8),
    (9, "2005-10-03", 8),
    (9, "2006-09-30", 8),
    (9, "2007-09-30", 8),
    (9, "2008-10-04", 8),
    (9, "2009-10-03", 8),
    (28, "2001-11-10", 8),
    (28, "2005-11-12", 8),
    (28, "2008-11-15", 8),
    (28, "1999-08-01", 32),
    (28, "2003-11-15", 32),
    (28, "2007-11-10", 32),
    (28, "2009-11-14", 39),
    (28, "1998-08-01", 40),
    (28, "2000-11-11", 40),
    (28, "2002-11-16", 40),
    (28, "2004-11-13", 40),
    (28, "2006-11-11", 40),
    (29, "2001-10-27", 8),
    (29, "2005-10-29", 8),
    (29, "1997-08-01", 11),
    (29, "1998-08-01", 16),
    (29, "2002-11-02", 16),
    (29, "2000-10-28", 17),
    (29, "2003-11-01", 30),
    (29, "1999-08-01", 32),
    (29, "2009-10-31", 32),
    (29, "2006-10-28", 35),
    (29, "2008-11-01", 53),
    (29, "2004-10-30", 55),
    (29, "2007-10-27", 61),
    (58, "2007-09-15", 8),
    (58, "2008-09-20", 8),
    (58, "2009-09-18", 8),
    (37, "2008-10-18", 9),
    (16, "2007-09-22", 10),
    (2, "2003-09-20", 11),
    (2, "2004-09-18", 11),
    (2, "2007-09-22", 61),
    (25, "2006-10-14", 12),
    (25, "2008-10-18", 12),
    (25, "2009-10-16", 12),
    (12, "2008-09-13", 13),
    (15, "2009-10-10", 15),
    (34, "2009-10-17", 16),
    (55, "2008-09-06", 17),
    (55, "2009-09-05", 17),
    (13, "2009-09-05", 18),
    (40, "2009-10-31", 19),
    (40, "2008-11-01", 38),
    (40, "2007-10-27", 44),
    (7, "2008-09-20", 20),
    (50, "2008-08-31", 21),
    (50, "2009-09-05", 21),
    (8, "2003-09-20", 24),
    (5, "2009-10-24", 25),
    (23, "2008-10-11", 26),
    (41, "2007-10-27", 27),
    (41, "2008-11-01", 40),
    (41, "2009-10-31", 40),
    (42, "2008-10-18", 27),
    (42, "2009-10-17", 27),
    (42, "2007-10-13", 40),
    (10, "2001-10-13", 28),
    (10, "2003-10-11", 28),
    (47, "2001-09-22", 29),
    (47, "2002-09-21", 29),
    (47, "2004-09-18", 29),
    (47, "2005-09-25", 29),
    (47, "2006-09-16", 29),
    (47, "2008-09-20", 29),
    (47, "2009-09-19", 29),
    (6, "2002-08-01", 30),
    (6, "2004-09-04", 30),
    (6, "2005-09-03", 30),
    (6, "2006-09-02", 30),
    (20, "2005-09-24", 31),
    (21, "2008-09-26", 31),
    (18, "2003-09-13", 32),
    (18, "2004-09-11", 32),
    (18, "2005-09-10", 32),
    (18, "2006-09-09", 32),
    (18, "2007-09-08", 32),
    (18, "2008-09-13", 32),
    (18, "2009-09-12", 32),
    (19, "2003-10-18", 32),
    (19, "2004-10-16", 32),
    (19, "2005-10-15", 32),
    (19, "2006-10-14", 32),
    (19, "2007-10-13", 32),
    (19, "2008-10-18", 32),
    (11, "2008-09-20", 33),
    (11, "2009-09-19", 33),
    (38, "2008-09-06", 33),
    (38, "2009-09-04", 33),
    (30, "2009-10-03", 34),
    (31, "2005-10-08", 35),
    (31, "2006-10-07", 35),
    (31, "2007-10-06", 35),
    (31, "2008-10-11", 35),
    (31, "2009-10-11", 35),
    (32, "2000-09-08", 36),
    (32, "2002-09-13", 36),
    (32, "2006-09-08", 36),
    (51, "2009-09-11", 36),
    (14, "2009-09-26", 37),
    (52, "2009-10-03", 39),
    (43, "2008-10-25", 42),
    (24, "2008-10-26", 43),
    (4, "2008-10-18", 45),
    (44, "2008-09-06", 46),
    (44, "2009-09-05", 46),
    (45, "2007-09-29", 48),
    (45, "2008-09-27", 48),
    (45, "2009-09-26", 48),
    (35, "2009-09-12", 49),
    (35, "2007-09-15", 52),
    (35, "2008-09-13", 52),
    (49, "2007-09-29", 50),
    (49, "2008-09-27", 50),
    (49, "2009-09-19", 50),
    (36, "2008-10-04", 51),
    (46, "2007-08-31", 56),
    (46, "2008-08-29", 56),
    (53, "2001-09-29", 56),
    (53, "2002-09-28", 56),
    (54, "2007-09-15", 57),
    (22, "2009-09-01", 58),
    (56, "2008-08-29", 60),
    (57, "2008-09-13", 60);
INSERT INTO meet_instance_hosts
    (meet_id, date, team_id)
    VALUES
    (27, "2000-11-18", 3),
    (28, "2008-11-15", 9),
    (28, "2007-11-10", 1),
    (28, "2009-11-14", 14),
    (28, "2006-11-11", 12),
    (29, "2009-10-31", 1),
    (29, "2006-10-28", 4),
    (29, "2008-11-01", 5),
    (29, "2007-10-27", 7);
INSERT INTO races
    (race_id, distance, gender, meet_id, date)
    VALUES
    (1, 8000, "M", 29, "1997-08-01"),
    (2, 8000, "M", 28, "1998-08-01"),
    (3, 8000, "M", 29, "1998-08-01"),
    (4, 8000, "M", 28, "1999-08-01"),
    (5, 8000, "M", 29, "1999-08-01"),
    (6, 8000, "M", 27, "1999-11-20"),
    (7, 7600, "M", 32, "2000-09-08"),
    (8, 8000, "M", 9, "2000-10-07"),
    (9, 8000, "M", 26, "2000-10-14"),
    (10, 8000, "M", 29, "2000-10-28"),
    (11, 8000, "M", 28, "2000-11-11"),
    (12, 8000, "M", 27, "2000-11-18"),
    (13, 8000, "M", 47, "2001-09-22"),
    (14, 6437, "M", 53, "2001-09-29"),
    (15, 8000, "M", 9, "2001-10-06"),
    (16, 8000, "M", 10, "2001-10-13"),
    (17, 8000, "M", 3, "2001-10-20"),
    (18, 8000, "M", 29, "2001-10-27"),
    (19, 8000, "M", 28, "2001-11-10"),
    (20, 8000, "M", 27, "2001-11-17"),
    (21, 8000, "M", 6, "2002-08-01"),
    (22, 8000, "M", 32, "2002-09-13"),
    (23, 8000, "M", 47, "2002-09-21"),
    (24, 6000, "M", 53, "2002-09-28"),
    (25, 8000, "M", 9, "2002-10-05"),
    (26, 8000, "M", 29, "2002-11-02"),
    (27, 8000, "M", 28, "2002-11-16"),
    (28, 8000, "M", 27, "2002-11-23"),
    (29, 8000, "M", 18, "2003-09-13"),
    (30, 6437, "M", 2, "2003-09-20"),
    (31, 6437, "M", 8, "2003-09-20"),
    (32, 8000, "M", 9, "2003-10-04"),
    (33, 8000, "M", 10, "2003-10-11"),
    (34, 8000, "M", 19, "2003-10-18"),
    (35, 8000, "M", 3, "2003-10-25"),
    (36, 8000, "M", 29, "2003-11-01"),
    (37, 8000, "M", 33, "2003-11-09"),
    (38, 8000, "M", 28, "2003-11-15"),
    (39, 8000, "M", 27, "2003-11-22"),
    (40, 8000, "M", 6, "2004-09-04"),
    (41, 8000, "M", 18, "2004-09-11"),
    (42, 8000, "M", 47, "2004-09-18"),
    (43, 6679, "M", 2, "2004-09-18"),
    (44, 8000, "M", 9, "2004-10-02"),
    (45, 8000, "M", 19, "2004-10-16"),
    (46, 6436, "M", 17, "2004-10-16"),
    (47, 8000, "M", 3, "2004-10-23"),
    (48, 8000, "M", 29, "2004-10-30"),
    (49, 8061, "M", 33, "2004-11-07"),
    (50, 8000, "M", 28, "2004-11-13"),
    (51, 8000, "M", 27, "2004-11-20"),
    (52, 8000, "M", 6, "2005-09-03"),
    (53, 8000, "M", 18, "2005-09-10"),
    (54, 8000, "M", 20, "2005-09-24"),
    (55, 8000, "M", 47, "2005-09-25"),
    (56, 8000, "M", 9, "2005-10-03"),
    (57, 8000, "M", 31, "2005-10-08"),
    (58, 8000, "M", 19, "2005-10-15"),
    (59, 8000, "M", 3, "2005-10-23"),
    (60, 8000, "M", 29, "2005-10-29"),
    (61, 8000, "M", 33, "2005-11-06"),
    (62, 8000, "M", 28, "2005-11-12"),
    (63, 8000, "M", 27, "2005-11-19"),
    (64, 8300, "M", 6, "2006-09-02"),
    (65, 6400, "M", 32, "2006-09-08"),
    (66, 8000, "M", 18, "2006-09-09"),
    (67, 8000, "M", 47, "2006-09-16"),
    (68, 8000, "M", 9, "2006-09-30"),
    (69, 8000, "M", 31, "2006-10-07"),
    (70, 6400, "M", 25, "2006-10-14"),
    (71, 8000, "M", 19, "2006-10-14"),
    (72, 8000, "M", 3, "2006-10-21"),
    (73, 8000, "M", 29, "2006-10-28"),
    (74, 8000, "M", 28, "2006-11-11"),
    (75, 8000, "M", 27, "2006-11-18"),
    (76, 7650, "M", 46, "2007-08-31"),
    (77, 8000, "M", 18, "2007-09-08"),
    (78, 8000, "M", 48, "2007-09-08"),
    (79, 8000, "M", 1, "2007-09-15"),
    (80, 8000, "M", 35, "2007-09-15"),
    (81, 7085, "M", 58, "2007-09-15"),
    (82, 8000, "M", 54, "2007-09-15"),
    (83, 6436, "M", 16, "2007-09-22"),
    (84, 8000, "M", 2, "2007-09-22"),
    (85, 8000, "M", 49, "2007-09-29"),
    (86, 8000, "M", 45, "2007-09-29"),
    (87, 8000, "M", 9, "2007-09-30"),
    (88, 8000, "M", 31, "2007-10-06"),
    (89, 8000, "M", 42, "2007-10-13"),
    (90, 8000, "M", 19, "2007-10-13"),
    (91, 8000, "M", 3, "2007-10-20"),
    (92, 8000, "M", 29, "2007-10-27"),
    (93, 8000, "M", 41, "2007-10-27"),
    (94, 8000, "M", 40, "2007-10-27"),
    (95, 8000, "M", 28, "2007-11-10"),
    (96, 8000, "M", 27, "2007-11-17"),
    (97, 7200, "M", 56, "2008-08-29"),
    (98, 7650, "M", 46, "2008-08-29"),
    (99, 8000, "M", 48, "2008-09-06"),
    (100, 6000, "M", 55, "2008-09-06"),
    (101, 8000, "M", 44, "2008-09-06"),
    (102, 6000, "M", 38, "2008-09-06"),
    (103, 6400, "M", 12, "2008-09-13"),
    (104, 8000, "M", 35, "2008-09-13"),
    (105, 3200, "M", 57, "2008-09-13"),
    (106, 8000, "M", 18, "2008-09-13"),
    (107, 7085, "M", 58, "2008-09-20"),
    (108, 8000, "M", 47, "2008-09-20"),
    (109, 8047, "M", 11, "2008-09-20"),
    (110, 8000, "M", 21, "2008-09-26"),
    (111, 8000, "M", 45, "2008-09-27"),
    (112, 8000, "M", 49, "2008-09-27"),
    (113, 8000, "M", 9, "2008-10-04"),
    (114, 8000, "M", 36, "2008-10-04"),
    (115, 8000, "M", 23, "2008-10-11"),
    (116, 8072, "M", 31, "2008-10-11"),
    (117, 8000, "M", 42, "2008-10-18"),
    (118, 8000, "M", 19, "2008-10-18"),
    (119, 6400, "M", 25, "2008-10-18"),
    (120, 8000, "M", 37, "2008-10-18"),
    (121, 8000, "M", 4, "2008-10-18"),
    (122, 8000, "M", 3, "2008-10-25"),
    (123, 8000, "M", 24, "2008-10-26"),
    (124, 8000, "M", 41, "2008-11-01"),
    (125, 8000, "M", 29, "2008-11-01"),
    (126, 8000, "M", 40, "2008-11-01"),
    (127, 8000, "M", 28, "2008-11-15"),
    (128, 8000, "M", 27, "2008-11-22"),
    (129, 8000, "M", 22, "2009-09-01"),
    (130, 6000, "M", 38, "2009-09-04"),
    (131, 8000, "M", 44, "2009-09-05"),
    (132, 6000, "M", 55, "2009-09-05"),
    (133, 8000, "M", 13, "2009-09-05"),
    (134, 8000, "M", 51, "2009-09-11"),
    (135, 6000, "M", 35, "2009-09-12"),
    (136, 8000, "M", 18, "2009-09-12"),
    (137, 8000, "M", 48, "2009-09-12"),
    (138, 7085, "M", 58, "2009-09-18"),
    (139, 8000, "M", 49, "2009-09-19"),
    (140, 8000, "M", 11, "2009-09-19"),
    (141, 8000, "M", 1, "2009-09-19"),
    (142, 8000, "M", 47, "2009-09-19"),
    (143, 8000, "M", 14, "2009-09-26"),
    (144, 8000, "M", 45, "2009-09-26"),
    (145, 8000, "M", 30, "2009-10-03"),
    (146, 8000, "M", 9, "2009-10-03"),
    (147, 8000, "M", 52, "2009-10-03"),
    (148, 8000, "M", 15, "2009-10-10"),
    (149, 8000, "M", 31, "2009-10-11"),
    (150, 6436, "M", 25, "2009-10-16"),
    (151, 8000, "M", 42, "2009-10-17"),
    (152, 8000, "M", 34, "2009-10-17"),
    (153, 8000, "M", 5, "2009-10-24"),
    (154, 8000, "M", 3, "2009-10-24"),
    (155, 8000, "M", 40, "2009-10-31"),
    (156, 8000, "M", 29, "2009-10-31"),
    (157, 8000, "M", 41, "2009-10-31"),
    (158, 8000, "M", 28, "2009-11-14"),
    (159, 8000, "M", 27, "2009-11-21"),
    (160, 6000, "F", 6, "2006-09-02"),
    (161, 5000, "F", 32, "2006-09-08"),
    (162, 6000, "F", 18, "2006-09-09"),
    (163, 6000, "F", 47, "2006-09-16"),
    (164, 5000, "F", 9, "2006-09-30"),
    (165, 5000, "F", 25, "2006-10-14"),
    (166, 6000, "F", 19, "2006-10-14"),
    (167, 6000, "F", 3, "2006-10-21"),
    (168, 6000, "F", 29, "2006-10-28"),
    (169, 6000, "F", 28, "2006-11-11"),
    (170, 6000, "F", 27, "2006-11-18"),
    (171, 4920, "F", 46, "2007-08-31"),
    (172, 6000, "F", 18, "2007-09-08"),
    (173, 4450, "F", 48, "2007-09-08"),
    (174, 5000, "F", 1, "2007-09-15"),
    (175, 6000, "F", 35, "2007-09-15"),
    (176, 5000, "F", 58, "2007-09-15"),
    (177, 5000, "F", 54, "2007-09-15"),
    (178, 5000, "F", 16, "2007-09-22"),
    (179, 6000, "F", 2, "2007-09-22"),
    (180, 6000, "F", 45, "2007-09-29"),
    (181, 5000, "F", 9, "2007-09-30"),
    (182, 6000, "F", 31, "2007-10-06"),
    (183, 6000, "F", 42, "2007-10-13"),
    (184, 6000, "F", 19, "2007-10-13"),
    (185, 5000, "F", 3, "2007-10-20"),
    (186, 6000, "F", 29, "2007-10-27"),
    (187, 6000, "F", 41, "2007-10-27"),
    (188, 6000, "F", 28, "2007-11-10"),
    (189, 6000, "F", 27, "2007-11-17"),
    (190, 4000, "F", 56, "2008-08-29"),
    (191, 4920, "F", 46, "2008-08-29"),
    (192, 5000, "F", 48, "2008-09-06"),
    (193, 4000, "F", 55, "2008-09-06"),
    (194, 6000, "F", 44, "2008-09-06"),
    (195, 4000, "F", 38, "2008-09-06"),
    (196, 5000, "F", 12, "2008-09-13"),
    (197, 6000, "F", 35, "2008-09-13"),
    (198, 3200, "F", 57, "2008-09-13"),
    (199, 6000, "F", 18, "2008-09-13"),
    (200, 5000, "F", 58, "2008-09-20"),
    (201, 6000, "F", 47, "2008-09-20"),
    (202, 6000, "F", 11, "2008-09-20"),
    (203, 6000, "F", 45, "2008-09-27"),
    (204, 5000, "F", 49, "2008-09-27"),
    (205, 5000, "F", 9, "2008-10-04"),
    (206, 6000, "F", 36, "2008-10-04"),
    (207, 6000, "F", 23, "2008-10-11"),
    (208, 6000, "F", 31, "2008-10-11"),
    (209, 6000, "F", 42, "2008-10-18"),
    (210, 6000, "F", 19, "2008-10-18"),
    (211, 5000, "F", 25, "2008-10-18"),
    (212, 6000, "F", 37, "2008-10-18"),
    (213, 5000, "F", 4, "2008-10-18"),
    (214, 6000, "F", 3, "2008-10-25"),
    (215, 5000, "F", 24, "2008-10-26"),
    (216, 6000, "F", 41, "2008-11-01"),
    (217, 6000, "F", 29, "2008-11-01"),
    (218, 6000, "F", 40, "2008-11-01"),
    (219, 6000, "F", 28, "2008-11-15"),
    (220, 6000, "F", 27, "2008-11-22"),
    (221, 6000, "F", 22, "2009-09-01"),
    (222, 4000, "F", 38, "2009-09-04"),
    (223, 6000, "F", 44, "2009-09-05"),
    (224, 4000, "F", 55, "2009-09-05"),
    (225, 6000, "F", 13, "2009-09-05"),
    (226, 6000, "F", 51, "2009-09-11"),
    (227, 4500, "F", 35, "2009-09-12"),
    (228, 6000, "F", 18, "2009-09-12"),
    (229, 5000, "F", 48, "2009-09-12"),
    (230, 5000, "F", 58, "2009-09-18"),
    (231, 5000, "F", 49, "2009-09-19"),
    (232, 6000, "F", 11, "2009-09-19"),
    (233, 5000, "F", 1, "2009-09-19"),
    (234, 6000, "F", 47, "2009-09-19"),
    (235, 5000, "F", 14, "2009-09-26"),
    (236, 6000, "F", 45, "2009-09-26"),
    (237, 5000, "F", 30, "2009-10-03"),
    (238, 5000, "F", 9, "2009-10-03"),
    (239, 6000, "F", 52, "2009-10-03"),
    (240, 5000, "F", 15, "2009-10-10"),
    (241, 6000, "F", 31, "2009-10-11"),
    (242, 5000, "F", 25, "2009-10-16"),
    (243, 6000, "F", 42, "2009-10-17"),
    (244, 6000, "F", 34, "2009-10-17"),
    (245, 5000, "F", 5, "2009-10-24"),
    (246, 6000, "F", 3, "2009-10-24"),
    (247, 6000, "F", 40, "2009-10-31"),
    (248, 6000, "F", 29, "2009-10-31"),
    (249, 6000, "F", 41, "2009-10-31"),
    (250, 6000, "F", 28, "2009-11-14"),
    (251, 6000, "F", 27, "2009-11-21"),
    (252, 5000, "F", 50, "2008-08-31"),
    (253, 6000, "F", 7, "2008-09-20"),
    (254, 5000, "F", 39, "2008-10-18"),
    (255, 5000, "F", 43, "2008-10-25"),
    (256, 5000, "F", 50, "2009-09-05");
INSERT INTO results
    (runner_id, race_id, time)
    VALUES
    (86, 1, 1858.6),
    (98, 1, 1696.4),
    (98, 8, 1745.5),
    (116, 1, 1765.4),
    (131, 1, 1699.4),
    (131, 2, 1719.0),
    (131, 3, 1684.2),
    (131, 4, 1678.3),
    (131, 5, 1684.0),
    (131, 8, 1522.9),
    (131, 10, 1583.72),
    (131, 11, 1641.3),
    (145, 1, 1703.9),
    (145, 2, 1612.0),
    (145, 3, 1571.3),
    (145, 4, 1553.1),
    (145, 5, 1515.2),
    (145, 6, 1486.1),
    (145, 8, 1524.3),
    (145, 10, 1578.34),
    (145, 11, 1647.1),
    (146, 1, 1690.4),
    (146, 5, 1671.4),
    (146, 8, 1654.4),
    (166, 1, 1795.7),
    (166, 2, 1657.0),
    (166, 3, 1627.7),
    (166, 8, 1570.9),
    (166, 10, 1615.24),
    (166, 11, 1659.7),
    (154, 2, 1706.0),
    (154, 3, 1701.0),
    (154, 4, 1668.2),
    (154, 5, 1650.4),
    (154, 8, 1579.2),
    (154, 10, 1595.03),
    (154, 11, 1658.3),
    (154, 13, 1605.0),
    (154, 15, 1568.0),
    (154, 18, 1565.7),
    (154, 19, 1579.6),
    (184, 2, 1673.0),
    (184, 3, 1612.1),
    (184, 4, 1598.4),
    (184, 5, 1610.7),
    (184, 8, 1481.4),
    (184, 10, 1589.92),
    (184, 11, 1616.6),
    (184, 13, 1488.0),
    (184, 15, 1470.4),
    (184, 18, 1495.9),
    (184, 19, 1522.7),
    (66, 3, 1682.0),
    (71, 3, 1756.6),
    (104, 3, 2124.1),
    (151, 3, 1698.3),
    (151, 5, 1708.1),
    (151, 8, 1601.4),
    (151, 10, 1723.65),
    (173, 3, 1714.6),
    (173, 8, 1628.1),
    (173, 10, 1666.92),
    (173, 13, 1638.0),
    (173, 15, 1573.6),
    (173, 18, 1579.6),
    (173, 19, 1651.9),
    (186, 4, 1648.3),
    (186, 5, 1643.2),
    (186, 8, 1595.7),
    (186, 10, 1882.4),
    (48, 5, 1652.0),
    (129, 5, 1703.8),
    (129, 8, 1627.2),
    (129, 10, 1653.27),
    (129, 11, 1751.5),
    (129, 13, 1570.0),
    (129, 15, 1543.4),
    (129, 18, 1578.0),
    (129, 19, 1602.6),
    (129, 34, 1718.4),
    (129, 58, 1797.8),
    (129, 71, 1938.7),
    (220, 5, 1695.4),
    (220, 10, 1624.04),
    (220, 11, 1698.9),
    (220, 13, 1571.0),
    (220, 15, 1568.9),
    (220, 18, 1593.2),
    (220, 19, 1600.9),
    (220, 25, 1681.68),
    (220, 26, 1683.1),
    (220, 27, 1707.0),
    (125, 6, 1506.9),
    (126, 6, 1422.3),
    (127, 6, 1563.3),
    (128, 6, 1532.0),
    (130, 6, 1496.3),
    (132, 6, 1654.1),
    (132, 10, 1559.85),
    (132, 11, 1627.7),
    (133, 6, 1473.5),
    (133, 11, 1578.2),
    (133, 12, 1587.1),
    (141, 6, 1494.5),
    (141, 11, 1576.8),
    (141, 12, 1545.2),
    (147, 6, 1554.4),
    (147, 10, 1576.93),
    (147, 11, 1624.1),
    (196, 6, 1541.8),
    (196, 10, 1585.93),
    (196, 11, 1604.8),
    (196, 13, 1522.0),
    (196, 18, 1514.5),
    (196, 19, 1499.6),
    (196, 20, 1526.3),
    (196, 25, 1591.24),
    (196, 26, 1563.2),
    (196, 27, 1569.89),
    (196, 28, 1593.4),
    (199, 6, 1539.0),
    (199, 10, 1566.12),
    (199, 11, 1587.3),
    (199, 12, 1583.5),
    (199, 18, 1560.8),
    (199, 19, 1561.0),
    (199, 25, 1557.5),
    (199, 26, 1568.8),
    (199, 27, 1528.02),
    (199, 28, 1674.5),
    (37, 7, 1675.0),
    (58, 7, 1767.0),
    (138, 7, 1596.0),
    (138, 9, 1638.0),
    (138, 10, 1636.76),
    (138, 11, 1668.3),
    (139, 7, 1497.0),
    (139, 10, 1634.44),
    (139, 11, 1652.7),
    (142, 7, 1502.0),
    (142, 9, 1624.0),
    (142, 10, 1679.76),
    (142, 11, 1681.9),
    (187, 7, 2017.0),
    (187, 14, 1597.0),
    (187, 15, 1937.9),
    (187, 16, 2020.0),
    (187, 17, 2013.92),
    (192, 7, 1705.0),
    (192, 67, 1587.06),
    (192, 76, 1699.0),
    (192, 77, 1704.0),
    (192, 84, 1655.3),
    (192, 87, 1638.8),
    (192, 88, 1607.05),
    (192, 90, 1659.0),
    (192, 92, 1680.03),
    (192, 95, 1619.55),
    (192, 98, 1559.0),
    (192, 101, 1659.1),
    (192, 106, 1596.5),
    (192, 113, 1571.97),
    (192, 116, 1596.82),
    (192, 118, 1555.0),
    (192, 125, 1553.88),
    (192, 127, 1537.07),
    (192, 136, 1702.8),
    (201, 7, 1600.0),
    (201, 9, 1677.0),
    (201, 10, 1696.5),
    (270, 7, 1631.0),
    (270, 9, 1733.0),
    (270, 10, 1641.4),
    (270, 11, 1701.5),
    (280, 7, 1468.0),
    (280, 9, 1586.0),
    (280, 10, 1595.64),
    (280, 11, 1597.5),
    (280, 12, 1604.6),
    (280, 13, 1487.0),
    (280, 15, 1474.0),
    (280, 18, 1503.9),
    (280, 19, 1498.2),
    (280, 20, 1464.9),
    (280, 23, 1477.3),
    (280, 25, 1535.62),
    (280, 26, 1540.8),
    (280, 27, 1551.95),
    (280, 28, 1547.5),
    (280, 31, 1240.0),
    (280, 32, 1466.94),
    (280, 36, 1497.69),
    (280, 38, 1523.1),
    (280, 39, 1529.0),
    (288, 7, 1499.0),
    (288, 9, 1577.0),
    (288, 10, 1530.3),
    (288, 11, 1581.5),
    (288, 12, 1577.9),
    (288, 13, 1494.0),
    (288, 15, 1491.5),
    (288, 18, 1508.1),
    (288, 19, 1512.6),
    (288, 20, 1490.0),
    (288, 23, 1479.3),
    (288, 25, 1464.31),
    (288, 26, 1524.1),
    (288, 27, 1530.3),
    (288, 28, 1534.3),
    (288, 36, 1525.25),
    (288, 38, 1552.7),
    (288, 39, 1577.4),
    (325, 7, 1503.0),
    (325, 9, 1586.0),
    (325, 10, 1569.61),
    (325, 11, 1611.6),
    (325, 13, 1572.0),
    (325, 15, 1515.8),
    (325, 16, 1570.0),
    (325, 18, 1546.0),
    (325, 19, 1550.9),
    (325, 20, 1566.0),
    (325, 30, 1359.22),
    (325, 32, 1625.69),
    (325, 36, 1586.72),
    (325, 37, 1675.0),
    (325, 43, 1262.0),
    (325, 44, 1513.01),
    (325, 46, 1239.68),
    (325, 48, 1577.4),
    (325, 50, 1612.2),
    (325, 51, 1585.3),
    (40, 8, 1787.1),
    (49, 8, 2231.4),
    (64, 8, 1736.5),
    (64, 15, 1822.3),
    (70, 8, 1708.6),
    (70, 10, 1754.33),
    (70, 13, 1703.0),
    (70, 15, 1680.1),
    (70, 18, 1723.0),
    (70, 23, 1755.1),
    (95, 8, 1795.4),
    (108, 8, 1825.2),
    (113, 8, 1780.5),
    (113, 10, 1811.29),
    (113, 25, 1776.09),
    (113, 27, 1891.0),
    (157, 8, 1552.4),
    (157, 10, 1592.49),
    (157, 11, 1639.4),
    (160, 8, 1678.7),
    (160, 10, 1697.35),
    (160, 11, 1793.7),
    (161, 8, 1728.5),
    (161, 11, 1894.8),
    (161, 15, 1816.5),
    (161, 18, 1823.0),
    (161, 19, 1774.6),
    (174, 8, 1758.8),
    (174, 10, 1776.92),
    (174, 15, 1753.4),
    (174, 18, 1783.9),
    (174, 19, 1798.9),
    (175, 8, 1572.3),
    (175, 10, 1572.73),
    (175, 11, 1586.7),
    (175, 12, 1621.2),
    (175, 13, 1513.0),
    (175, 15, 1481.1),
    (175, 18, 1501.1),
    (175, 19, 1490.4),
    (175, 20, 1474.0),
    (176, 8, 1794.2),
    (176, 10, 1808.08),
    (178, 8, 1591.2),
    (178, 11, 1716.7),
    (178, 19, 1616.1),
    (182, 8, 1681.0),
    (182, 10, 1728.35),
    (182, 11, 1784.5),
    (182, 15, 1636.4),
    (182, 18, 1650.3),
    (182, 19, 1670.9),
    (188, 8, 1554.1),
    (188, 10, 1611.14),
    (188, 11, 1695.9),
    (188, 13, 1558.0),
    (188, 15, 1549.3),
    (188, 18, 1539.2),
    (188, 19, 1540.4),
    (188, 23, 1517.4),
    (188, 25, 1514.82),
    (188, 26, 1582.0),
    (188, 27, 1557.57),
    (188, 28, 1707.1),
    (188, 149, 1674.87),
    (191, 8, 1712.9),
    (191, 10, 1805.15),
    (191, 11, 1800.6),
    (191, 15, 1634.5),
    (191, 18, 1673.3),
    (191, 19, 1653.4),
    (191, 25, 1626.29),
    (191, 26, 1703.9),
    (191, 27, 1638.5),
    (193, 8, 1628.9),
    (193, 10, 1636.24),
    (193, 11, 1671.6),
    (193, 13, 1737.0),
    (193, 18, 1692.5),
    (202, 8, 1640.9),
    (202, 10, 1663.91),
    (202, 15, 1597.6),
    (202, 18, 1617.3),
    (202, 19, 1616.9),
    (202, 25, 1598.05),
    (202, 26, 1613.9),
    (202, 27, 1662.0),
    (204, 8, 1716.7),
    (204, 10, 1709.29),
    (204, 11, 1741.8),
    (204, 13, 1632.0),
    (204, 15, 1645.3),
    (204, 18, 1670.3),
    (204, 19, 1667.5),
    (209, 8, 1620.0),
    (209, 11, 1680.0),
    (209, 19, 1655.8),
    (209, 27, 1645.94),
    (212, 8, 1645.4),
    (212, 11, 1669.1),
    (212, 19, 1589.7),
    (228, 8, 1772.8),
    (228, 10, 1783.97),
    (234, 8, 1631.9),
    (234, 10, 1666.03),
    (234, 11, 1759.7),
    (234, 13, 1601.0),
    (234, 15, 1585.3),
    (234, 18, 1582.7),
    (234, 19, 1590.1),
    (234, 23, 1575.6),
    (234, 25, 1588.57),
    (234, 26, 1639.7),
    (234, 27, 1656.0),
    (234, 32, 1539.78),
    (234, 36, 1560.42),
    (234, 38, 1607.5),
    (242, 8, 1659.1),
    (242, 10, 1674.41),
    (242, 11, 1713.1),
    (245, 8, 1688.8),
    (245, 10, 1714.87),
    (250, 8, 1617.4),
    (250, 11, 1757.2),
    (250, 19, 1563.5),
    (250, 27, 1619.53),
    (250, 38, 1555.8),
    (250, 39, 1599.0),
    (253, 8, 1586.0),
    (253, 11, 1650.8),
    (253, 19, 1532.0),
    (253, 27, 1614.74),
    (253, 38, 1547.4),
    (253, 39, 1621.7),
    (254, 8, 1633.7),
    (254, 10, 1617.74),
    (254, 11, 1741.4),
    (257, 8, 1804.3),
    (257, 10, 1841.67),
    (265, 8, 1676.5),
    (265, 11, 1748.4),
    (265, 19, 1610.3),
    (265, 38, 1628.2),
    (265, 39, 1689.0),
    (269, 8, 1697.4),
    (269, 11, 1723.5),
    (269, 13, 1795.0),
    (269, 15, 1744.2),
    (269, 23, 1690.2),
    (269, 25, 1713.95),
    (269, 27, 1708.0),
    (273, 8, 1614.4),
    (273, 10, 1662.89),
    (273, 11, 1680.4),
    (273, 25, 1590.42),
    (273, 26, 1617.0),
    (273, 27, 1636.28),
    (273, 29, 1613.9),
    (273, 30, 1244.77),
    (273, 32, 1608.55),
    (273, 36, 1562.81),
    (273, 38, 1650.0),
    (283, 8, 1589.2),
    (283, 10, 1625.9),
    (283, 11, 1672.2),
    (285, 8, 1752.1),
    (285, 10, 1752.47),
    (347, 8, 1660.9),
    (347, 10, 1715.79),
    (347, 11, 1823.7),
    (347, 15, 1605.8),
    (347, 18, 1678.2),
    (347, 19, 1678.0),
    (347, 25, 1778.3),
    (347, 26, 1749.5),
    (347, 27, 1746.0),
    (347, 29, 1579.8),
    (347, 30, 1257.21),
    (347, 32, 1573.93),
    (347, 36, 1568.1),
    (347, 38, 1638.3),
    (347, 43, 1318.0),
    (237, 9, 1755.0),
    (237, 10, 1720.52),
    (237, 14, 1363.0),
    (237, 15, 1698.2),
    (237, 16, 1780.0),
    (237, 17, 1734.52),
    (247, 9, 1702.0),
    (247, 10, 1667.55),
    (247, 13, 1626.0),
    (247, 15, 1581.0),
    (247, 16, 1631.0),
    (247, 17, 1611.51),
    (247, 22, 1719.0),
    (247, 24, 1237.0),
    (247, 25, 1646.15),
    (247, 30, 1351.94),
    (247, 32, 1650.83),
    (247, 35, 1587.0),
    (247, 37, 1693.0),
    (329, 9, 1742.0),
    (329, 14, 1325.0),
    (329, 15, 1707.4),
    (329, 16, 1719.0),
    (329, 17, 1738.28),
    (15, 10, 1886.47),
    (15, 15, 1803.7),
    (15, 18, 1809.6),
    (60, 10, 1995.82),
    (60, 15, 1852.3),
    (60, 18, 1878.9),
    (102, 10, 1723.01),
    (102, 15, 1752.9),
    (102, 18, 1771.6),
    (134, 10, 1730.37),
    (135, 10, 1672.78),
    (136, 10, 1573.47),
    (136, 11, 1586.4),
    (136, 12, 1593.0),
    (152, 10, 1670.07),
    (152, 11, 1762.0),
    (153, 10, 1741.29),
    (153, 11, 1821.2),
    (153, 18, 1684.8),
    (162, 10, 1786.84),
    (167, 10, 1751.0),
    (167, 11, 1758.0),
    (170, 10, 1650.84),
    (181, 10, 1654.62),
    (181, 18, 1587.3),
    (185, 10, 1815.01),
    (198, 10, 1646.81),
    (198, 18, 1655.8),
    (203, 10, 1731.29),
    (203, 18, 1676.9),
    (203, 23, 1642.9),
    (203, 26, 1752.9),
    (203, 27, 1688.0),
    (215, 10, 1704.53),
    (215, 13, 1777.0),
    (215, 18, 1672.0),
    (215, 19, 1686.5),
    (215, 25, 1700.66),
    (215, 26, 1693.6),
    (216, 10, 1925.86),
    (219, 10, 1635.69),
    (219, 18, 1647.3),
    (219, 23, 1583.6),
    (219, 26, 1610.2),
    (219, 27, 1661.0),
    (221, 10, 1797.87),
    (221, 11, 1799.0),
    (221, 18, 1727.1),
    (223, 10, 1690.34),
    (226, 10, 1735.71),
    (227, 10, 1583.17),
    (227, 11, 1619.8),
    (232, 10, 1922.97),
    (232, 11, 1915.6),
    (235, 10, 1637.75),
    (235, 11, 1708.2),
    (235, 18, 1592.5),
    (235, 23, 1656.9),
    (235, 25, 1668.36),
    (235, 26, 1645.1),
    (235, 27, 1607.86),
    (235, 28, 1621.7),
    (235, 29, 1608.0),
    (235, 31, 1310.0),
    (235, 36, 1605.25),
    (235, 38, 1589.8),
    (236, 10, 2079.84),
    (236, 15, 1877.9),
    (236, 18, 1898.6),
    (236, 29, 1939.4),
    (236, 30, 1559.88),
    (236, 32, 1902.77),
    (236, 33, 1927.0),
    (236, 34, 1974.4),
    (236, 36, 1880.14),
    (240, 10, 1763.23),
    (240, 18, 1719.3),
    (240, 23, 1760.6),
    (240, 26, 1721.5),
    (240, 31, 1382.0),
    (240, 36, 1644.76),
    (240, 38, 1654.5),
    (251, 10, 1771.97),
    (251, 11, 1825.9),
    (251, 23, 1680.6),
    (251, 25, 1656.6),
    (251, 26, 1746.8),
    (264, 10, 2148.74),
    (266, 10, 1565.3),
    (266, 11, 1609.9),
    (266, 13, 1484.0),
    (266, 19, 1527.6),
    (266, 20, 1597.8),
    (266, 25, 1490.28),
    (266, 26, 1531.6),
    (266, 27, 1535.98),
    (266, 28, 1521.4),
    (266, 32, 1474.59),
    (266, 34, 1536.2),
    (266, 36, 1513.26),
    (266, 38, 1526.2),
    (266, 39, 1617.0),
    (271, 10, 1703.02),
    (271, 11, 1738.2),
    (271, 13, 1608.0),
    (271, 18, 1585.8),
    (271, 19, 1589.3),
    (271, 25, 1573.58),
    (271, 26, 1584.9),
    (271, 27, 1587.7),
    (271, 28, 1617.8),
    (271, 32, 1547.12),
    (271, 34, 1567.3),
    (271, 36, 1537.86),
    (271, 38, 1549.9),
    (271, 39, 1602.2),
    (277, 10, 1716.9),
    (279, 10, 1728.35),
    (279, 18, 1630.5),
    (279, 23, 1552.0),
    (279, 26, 1657.6),
    (279, 27, 1656.9),
    (279, 31, 1307.0),
    (279, 36, 1602.29),
    (279, 38, 1598.3),
    (5, 11, 1802.9),
    (5, 27, 1702.0),
    (10, 11, 1911.8),
    (10, 19, 1706.1),
    (10, 27, 1752.0),
    (45, 11, 1817.2),
    (45, 19, 1719.7),
    (45, 27, 1834.0),
    (46, 11, 1732.1),
    (46, 19, 1628.8),
    (46, 25, 1643.89),
    (137, 11, 1735.3),
    (140, 11, 1599.2),
    (140, 12, 1576.1),
    (143, 11, 1665.8),
    (143, 12, 1643.3),
    (144, 11, 1626.5),
    (148, 11, 1797.2),
    (149, 11, 1661.4),
    (150, 11, 1918.8),
    (155, 11, 1635.2),
    (156, 11, 1742.0),
    (156, 19, 1659.3),
    (158, 11, 1790.8),
    (159, 11, 2407.3),
    (163, 11, 1903.3),
    (164, 11, 1616.2),
    (164, 19, 1531.4),
    (165, 11, 1707.0),
    (165, 19, 1625.0),
    (168, 11, 1956.2),
    (169, 11, 1949.2),
    (169, 19, 1744.0),
    (171, 11, 1714.5),
    (172, 11, 1856.6),
    (172, 19, 1726.1),
    (177, 11, 1910.0),
    (190, 11, 1641.6),
    (190, 12, 1638.4),
    (190, 15, 1508.7),
    (190, 19, 1504.5),
    (190, 20, 1515.0),
    (190, 27, 1544.42),
    (190, 28, 1555.8),
    (197, 11, 1674.5),
    (197, 12, 1603.3),
    (197, 15, 1502.6),
    (197, 19, 1541.9),
    (197, 20, 1567.0),
    (197, 27, 1556.57),
    (197, 28, 1577.6),
    (200, 11, 1719.1),
    (200, 19, 1650.4),
    (205, 11, 1761.3),
    (211, 11, 1621.4),
    (211, 12, 1592.0),
    (211, 15, 1550.9),
    (211, 19, 1556.4),
    (211, 20, 1578.5),
    (211, 27, 1594.37),
    (211, 28, 1620.8),
    (213, 11, 1603.0),
    (213, 12, 1584.8),
    (213, 15, 1488.8),
    (213, 19, 1509.0),
    (213, 20, 1547.0),
    (213, 27, 1526.57),
    (213, 28, 1537.3),
    (214, 11, 1700.1),
    (218, 11, 1860.1),
    (222, 11, 1779.2),
    (225, 11, 1827.3),
    (230, 11, 1913.3),
    (230, 27, 1827.0),
    (230, 38, 1711.3),
    (238, 11, 1796.0),
    (244, 11, 1766.7),
    (249, 11, 1706.1),
    (252, 11, 1972.0),
    (252, 27, 1743.0),
    (252, 38, 1706.4),
    (255, 11, 1861.7),
    (259, 11, 1802.5),
    (259, 19, 1714.8),
    (259, 27, 1811.6),
    (259, 38, 1849.3),
    (260, 11, 1969.4),
    (260, 19, 1835.5),
    (262, 11, 1747.4),
    (267, 11, 2299.4),
    (268, 11, 1765.0),
    (275, 11, 1763.1),
    (281, 11, 1875.6),
    (287, 11, 2152.5),
    (287, 27, 1912.0),
    (57, 13, 1783.0),
    (69, 13, 1768.0),
    (69, 25, 1836.08),
    (183, 13, 1636.0),
    (183, 15, 1627.7),
    (183, 18, 1630.2),
    (183, 19, 1704.1),
    (189, 13, 1845.0),
    (189, 18, 1816.3),
    (194, 13, 1740.0),
    (194, 15, 1699.4),
    (194, 18, 1658.8),
    (194, 19, 1671.2),
    (194, 25, 1649.28),
    (194, 26, 1678.5),
    (194, 27, 1666.0),
    (195, 13, 1730.0),
    (195, 18, 1686.5),
    (248, 13, 1814.0),
    (248, 23, 1808.5),
    (248, 29, 1936.0),
    (248, 32, 1855.25),
    (248, 33, 1924.0),
    (248, 34, 1928.6),
    (272, 13, 1618.0),
    (272, 15, 1636.8),
    (272, 16, 1694.0),
    (272, 17, 1617.78),
    (272, 22, 1532.0),
    (272, 23, 1558.4),
    (272, 25, 1595.85),
    (272, 26, 1590.4),
    (272, 28, 1711.4),
    (272, 31, 1355.0),
    (272, 32, 1624.73),
    (272, 35, 1611.0),
    (272, 37, 1736.0),
    (282, 13, 1613.0),
    (282, 18, 1607.7),
    (282, 19, 1592.3),
    (282, 25, 1717.5),
    (282, 32, 1684.84),
    (284, 13, 1639.0),
    (284, 18, 1652.0),
    (284, 25, 1732.94),
    (284, 26, 1714.6),
    (284, 29, 1622.3),
    (284, 34, 1686.5),
    (284, 36, 1725.52),
    (289, 13, 1580.0),
    (289, 15, 1575.4),
    (289, 16, 1595.0),
    (289, 18, 1599.4),
    (296, 13, 1557.0),
    (296, 15, 1562.1),
    (296, 16, 1593.0),
    (296, 18, 1588.5),
    (296, 19, 1613.2),
    (296, 22, 1539.0),
    (296, 23, 1574.7),
    (296, 25, 1561.75),
    (296, 26, 1618.0),
    (296, 27, 1604.96),
    (296, 28, 1653.5),
    (296, 30, 1254.11),
    (296, 32, 1531.01),
    (296, 36, 1542.79),
    (296, 38, 1562.0),
    (296, 39, 1621.4),
    (296, 42, 1548.81),
    (296, 44, 1539.78),
    (296, 46, 1246.13),
    (296, 48, 1604.3),
    (296, 50, 1601.7),
    (296, 51, 1598.9),
    (302, 13, 1596.0),
    (302, 15, 1614.1),
    (302, 16, 1633.0),
    (302, 17, 1767.01),
    (302, 22, 1563.0),
    (302, 23, 1580.4),
    (302, 25, 1567.03),
    (302, 31, 1317.0),
    (302, 32, 1557.08),
    (302, 37, 1709.0),
    (302, 55, 1554.03),
    (302, 56, 1548.4),
    (302, 60, 1570.9),
    (303, 13, 1749.0),
    (303, 15, 1797.9),
    (303, 18, 1793.6),
    (303, 23, 1694.0),
    (303, 25, 1764.02),
    (303, 26, 1906.1),
    (303, 27, 1935.0),
    (303, 32, 1746.31),
    (303, 36, 1731.91),
    (303, 42, 1768.0),
    (303, 44, 1711.64),
    (303, 46, 1379.32),
    (303, 48, 1755.4),
    (305, 13, 1702.0),
    (305, 15, 1711.9),
    (305, 18, 1703.6),
    (305, 19, 1702.3),
    (305, 23, 1651.7),
    (305, 25, 1634.83),
    (305, 26, 1662.6),
    (305, 27, 1695.0),
    (305, 40, 1713.7),
    (305, 41, 1697.9),
    (305, 42, 1686.0),
    (305, 45, 1718.1),
    (305, 48, 1750.6),
    (305, 50, 1738.3),
    (305, 71, 2155.5),
    (305, 118, 1834.0),
    (306, 13, 1577.0),
    (306, 18, 1581.0),
    (306, 19, 1606.0),
    (306, 25, 1620.99),
    (306, 26, 1594.9),
    (306, 27, 1594.03),
    (306, 28, 1660.2),
    (306, 32, 1536.66),
    (306, 36, 1558.41),
    (306, 38, 1567.4),
    (306, 39, 1619.8),
    (306, 42, 1529.0),
    (306, 45, 1558.01),
    (306, 48, 1593.5),
    (306, 50, 1567.9),
    (308, 13, 1570.0),
    (308, 15, 1534.3),
    (308, 16, 1552.0),
    (308, 18, 1504.6),
    (308, 19, 1550.3),
    (308, 20, 1551.0),
    (308, 22, 1527.0),
    (308, 23, 1491.2),
    (308, 25, 1500.81),
    (308, 26, 1543.9),
    (308, 27, 1565.08),
    (308, 28, 1560.6),
    (308, 30, 1260.65),
    (308, 32, 1506.03),
    (308, 36, 1506.85),
    (308, 38, 1542.1),
    (308, 39, 1623.2),
    (308, 42, 1485.71),
    (308, 44, 1464.3),
    (308, 46, 1213.63),
    (308, 48, 1539.7),
    (308, 50, 1546.1),
    (308, 51, 1512.3),
    (309, 13, 1814.0),
    (309, 29, 1794.9),
    (309, 32, 1787.44),
    (309, 33, 1788.0),
    (309, 34, 1756.7),
    (309, 36, 1697.61),
    (309, 38, 1712.5),
    (309, 40, 1774.1),
    (309, 41, 1779.1),
    (309, 45, 1765.01),
    (310, 13, 1580.0),
    (310, 15, 1546.1),
    (310, 16, 1599.0),
    (310, 18, 1650.0),
    (310, 22, 1608.0),
    (310, 23, 1563.3),
    (310, 25, 1603.56),
    (310, 26, 1639.4),
    (314, 13, 1609.0),
    (314, 15, 1589.4),
    (314, 16, 1635.0),
    (314, 17, 1627.54),
    (314, 22, 1619.0),
    (314, 23, 1621.0),
    (314, 25, 1607.43),
    (315, 13, 1718.0),
    (315, 15, 1680.4),
    (315, 16, 1710.0),
    (315, 17, 1695.61),
    (315, 24, 1267.0),
    (315, 25, 1674.57),
    (315, 31, 1367.0),
    (315, 32, 1639.22),
    (315, 35, 1609.0),
    (315, 37, 1699.0),
    (315, 42, 1664.43),
    (315, 44, 1661.24),
    (316, 13, 1690.0),
    (316, 15, 1644.4),
    (316, 18, 1669.5),
    (316, 19, 1696.9),
    (316, 23, 1658.2),
    (316, 25, 1660.48),
    (316, 26, 1760.9),
    (319, 13, 1732.0),
    (319, 15, 1732.7),
    (319, 18, 1756.9),
    (319, 23, 1731.6),
    (319, 25, 1744.76),
    (319, 26, 1719.5),
    (319, 27, 1766.0),
    (319, 29, 1720.2),
    (319, 32, 1713.68),
    (319, 33, 1753.0),
    (319, 34, 1741.5),
    (319, 36, 1691.05),
    (319, 38, 1710.4),
    (319, 40, 1729.8),
    (319, 41, 1735.6),
    (319, 42, 1719.0),
    (319, 45, 1761.74),
    (319, 48, 1765.1),
    (319, 50, 1775.4),
    (319, 71, 2026.3),
    (319, 118, 2028.0),
    (330, 13, 1584.0),
    (330, 15, 1582.0),
    (330, 16, 1620.0),
    (330, 18, 1579.9),
    (330, 20, 1700.5),
    (330, 22, 1651.0),
    (330, 23, 1632.5),
    (330, 31, 1316.0),
    (330, 32, 1579.98),
    (330, 42, 1569.44),
    (330, 44, 1552.84),
    (330, 46, 1229.48),
    (330, 48, 1601.5),
    (330, 50, 1605.1),
    (330, 51, 1547.0),
    (330, 55, 1510.48),
    (330, 56, 1542.05),
    (330, 60, 1562.2),
    (330, 62, 1580.7),
    (330, 63, 1672.5),
    (336, 13, 1710.0),
    (336, 15, 1688.0),
    (336, 18, 1641.3),
    (336, 19, 1630.9),
    (336, 23, 1635.4),
    (336, 25, 1615.45),
    (336, 26, 1662.0),
    (336, 27, 1676.0),
    (336, 32, 1581.62),
    (336, 36, 1589.16),
    (336, 38, 1646.6),
    (343, 13, 1600.0),
    (343, 15, 1590.0),
    (343, 16, 1640.0),
    (343, 17, 1597.49),
    (343, 22, 1684.0),
    (343, 24, 1234.21),
    (343, 25, 1639.09),
    (343, 42, 1574.28),
    (343, 44, 1587.93),
    (343, 46, 1270.08),
    (382, 13, 1549.0),
    (382, 15, 1522.8),
    (382, 16, 1568.0),
    (382, 18, 1548.0),
    (382, 19, 1551.3),
    (382, 20, 1581.2),
    (382, 22, 1499.0),
    (382, 23, 1521.1),
    (382, 25, 1518.56),
    (382, 26, 1567.2),
    (382, 27, 1575.05),
    (382, 28, 1575.4),
    (382, 36, 1544.65),
    (382, 38, 1555.1),
    (382, 39, 1611.3),
    (382, 55, 1507.06),
    (382, 56, 1492.6),
    (382, 60, 1603.1),
    (382, 62, 1608.1),
    (382, 63, 1635.5),
    (263, 14, 1539.0),
    (263, 16, 1833.0),
    (263, 17, 1796.86),
    (290, 14, 1418.0),
    (290, 15, 1789.9),
    (290, 16, 1752.0),
    (290, 17, 1710.87),
    (290, 22, 1776.0),
    (290, 25, 1726.05),
    (313, 14, 1266.0),
    (313, 15, 1592.6),
    (313, 16, 1615.0),
    (313, 22, 1608.0),
    (313, 23, 1625.8),
    (313, 25, 1627.5),
    (313, 31, 1312.0),
    (313, 32, 1579.19),
    (313, 36, 1571.6),
    (313, 38, 1608.6),
    (313, 39, 1632.9),
    (313, 43, 1306.0),
    (313, 44, 1542.37),
    (322, 14, 1284.0),
    (322, 15, 1635.7),
    (322, 16, 1642.0),
    (322, 17, 1646.9),
    (339, 14, 1390.0),
    (339, 16, 1776.0),
    (4, 15, 1572.2),
    (4, 27, 1669.0),
    (4, 28, 1690.9),
    (16, 15, 1583.4),
    (16, 27, 1726.7),
    (21, 15, 1910.6),
    (29, 15, 1786.3),
    (29, 18, 1840.6),
    (29, 25, 1807.55),
    (29, 26, 1941.0),
    (34, 15, 2093.2),
    (39, 15, 1689.3),
    (39, 18, 1723.4),
    (47, 15, 1858.9),
    (47, 18, 1894.4),
    (47, 24, 1394.81),
    (47, 25, 1815.91),
    (47, 30, 1571.46),
    (63, 15, 2103.0),
    (63, 18, 2084.3),
    (63, 25, 2108.59),
    (76, 15, 1615.7),
    (77, 15, 2067.9),
    (206, 15, 1488.1),
    (206, 19, 1478.9),
    (206, 20, 1458.9),
    (208, 15, 1558.7),
    (208, 19, 1566.1),
    (208, 20, 1590.9),
    (217, 15, 1512.2),
    (217, 19, 1549.0),
    (217, 20, 1623.3),
    (229, 15, 1603.0),
    (229, 27, 1615.2),
    (229, 28, 1635.9),
    (229, 29, 1661.9),
    (246, 15, 1872.3),
    (246, 16, 1808.0),
    (246, 17, 1781.69),
    (274, 15, 1668.6),
    (274, 29, 1635.6),
    (274, 38, 1647.3),
    (292, 15, 1752.6),
    (300, 15, 1700.4),
    (300, 18, 1714.2),
    (300, 25, 1692.33),
    (300, 26, 1823.9),
    (300, 29, 1746.0),
    (300, 30, 1373.32),
    (300, 34, 1765.8),
    (300, 36, 1691.89),
    (300, 38, 1802.3),
    (300, 40, 1830.8),
    (300, 41, 1839.1),
    (307, 15, 1679.3),
    (307, 18, 1670.8),
    (307, 19, 1675.6),
    (307, 25, 1687.41),
    (307, 26, 1686.9),
    (307, 27, 1682.0),
    (307, 29, 1643.3),
    (307, 32, 1611.17),
    (307, 33, 1634.0),
    (307, 34, 1650.8),
    (307, 36, 1625.46),
    (307, 38, 1647.0),
    (307, 40, 1634.4),
    (307, 41, 1632.7),
    (307, 43, 1319.0),
    (307, 44, 1642.7),
    (307, 48, 1696.8),
    (321, 15, 2200.3),
    (321, 18, 2048.1),
    (321, 19, 2038.9),
    (321, 25, 1953.79),
    (321, 26, 1983.5),
    (321, 29, 2094.1),
    (321, 33, 2154.0),
    (321, 34, 2126.2),
    (321, 36, 2057.35),
    (321, 40, 2314.3),
    (321, 41, 2228.1),
    (321, 43, 1772.0),
    (321, 44, 2140.9),
    (321, 45, 2150.06),
    (326, 15, 1785.5),
    (326, 18, 1749.3),
    (326, 19, 1732.4),
    (327, 15, 1701.4),
    (327, 18, 1751.0),
    (327, 25, 1740.97),
    (327, 26, 1837.8),
    (327, 29, 1717.8),
    (327, 30, 1379.59),
    (327, 32, 1710.48),
    (327, 33, 1706.0),
    (327, 34, 1719.4),
    (327, 36, 1668.29),
    (327, 38, 1757.7),
    (327, 40, 1715.3),
    (327, 41, 1702.8),
    (327, 48, 1752.6),
    (331, 15, 1874.0),
    (331, 18, 1728.9),
    (331, 23, 1678.3),
    (331, 25, 1713.25),
    (331, 26, 1706.2),
    (331, 27, 1726.0),
    (331, 29, 1766.3),
    (331, 32, 1715.37),
    (331, 33, 1728.0),
    (331, 34, 1725.7),
    (331, 36, 1695.41),
    (331, 38, 1808.0),
    (331, 40, 1670.4),
    (331, 41, 1610.6),
    (331, 42, 1605.0),
    (331, 45, 1648.28),
    (331, 48, 1648.5),
    (331, 50, 1655.6),
    (335, 15, 1740.9),
    (335, 18, 1739.3),
    (335, 19, 1721.5),
    (341, 16, 1579.0),
    (341, 18, 1571.4),
    (341, 19, 1568.4),
    (341, 20, 1547.6),
    (341, 22, 1564.0),
    (341, 23, 1611.7),
    (341, 25, 1569.67),
    (341, 26, 1623.2),
    (341, 27, 1640.03),
    (180, 18, 1756.0),
    (180, 105, 729.0),
    (297, 18, 1674.7),
    (297, 23, 1682.1),
    (297, 25, 1695.45),
    (297, 26, 1717.9),
    (297, 29, 1693.3),
    (297, 31, 1398.0),
    (297, 36, 1624.65),
    (297, 38, 1725.9),
    (297, 41, 1700.8),
    (297, 42, 1687.0),
    (297, 48, 1729.0),
    (297, 50, 1798.6),
    (298, 18, 1726.4),
    (298, 23, 1740.5),
    (298, 25, 1844.96),
    (298, 26, 1781.7),
    (298, 29, 1757.9),
    (298, 36, 1664.51),
    (298, 38, 1668.7),
    (298, 41, 1697.2),
    (298, 42, 1661.0),
    (298, 44, 1661.95),
    (298, 48, 1828.1),
    (298, 50, 1791.2),
    (299, 18, 1695.7),
    (299, 26, 1677.0),
    (299, 27, 1700.0),
    (299, 36, 1659.23),
    (299, 38, 1673.1),
    (299, 42, 1598.0),
    (299, 50, 1710.5),
    (299, 105, 651.0),
    (304, 18, 1651.2),
    (304, 23, 1635.1),
    (304, 25, 1633.72),
    (304, 26, 1663.4),
    (304, 29, 1632.1),
    (304, 31, 1318.0),
    (304, 36, 1596.65),
    (304, 38, 1630.6),
    (304, 41, 1622.0),
    (304, 42, 1608.0),
    (304, 44, 1574.06),
    (304, 48, 1619.3),
    (304, 50, 1628.8),
    (328, 18, 1681.0),
    (328, 23, 1710.6),
    (328, 25, 1699.05),
    (328, 26, 1757.8),
    (328, 29, 1735.0),
    (328, 31, 1416.0),
    (328, 36, 1696.0),
    (328, 38, 1740.1),
    (337, 18, 1715.8),
    (337, 31, 1530.0),
    (337, 42, 1741.0),
    (338, 18, 1688.3),
    (338, 23, 1681.7),
    (338, 26, 1705.5),
    (393, 18, 1766.2),
    (393, 23, 1768.0),
    (393, 31, 1431.0),
    (393, 42, 1723.0),
    (103, 19, 1837.4),
    (103, 27, 1811.0),
    (122, 19, 1665.2),
    (122, 25, 1688.33),
    (122, 27, 1810.0),
    (122, 50, 1685.2),
    (179, 19, 1646.3),
    (241, 19, 1912.3),
    (243, 19, 1566.5),
    (243, 27, 1630.92),
    (243, 38, 1582.1),
    (243, 50, 1616.3),
    (243, 51, 1639.1),
    (291, 19, 1617.4),
    (291, 25, 1506.26),
    (291, 27, 1624.37),
    (291, 38, 1601.1),
    (294, 19, 1596.6),
    (294, 27, 1682.9),
    (294, 38, 1670.6),
    (317, 19, 1680.2),
    (317, 27, 1658.0),
    (317, 38, 1658.1),
    (320, 19, 2063.4),
    (320, 27, 2077.0),
    (320, 38, 1928.5),
    (323, 19, 1602.8),
    (323, 27, 1845.0),
    (323, 38, 1690.6),
    (323, 50, 1701.1),
    (332, 19, 1739.1),
    (333, 19, 1544.0),
    (334, 19, 1754.0),
    (334, 27, 1784.0),
    (334, 38, 1706.2),
    (334, 50, 1763.9),
    (342, 19, 1680.5),
    (342, 38, 1676.1),
    (342, 50, 1674.4),
    (377, 21, 1572.1),
    (377, 23, 1595.1),
    (377, 25, 1608.18),
    (377, 26, 1840.3),
    (377, 29, 1664.7),
    (377, 32, 1653.74),
    (377, 34, 1653.5),
    (377, 36, 1640.26),
    (377, 38, 1664.5),
    (377, 40, 1631.0),
    (377, 41, 1601.7),
    (377, 42, 1574.0),
    (377, 48, 1655.2),
    (377, 50, 1704.4),
    (377, 52, 1624.61),
    (377, 53, 1582.4),
    (377, 54, 1606.0),
    (377, 55, 1570.76),
    (377, 57, 1606.7),
    (377, 58, 1616.1),
    (377, 60, 1609.4),
    (377, 62, 1639.3),
    (20, 22, 1776.0),
    (359, 22, 1666.0),
    (359, 24, 1301.5),
    (359, 25, 1645.14),
    (367, 22, 1879.0),
    (367, 24, 1330.41),
    (367, 25, 1772.47),
    (371, 22, 2099.0),
    (372, 22, 1876.0),
    (372, 25, 1825.78),
    (383, 22, 1719.0),
    (383, 24, 1246.05),
    (383, 25, 1694.68),
    (399, 22, 1489.0),
    (399, 23, 1518.7),
    (399, 25, 1509.34),
    (399, 26, 1576.7),
    (399, 27, 1581.64),
    (399, 28, 1578.3),
    (399, 30, 1226.04),
    (399, 43, 1270.0),
    (399, 44, 1526.39),
    (399, 46, 1237.4),
    (399, 48, 1587.5),
    (399, 50, 1600.2),
    (399, 51, 1549.1),
    (399, 55, 1488.36),
    (399, 56, 1504.45),
    (399, 60, 1518.1),
    (399, 62, 1573.85),
    (399, 63, 1632.2),
    (400, 22, 1877.0),
    (400, 24, 1272.25),
    (401, 22, 1581.0),
    (401, 23, 1575.2),
    (401, 25, 1554.73),
    (401, 31, 1346.0),
    (401, 32, 1614.08),
    (401, 35, 1642.0),
    (401, 37, 1663.0),
    (401, 42, 1632.61),
    (401, 44, 1626.98),
    (401, 46, 1312.38),
    (401, 47, 1604.69),
    (401, 49, 1679.0),
    (401, 55, 1602.55),
    (401, 56, 1586.95),
    (401, 59, 1567.0),
    (401, 61, 1622.0),
    (6, 23, 1843.3),
    (6, 31, 1515.0),
    (6, 42, 1770.0),
    (8, 23, 1729.1),
    (11, 23, 1804.5),
    (11, 29, 1955.6),
    (11, 41, 2042.4),
    (11, 42, 2000.0),
    (11, 44, 2013.29),
    (30, 23, 1655.8),
    (44, 23, 1847.7),
    (224, 23, 1788.3),
    (295, 23, 1803.5),
    (295, 25, 1829.88),
    (324, 23, 1728.3),
    (324, 32, 1665.18),
    (324, 36, 1669.6),
    (324, 41, 1690.0),
    (324, 42, 1613.0),
    (324, 44, 1585.76),
    (324, 46, 1285.43),
    (324, 48, 1700.6),
    (344, 23, 1588.8),
    (344, 26, 1593.6),
    (344, 27, 1623.3),
    (344, 31, 1308.0),
    (344, 36, 1532.56),
    (344, 38, 1552.9),
    (344, 39, 1614.5),
    (344, 42, 1517.0),
    (344, 48, 1549.0),
    (344, 50, 1551.1),
    (344, 51, 1534.3),
    (344, 55, 1498.91),
    (344, 56, 1509.8),
    (344, 57, 1578.9),
    (344, 60, 1526.0),
    (344, 62, 1534.55),
    (344, 63, 1602.3),
    (351, 23, 1669.4),
    (351, 26, 1713.8),
    (352, 23, 1655.4),
    (352, 31, 1340.0),
    (352, 36, 1612.87),
    (352, 38, 1636.2),
    (352, 42, 1584.0),
    (352, 48, 1628.7),
    (352, 50, 1619.8),
    (352, 55, 1627.4),
    (352, 56, 1656.45),
    (352, 57, 1654.2),
    (352, 60, 1679.3),
    (352, 62, 1666.1),
    (353, 23, 1657.2),
    (353, 26, 1707.0),
    (355, 23, 1714.2),
    (355, 26, 1805.5),
    (355, 27, 1779.0),
    (364, 23, 1733.9),
    (364, 31, 1441.0),
    (364, 36, 1682.67),
    (364, 42, 1711.0),
    (364, 48, 1732.6),
    (364, 55, 1684.26),
    (364, 56, 1682.15),
    (364, 57, 1715.3),
    (364, 60, 1660.8),
    (366, 23, 1645.2),
    (366, 25, 1678.33),
    (366, 26, 1671.1),
    (366, 27, 1632.64),
    (366, 29, 1648.4),
    (366, 32, 1627.13),
    (366, 33, 1662.0),
    (366, 34, 1676.0),
    (366, 36, 1612.45),
    (366, 38, 1615.9),
    (366, 40, 1623.4),
    (366, 41, 1596.7),
    (366, 42, 1563.0),
    (366, 45, 1592.6),
    (366, 48, 1614.5),
    (366, 50, 1596.4),
    (366, 52, 1645.26),
    (366, 53, 1588.9),
    (366, 54, 1638.0),
    (366, 55, 1580.02),
    (366, 56, 1591.95),
    (366, 57, 1596.1),
    (366, 58, 1623.1),
    (366, 60, 1594.3),
    (366, 62, 1615.85),
    (366, 71, 1588.4),
    (381, 23, 1604.8),
    (381, 25, 1581.68),
    (381, 32, 1588.07),
    (381, 36, 1583.62),
    (381, 42, 1600.0),
    (381, 44, 1634.54),
    (381, 46, 1321.37),
    (381, 48, 1664.6),
    (381, 55, 1581.8),
    (381, 57, 1593.4),
    (381, 60, 1622.6),
    (396, 23, 1873.3),
    (396, 29, 1815.8),
    (396, 32, 1749.45),
    (396, 33, 1804.0),
    (396, 34, 1784.1),
    (396, 36, 1794.79),
    (396, 41, 1863.2),
    (348, 24, 1316.47),
    (348, 26, 1771.0),
    (358, 24, 1387.18),
    (358, 25, 1819.37),
    (358, 26, 1917.0),
    (388, 24, 1374.92),
    (388, 25, 1779.29),
    (388, 26, 1830.8),
    (1, 25, 1710.6),
    (1, 27, 1771.0),
    (3, 25, 1926.55),
    (12, 25, 1810.91),
    (18, 25, 1780.22),
    (26, 25, 1784.47),
    (41, 25, 1766.68),
    (41, 26, 1809.1),
    (41, 27, 1852.0),
    (41, 33, 1764.0),
    (41, 34, 1771.9),
    (41, 36, 1717.16),
    (41, 40, 1840.4),
    (41, 43, 1382.0),
    (43, 25, 1933.35),
    (56, 25, 1604.77),
    (56, 27, 1712.0),
    (59, 25, 1618.44),
    (59, 27, 1687.0),
    (117, 25, 1782.6),
    (117, 34, 1876.7),
    (117, 42, 1830.0),
    (207, 25, 1640.76),
    (207, 26, 1724.0),
    (256, 25, 1634.06),
    (256, 27, 1649.0),
    (256, 38, 1649.5),
    (258, 25, 1646.56),
    (258, 26, 1651.0),
    (258, 27, 1678.0),
    (261, 25, 1678.89),
    (261, 26, 1699.9),
    (261, 27, 1716.0),
    (345, 25, 1828.6),
    (345, 26, 1880.4),
    (345, 29, 1799.1),
    (345, 31, 1455.0),
    (345, 36, 1696.99),
    (345, 38, 1747.6),
    (370, 25, 1725.36),
    (370, 32, 1699.14),
    (370, 42, 1760.0),
    (375, 25, 1670.1),
    (376, 25, 1654.57),
    (376, 26, 1732.6),
    (376, 27, 1761.0),
    (376, 29, 1736.5),
    (376, 32, 1671.02),
    (376, 33, 1719.0),
    (376, 34, 1736.9),
    (376, 36, 1654.4),
    (376, 38, 1672.3),
    (376, 55, 1802.09),
    (376, 56, 1730.8),
    (376, 57, 1762.0),
    (376, 58, 1767.3),
    (376, 60, 1673.3),
    (376, 62, 1684.45),
    (379, 25, 1778.81),
    (379, 26, 1818.0),
    (379, 27, 1853.0),
    (379, 29, 1811.4),
    (379, 32, 1790.78),
    (379, 33, 1785.0),
    (379, 34, 1746.5),
    (379, 36, 1689.85),
    (379, 38, 1738.4),
    (379, 40, 1757.0),
    (379, 41, 1814.6),
    (379, 43, 1456.0),
    (379, 44, 1843.06),
    (379, 45, 1777.45),
    (379, 48, 1872.8),
    (385, 25, 1573.19),
    (385, 26, 1610.7),
    (385, 27, 1635.07),
    (385, 28, 1658.0),
    (385, 32, 1522.0),
    (385, 34, 1548.9),
    (385, 36, 1518.73),
    (385, 38, 1543.2),
    (385, 42, 1518.0),
    (385, 44, 1502.31),
    (385, 45, 1532.29),
    (385, 48, 1559.4),
    (385, 50, 1529.5),
    (385, 51, 1516.5),
    (385, 55, 1506.73),
    (385, 56, 1488.35),
    (385, 58, 1549.4),
    (385, 60, 1522.3),
    (385, 62, 1633.0),
    (385, 152, 1710.59),
    (387, 25, 1669.37),
    (387, 26, 1722.6),
    (391, 25, 1720.48),
    (391, 26, 1815.6),
    (391, 34, 1824.5),
    (391, 52, 1672.04),
    (391, 53, 1740.02),
    (391, 54, 1648.0),
    (391, 56, 1624.75),
    (391, 60, 1685.1),
    (391, 62, 1656.25),
    (392, 25, 1728.31),
    (392, 26, 1751.9),
    (392, 29, 1642.0),
    (392, 30, 1317.87),
    (392, 33, 1668.0),
    (392, 34, 1646.6),
    (392, 36, 1617.22),
    (392, 38, 1663.1),
    (392, 52, 1630.79),
    (392, 53, 1584.7),
    (392, 54, 1626.0),
    (392, 56, 1570.05),
    (392, 60, 1567.7),
    (392, 62, 1578.9),
    (397, 25, 1757.71),
    (397, 32, 1716.92),
    (397, 34, 1790.6),
    (397, 36, 1772.85),
    (397, 42, 1697.0),
    (397, 44, 1688.2),
    (397, 45, 1743.46),
    (397, 55, 1718.71),
    (397, 56, 1748.35),
    (397, 57, 1769.1),
    (402, 25, 1750.07),
    (402, 34, 1853.2),
    (402, 45, 1697.32),
    (402, 48, 1757.5),
    (451, 25, 1612.85),
    (451, 26, 1620.0),
    (451, 27, 1768.0),
    (451, 28, 1645.7),
    (451, 34, 1642.7),
    (451, 36, 1592.62),
    (451, 38, 1601.4),
    (451, 39, 1710.4),
    (451, 42, 1641.0),
    (451, 44, 1621.03),
    (451, 48, 1677.5),
    (451, 50, 1673.5),
    (451, 55, 1596.99),
    (451, 57, 1582.4),
    (451, 60, 1590.4),
    (451, 62, 1604.5),
    (340, 26, 2061.4),
    (361, 26, 1684.6),
    (361, 27, 1727.0),
    (361, 36, 1664.11),
    (361, 38, 1681.7),
    (361, 42, 1650.0),
    (361, 48, 1688.3),
    (361, 50, 1742.8),
    (361, 55, 1647.97),
    (361, 56, 1656.15),
    (361, 57, 1664.0),
    (361, 60, 1625.1),
    (361, 62, 1671.5),
    (361, 105, 682.0),
    (363, 26, 1706.1),
    (363, 27, 1801.0),
    (13, 27, 1921.0),
    (13, 50, 1808.1),
    (22, 27, 1754.0),
    (24, 27, 2111.0),
    (28, 27, 2089.0),
    (36, 27, 1992.0),
    (38, 27, 1750.0),
    (42, 27, 2008.0),
    (51, 27, 1903.0),
    (89, 27, 2038.0),
    (100, 27, 1977.0),
    (109, 27, 1953.0),
    (119, 27, 1875.0),
    (123, 27, 2044.0),
    (233, 27, 1577.36),
    (233, 28, 1612.0),
    (233, 39, 1666.1),
    (276, 27, 1652.0),
    (276, 38, 1608.1),
    (301, 27, 1713.0),
    (301, 38, 1659.4),
    (311, 27, 1646.23),
    (311, 38, 1609.0),
    (311, 50, 1591.7),
    (311, 51, 1597.2),
    (312, 27, 1711.0),
    (312, 38, 1660.0),
    (312, 50, 1674.8),
    (350, 27, 1587.44),
    (350, 28, 1625.5),
    (350, 38, 1588.4),
    (350, 50, 1594.1),
    (350, 56, 1552.7),
    (350, 62, 1551.05),
    (350, 63, 1628.2),
    (357, 27, 1541.02),
    (357, 28, 1546.6),
    (357, 38, 1530.6),
    (357, 39, 1589.4),
    (357, 50, 1534.6),
    (357, 51, 1488.8),
    (357, 62, 1481.35),
    (357, 63, 1544.2),
    (373, 27, 1931.0),
    (380, 27, 1697.0),
    (380, 38, 1638.0),
    (380, 50, 1728.7),
    (380, 62, 1735.6),
    (389, 27, 1653.0),
    (514, 27, 1824.0),
    (210, 28, 1820.7),
    (14, 29, 2148.3),
    (14, 32, 2070.65),
    (62, 29, 1887.6),
    (62, 31, 1522.0),
    (62, 36, 1685.58),
    (62, 38, 1900.1),
    (62, 66, 1742.2),
    (62, 67, 1723.0),
    (62, 68, 1774.75),
    (62, 73, 1708.14),
    (111, 29, 1861.2),
    (114, 29, 1690.1),
    (278, 29, 2251.7),
    (278, 33, 2087.0),
    (278, 34, 2127.3),
    (362, 29, 1698.5),
    (368, 29, 1606.8),
    (368, 38, 1640.4),
    (368, 50, 1719.2),
    (368, 56, 1609.95),
    (368, 62, 1637.0),
    (378, 29, 1606.2),
    (378, 38, 1647.8),
    (390, 29, 1642.6),
    (390, 38, 1709.1),
    (390, 50, 1667.4),
    (390, 56, 1630.1),
    (390, 62, 1593.6),
    (395, 29, 1814.2),
    (395, 30, 1476.67),
    (395, 34, 1881.7),
    (404, 29, 1696.2),
    (404, 31, 1447.0),
    (404, 36, 1688.79),
    (404, 41, 1771.5),
    (404, 42, 1797.0),
    (404, 44, 1797.02),
    (404, 48, 1845.2),
    (404, 55, 1717.68),
    (404, 60, 1649.9),
    (404, 62, 1658.8),
    (406, 29, 1660.3),
    (408, 29, 1886.6),
    (408, 31, 1507.0),
    (408, 36, 1676.95),
    (408, 44, 1771.25),
    (408, 48, 1724.3),
    (408, 50, 1690.3),
    (408, 53, 1666.1),
    (408, 55, 1673.41),
    (408, 56, 1627.05),
    (408, 60, 1634.8),
    (408, 62, 1676.4),
    (408, 66, 1604.0),
    (408, 67, 1589.0),
    (408, 68, 1564.35),
    (408, 73, 1511.29),
    (408, 74, 1564.95),
    (410, 29, 1799.6),
    (410, 30, 1385.68),
    (410, 32, 1674.45),
    (410, 36, 1689.58),
    (410, 40, 1768.1),
    (410, 41, 1698.4),
    (410, 43, 1355.0),
    (410, 44, 1654.87),
    (410, 46, 1349.17),
    (410, 48, 1751.1),
    (410, 50, 1726.3),
    (410, 52, 1719.84),
    (410, 53, 1630.4),
    (410, 55, 1621.02),
    (410, 56, 1627.9),
    (410, 57, 1658.0),
    (410, 60, 1621.3),
    (410, 62, 1638.55),
    (410, 65, 1384.25),
    (410, 67, 1668.0),
    (410, 68, 1677.4),
    (410, 71, 1698.5),
    (410, 73, 1635.41),
    (413, 29, 1786.8),
    (413, 30, 1372.98),
    (413, 32, 1711.27),
    (413, 36, 1661.58),
    (413, 38, 1699.5),
    (413, 40, 1809.8),
    (413, 41, 1716.0),
    (413, 43, 1366.0),
    (413, 44, 1694.53),
    (413, 48, 1722.6),
    (413, 50, 1769.0),
    (413, 57, 1798.8),
    (413, 60, 1711.0),
    (413, 62, 1745.9),
    (420, 29, 1669.7),
    (420, 30, 1330.18),
    (420, 32, 1642.31),
    (420, 36, 1629.54),
    (420, 38, 1685.1),
    (420, 46, 1512.52),
    (420, 57, 1773.8),
    (420, 60, 1788.7),
    (420, 67, 1651.0),
    (420, 68, 1646.7),
    (420, 73, 1619.76),
    (420, 74, 1718.95),
    (423, 29, 1844.2),
    (423, 30, 1465.46),
    (423, 32, 1773.98),
    (423, 33, 1869.0),
    (423, 36, 1745.84),
    (423, 55, 1774.89),
    (423, 60, 1685.6),
    (423, 62, 1770.5),
    (424, 29, 1762.5),
    (424, 30, 1324.35),
    (424, 36, 1681.73),
    (424, 38, 1738.0),
    (427, 29, 1677.5),
    (427, 32, 1622.74),
    (427, 33, 1683.0),
    (427, 36, 1673.42),
    (427, 40, 1748.9),
    (427, 41, 1733.6),
    (427, 44, 1633.05),
    (427, 48, 1894.8),
    (427, 52, 1932.76),
    (427, 53, 1689.0),
    (427, 55, 1682.05),
    (427, 56, 1704.5),
    (427, 58, 1751.6),
    (427, 60, 1693.7),
    (430, 29, 1537.7),
    (430, 38, 1540.4),
    (430, 39, 1599.6),
    (430, 50, 1558.3),
    (430, 51, 1558.5),
    (430, 56, 1513.6),
    (430, 62, 1538.1),
    (430, 63, 1602.1),
    (430, 74, 1536.85),
    (430, 75, 1669.0),
    (431, 29, 1741.0),
    (431, 32, 1729.28),
    (431, 34, 1761.6),
    (431, 36, 1698.28),
    (431, 40, 1724.9),
    (431, 41, 1727.7),
    (431, 43, 1387.0),
    (431, 44, 1660.79),
    (431, 45, 1711.68),
    (431, 48, 1748.2),
    (431, 52, 1730.94),
    (431, 53, 1671.6),
    (431, 55, 1669.31),
    (431, 56, 1694.15),
    (431, 58, 1702.7),
    (431, 60, 1690.8),
    (431, 64, 1765.16),
    (431, 68, 1590.95),
    (431, 73, 1560.4),
    (432, 29, 1883.9),
    (432, 30, 1541.44),
    (432, 32, 1822.35),
    (432, 33, 1789.0),
    (435, 29, 1699.1),
    (435, 30, 1351.57),
    (435, 34, 1678.7),
    (435, 36, 1665.68),
    (435, 38, 1664.8),
    (435, 43, 1386.0),
    (435, 44, 1675.99),
    (435, 48, 1735.2),
    (435, 60, 1745.4),
    (435, 68, 1732.9),
    (438, 29, 1830.7),
    (438, 31, 1506.0),
    (438, 36, 1819.12),
    (438, 41, 1817.2),
    (438, 42, 1764.0),
    (438, 44, 1773.48),
    (438, 48, 1848.4),
    (438, 53, 1813.3),
    (438, 55, 1763.87),
    (438, 56, 1747.45),
    (438, 60, 1723.8),
    (438, 66, 1683.2),
    (438, 67, 1657.0),
    (438, 68, 1649.4),
    (438, 73, 1654.79),
    (449, 29, 1836.6),
    (449, 32, 1809.96),
    (449, 33, 1843.0),
    (449, 34, 1942.0),
    (449, 36, 1873.02),
    (449, 40, 1857.7),
    (449, 41, 1858.7),
    (449, 43, 1470.0),
    (449, 45, 1836.86),
    (449, 48, 1810.6),
    (450, 29, 1569.7),
    (450, 32, 1523.81),
    (450, 33, 1704.0),
    (450, 36, 1580.87),
    (452, 29, 1691.6),
    (452, 32, 1656.49),
    (452, 33, 1693.0),
    (452, 34, 1700.1),
    (452, 36, 1664.93),
    (452, 38, 1663.5),
    (452, 40, 1702.5),
    (452, 41, 1671.0),
    (452, 42, 1639.0),
    (452, 45, 1642.38),
    (452, 48, 1665.7),
    (452, 50, 1681.0),
    (452, 58, 1833.4),
    (452, 64, 1932.03),
    (452, 66, 1722.2),
    (452, 67, 1689.0),
    (452, 69, 1637.8),
    (452, 73, 1602.98),
    (452, 74, 1667.05),
    (454, 29, 1645.8),
    (454, 30, 1292.96),
    (454, 32, 1623.41),
    (454, 36, 1628.48),
    (454, 38, 1662.0),
    (454, 40, 1692.2),
    (454, 41, 1624.5),
    (454, 43, 1299.0),
    (454, 44, 1573.27),
    (454, 46, 1284.23),
    (454, 48, 1667.0),
    (454, 50, 1654.2),
    (454, 52, 1615.32),
    (454, 53, 1560.9),
    (454, 55, 1556.62),
    (454, 56, 1565.05),
    (454, 57, 1580.8),
    (454, 60, 1603.5),
    (454, 62, 1646.65),
    (454, 65, 1263.87),
    (454, 67, 1538.0),
    (454, 68, 1528.55),
    (454, 71, 1545.7),
    (454, 73, 1497.15),
    (454, 74, 1554.45),
    (455, 29, 1667.0),
    (455, 56, 1600.0),
    (455, 74, 1583.6),
    (455, 75, 1766.0),
    (458, 29, 1712.9),
    (458, 30, 1345.16),
    (458, 33, 1696.0),
    (458, 34, 1698.1),
    (458, 36, 1642.67),
    (458, 38, 1688.5),
    (458, 40, 1615.6),
    (458, 41, 1599.5),
    (458, 43, 1313.0),
    (458, 44, 1585.34),
    (460, 29, 1656.9),
    (460, 30, 1294.39),
    (460, 32, 1585.28),
    (460, 36, 1561.5),
    (460, 38, 1606.2),
    (460, 40, 1630.4),
    (460, 41, 1604.5),
    (460, 43, 1291.0),
    (460, 44, 1591.84),
    (460, 48, 1632.9),
    (462, 29, 1730.8),
    (462, 38, 1694.5),
    (471, 29, 2020.4),
    (471, 34, 2035.5),
    (475, 29, 1795.8),
    (475, 32, 1789.51),
    (475, 33, 1759.0),
    (475, 36, 1761.53),
    (477, 29, 1665.5),
    (477, 30, 1334.03),
    (477, 32, 1639.69),
    (477, 33, 1670.0),
    (477, 34, 1670.3),
    (477, 36, 1634.48),
    (477, 40, 1652.8),
    (477, 41, 1641.4),
    (477, 43, 1320.0),
    (477, 44, 1603.8),
    (477, 48, 1685.5),
    (477, 52, 1732.29),
    (477, 53, 1693.3),
    (477, 56, 1666.1),
    (477, 60, 1660.6),
    (477, 62, 1678.65),
    (477, 64, 1850.18),
    (477, 66, 1732.7),
    (477, 68, 1696.45),
    (477, 69, 1664.8),
    (477, 73, 1643.12),
    (478, 29, 1711.7),
    (478, 32, 1683.79),
    (478, 33, 1711.0),
    (478, 34, 1756.4),
    (478, 36, 1719.06),
    (478, 40, 1736.2),
    (479, 29, 1868.2),
    (479, 33, 1843.0),
    (479, 34, 1869.5),
    (479, 36, 1786.26),
    (479, 40, 1721.2),
    (479, 41, 1722.8),
    (479, 44, 1703.4),
    (479, 45, 1761.35),
    (479, 48, 1840.7),
    (479, 52, 1823.09),
    (479, 53, 1799.7),
    (479, 55, 1790.05),
    (479, 56, 1783.35),
    (479, 60, 1745.7),
    (480, 29, 1904.9),
    (480, 30, 1499.77),
    (480, 32, 1820.94),
    (480, 36, 1752.49),
    (483, 29, 1646.2),
    (483, 38, 1651.4),
    (485, 29, 1732.3),
    (510, 29, 1682.9),
    (510, 30, 1339.15),
    (510, 32, 1651.55),
    (510, 43, 1336.0),
    (510, 44, 1604.09),
    (510, 48, 1689.7),
    (510, 50, 1666.4),
    (510, 65, 1313.71),
    (510, 67, 1609.0),
    (510, 68, 1585.55),
    (510, 71, 1605.4),
    (510, 74, 1634.5),
    (510, 84, 1582.36),
    (510, 92, 1575.97),
    (510, 95, 1609.8),
    (75, 30, 1447.8),
    (78, 30, 1382.64),
    (405, 30, 1326.53),
    (405, 32, 1648.16),
    (405, 35, 1628.0),
    (405, 37, 1712.0),
    (405, 42, 1588.12),
    (405, 44, 1578.03),
    (405, 46, 1297.34),
    (405, 47, 1640.26),
    (405, 49, 1674.0),
    (418, 30, 1522.52),
    (418, 32, 1844.68),
    (418, 33, 1901.0),
    (421, 30, 1274.69),
    (421, 32, 1576.35),
    (421, 33, 1591.0),
    (421, 34, 1593.3),
    (421, 36, 1557.22),
    (421, 38, 1621.1),
    (429, 30, 1265.01),
    (429, 32, 1552.28),
    (429, 36, 1539.97),
    (429, 38, 1553.2),
    (429, 39, 1650.0),
    (429, 43, 1249.0),
    (429, 44, 1570.71),
    (429, 46, 1228.06),
    (429, 48, 1573.6),
    (429, 50, 1626.9),
    (429, 51, 1539.0),
    (429, 56, 1550.3),
    (429, 60, 1547.9),
    (429, 62, 1553.5),
    (429, 63, 1656.2),
    (429, 70, 1243.12),
    (429, 73, 1515.99),
    (429, 74, 1536.0),
    (429, 75, 1732.0),
    (434, 30, 1336.5),
    (434, 32, 1656.03),
    (434, 35, 1607.0),
    (434, 37, 1723.0),
    (434, 42, 1618.13),
    (434, 44, 1605.86),
    (434, 46, 1297.01),
    (434, 47, 1655.5),
    (434, 49, 1657.0),
    (472, 30, 1358.75),
    (472, 32, 1675.82),
    (472, 33, 1632.0),
    (472, 34, 1629.7),
    (472, 36, 1554.11),
    (472, 40, 1687.9),
    (472, 41, 1695.6),
    (472, 43, 1375.0),
    (472, 44, 1648.65),
    (472, 48, 1743.4),
    (472, 52, 1667.34),
    (472, 53, 1724.8),
    (472, 54, 1704.0),
    (472, 56, 1647.8),
    (472, 66, 1690.2),
    (472, 68, 1706.7),
    (472, 69, 1670.5),
    (354, 31, 1609.0),
    (354, 42, 1980.0),
    (354, 55, 1874.6),
    (356, 31, 1471.0),
    (356, 42, 1685.0),
    (356, 48, 1690.8),
    (356, 50, 1679.2),
    (356, 55, 1653.94),
    (356, 56, 1638.21),
    (356, 60, 1628.1),
    (356, 62, 1637.3),
    (365, 31, 1638.0),
    (365, 42, 1939.0),
    (365, 55, 1941.58),
    (403, 31, 1333.0),
    (403, 32, 1595.89),
    (403, 35, 1584.0),
    (403, 37, 1644.0),
    (403, 43, 1325.0),
    (403, 44, 1603.51),
    (403, 46, 1313.58),
    (403, 47, 1622.73),
    (403, 49, 1708.0),
    (403, 55, 1571.49),
    (403, 56, 1548.85),
    (403, 60, 1582.8),
    (422, 31, 1417.0),
    (422, 36, 1660.17),
    (422, 48, 1686.3),
    (422, 50, 1699.0),
    (422, 55, 1567.49),
    (422, 56, 1571.7),
    (422, 57, 1601.8),
    (422, 60, 1575.6),
    (422, 62, 1595.0),
    (422, 67, 1580.0),
    (422, 69, 1559.3),
    (422, 73, 1541.47),
    (422, 74, 1591.05),
    (422, 105, 625.0),
    (422, 152, 1672.42),
    (443, 31, 1350.0),
    (443, 32, 1604.32),
    (443, 35, 1581.0),
    (443, 37, 1691.0),
    (443, 42, 1586.19),
    (443, 44, 1577.01),
    (443, 46, 1252.39),
    (443, 48, 1656.6),
    (443, 55, 1629.94),
    (443, 56, 1594.5),
    (443, 59, 1574.0),
    (443, 61, 1657.0),
    (443, 65, 1359.01),
    (443, 68, 1601.6),
    (443, 70, 1280.34),
    (443, 72, 1648.0),
    (476, 31, 1410.0),
    (476, 32, 1613.46),
    (476, 35, 1553.0),
    (476, 37, 1696.0),
    (476, 42, 1576.58),
    (476, 44, 1608.15),
    (476, 46, 1253.8),
    (476, 49, 1614.0),
    (476, 55, 1542.63),
    (476, 56, 1559.7),
    (476, 60, 1612.3),
    (476, 61, 1596.0),
    (476, 65, 1284.39),
    (476, 68, 1596.05),
    (476, 70, 1276.05),
    (476, 72, 1596.0),
    (481, 31, 1337.0),
    (481, 32, 1667.86),
    (481, 35, 1619.0),
    (481, 37, 1695.0),
    (482, 31, 1310.0),
    (482, 32, 1568.92),
    (482, 36, 1607.59),
    (482, 42, 1555.57),
    (482, 44, 1599.53),
    (482, 46, 1264.89),
    (482, 48, 1610.0),
    (532, 31, 1393.0),
    (532, 36, 1676.34),
    (532, 42, 1627.0),
    (386, 32, 1579.61),
    (386, 34, 1639.3),
    (386, 36, 1615.35),
    (386, 38, 1614.5),
    (386, 39, 1661.0),
    (386, 44, 1575.75),
    (386, 45, 1586.39),
    (386, 48, 1640.3),
    (386, 50, 1624.4),
    (386, 55, 1543.56),
    (386, 56, 1532.3),
    (386, 58, 1564.8),
    (386, 60, 1541.9),
    (386, 62, 1556.6),
    (386, 63, 1635.8),
    (394, 32, 1648.81),
    (394, 36, 1648.06),
    (394, 41, 1761.7),
    (394, 42, 1702.0),
    (394, 44, 1724.79),
    (394, 48, 1776.5),
    (394, 55, 1655.79),
    (394, 56, 1645.55),
    (394, 57, 1673.6),
    (394, 60, 1678.4),
    (414, 32, 1671.78),
    (414, 36, 1711.42),
    (441, 32, 1916.03),
    (445, 32, 1758.28),
    (445, 34, 1791.2),
    (445, 36, 1693.44),
    (445, 42, 1663.0),
    (445, 44, 1649.1),
    (445, 45, 1647.25),
    (445, 48, 1686.8),
    (445, 55, 1651.01),
    (445, 56, 1625.05),
    (445, 58, 1659.7),
    (445, 60, 1628.4),
    (445, 67, 1710.0),
    (445, 68, 1672.55),
    (445, 69, 1649.1),
    (445, 71, 1675.8),
    (445, 73, 1669.38),
    (457, 32, 1721.06),
    (457, 34, 1779.2),
    (457, 36, 1689.12),
    (457, 42, 1662.0),
    (457, 44, 1681.67),
    (457, 45, 1703.58),
    (463, 32, 1593.11),
    (463, 34, 1618.1),
    (463, 36, 1617.58),
    (463, 38, 1651.9),
    (463, 39, 1810.6),
    (463, 42, 1572.0),
    (463, 45, 1606.45),
    (463, 48, 1604.8),
    (463, 50, 1608.3),
    (463, 55, 1569.79),
    (463, 56, 1580.5),
    (463, 60, 1551.9),
    (463, 67, 1510.0),
    (463, 68, 1523.05),
    (463, 71, 1529.0),
    (463, 73, 1502.36),
    (463, 74, 1563.05),
    (463, 152, 1915.48),
    (97, 36, 1574.25),
    (407, 36, 1564.28),
    (407, 38, 1555.3),
    (407, 39, 1608.3),
    (407, 40, 1612.6),
    (407, 41, 1590.2),
    (407, 43, 1279.0),
    (407, 44, 1533.19),
    (407, 48, 1639.6),
    (407, 50, 1574.6),
    (231, 38, 1801.1),
    (286, 38, 1647.6),
    (360, 38, 1726.8),
    (369, 38, 1789.2),
    (409, 38, 1623.6),
    (409, 50, 1686.9),
    (409, 62, 1588.2),
    (415, 38, 1943.7),
    (415, 62, 1701.05),
    (415, 74, 1605.5),
    (416, 38, 1771.4),
    (417, 38, 1721.1),
    (425, 38, 1702.6),
    (428, 38, 2141.2),
    (437, 38, 1776.9),
    (442, 38, 1575.5),
    (442, 39, 1707.7),
    (442, 50, 1573.1),
    (442, 51, 1573.0),
    (442, 62, 1509.5),
    (442, 63, 1630.4),
    (442, 74, 1474.55),
    (442, 75, 1623.0),
    (453, 38, 1633.8),
    (453, 50, 1612.3),
    (453, 51, 1664.2),
    (453, 62, 1561.4),
    (453, 63, 1657.4),
    (453, 74, 1543.9),
    (459, 38, 1703.6),
    (459, 50, 1761.5),
    (459, 62, 1700.75),
    (459, 74, 1624.5),
    (465, 38, 1549.3),
    (465, 39, 1650.7),
    (469, 38, 1677.3),
    (469, 50, 1672.4),
    (469, 62, 1569.5),
    (469, 74, 1588.25),
    (470, 38, 1697.9),
    (484, 38, 1873.6),
    (486, 38, 1869.8),
    (486, 50, 1761.5),
    (486, 62, 1781.6),
    (497, 38, 1798.0),
    (497, 62, 1785.7),
    (540, 38, 1593.2),
    (540, 50, 1531.3),
    (540, 51, 1525.2),
    (540, 74, 1513.75),
    (540, 75, 1675.0),
    (540, 94, 1551.5),
    (540, 95, 1519.3),
    (540, 96, 1545.0),
    (50, 40, 2118.5),
    (50, 41, 2100.1),
    (239, 40, 1746.6),
    (239, 41, 1723.2),
    (239, 43, 1340.0),
    (239, 44, 1651.21),
    (239, 48, 1780.4),
    (239, 50, 1724.9),
    (239, 52, 1763.87),
    (239, 53, 1661.8),
    (239, 55, 1639.51),
    (239, 57, 1696.8),
    (239, 60, 1654.3),
    (239, 62, 1683.05),
    (384, 40, 1747.1),
    (384, 41, 1738.3),
    (384, 43, 1355.0),
    (384, 44, 1708.2),
    (384, 45, 1760.8),
    (384, 48, 1858.5),
    (473, 40, 2309.3),
    (473, 41, 2289.1),
    (474, 40, 2211.5),
    (474, 41, 2216.0),
    (474, 45, 2194.97),
    (474, 52, 2193.71),
    (474, 53, 2140.7),
    (474, 54, 2195.0),
    (474, 57, 2138.6),
    (474, 58, 2143.4),
    (474, 64, 2274.11),
    (474, 66, 2074.3),
    (474, 69, 2054.3),
    (474, 71, 2089.9),
    (495, 40, 1762.3),
    (495, 41, 1719.4),
    (495, 42, 1693.0),
    (495, 45, 1756.23),
    (495, 48, 1825.3),
    (495, 52, 1759.86),
    (495, 53, 1669.9),
    (495, 54, 1742.0),
    (495, 55, 1675.42),
    (495, 56, 1664.55),
    (495, 57, 1700.6),
    (495, 58, 1740.2),
    (495, 60, 1659.8),
    (495, 62, 1655.9),
    (495, 76, 1683.0),
    (495, 77, 1721.0),
    (495, 84, 1679.8),
    (495, 87, 1669.55),
    (495, 90, 1676.0),
    (495, 92, 1656.52),
    (495, 95, 1701.6),
    (495, 118, 1764.0),
    (506, 40, 1954.3),
    (506, 41, 1826.6),
    (506, 44, 1726.07),
    (533, 40, 1778.7),
    (533, 41, 1744.7),
    (533, 42, 1707.0),
    (533, 45, 1738.38),
    (533, 48, 1801.8),
    (533, 52, 1857.33),
    (533, 53, 1683.5),
    (533, 55, 1690.13),
    (533, 56, 1693.15),
    (533, 57, 1716.8),
    (533, 58, 1763.6),
    (533, 60, 1716.1),
    (533, 64, 1907.81),
    (533, 66, 1733.3),
    (533, 67, 1684.0),
    (533, 68, 1678.5),
    (533, 69, 1656.5),
    (533, 71, 1670.2),
    (533, 73, 1636.2),
    (533, 74, 1704.35),
    (533, 76, 1618.0),
    (533, 77, 1666.0),
    (533, 84, 1670.7),
    (533, 87, 1627.3),
    (533, 88, 1637.52),
    (533, 90, 1658.0),
    (533, 92, 1679.28),
    (533, 95, 1663.5),
    (533, 118, 1740.0),
    (536, 40, 1772.1),
    (536, 41, 1689.1),
    (536, 43, 1372.0),
    (536, 44, 1611.81),
    (536, 46, 1284.63),
    (536, 48, 1681.9),
    (536, 50, 1660.8),
    (559, 40, 1840.0),
    (559, 41, 1774.1),
    (559, 43, 1432.0),
    (559, 48, 1818.0),
    (568, 40, 1721.0),
    (568, 41, 1719.8),
    (568, 42, 1674.0),
    (568, 45, 1675.62),
    (568, 48, 1738.3),
    (568, 50, 1747.6),
    (568, 52, 1858.6),
    (568, 53, 1780.8),
    (568, 54, 1820.0),
    (568, 55, 1754.89),
    (568, 56, 1752.4),
    (568, 57, 1781.5),
    (568, 58, 1804.5),
    (568, 60, 1779.2),
    (568, 66, 1885.4),
    (568, 68, 1772.75),
    (568, 69, 1757.3),
    (568, 71, 1736.9),
    (568, 73, 1779.11),
    (568, 76, 1787.0),
    (568, 77, 1844.0),
    (568, 84, 1829.6),
    (568, 88, 1774.06),
    (568, 90, 1801.0),
    (568, 118, 1791.0),
    (572, 40, 1639.4),
    (572, 41, 1631.8),
    (572, 43, 1300.0),
    (572, 44, 1597.81),
    (572, 48, 1661.1),
    (572, 52, 1621.41),
    (572, 53, 1580.2),
    (572, 54, 1657.0),
    (572, 56, 1607.3),
    (572, 60, 1580.6),
    (572, 62, 1587.7),
    (572, 64, 1716.823),
    (572, 66, 1588.5),
    (572, 68, 1506.05),
    (572, 69, 1514.5),
    (572, 73, 1485.89),
    (572, 74, 1525.2),
    (572, 75, 1768.0),
    (572, 84, 1546.2),
    (572, 87, 1525.85),
    (572, 90, 1529.0),
    (572, 92, 1524.84),
    (572, 95, 1537.0),
    (572, 96, 1573.0),
    (645, 40, 1750.6),
    (645, 41, 1715.5),
    (645, 42, 1710.0),
    (645, 45, 1744.37),
    (645, 48, 1825.0),
    (35, 41, 2085.6),
    (35, 43, 1659.0),
    (436, 41, 1800.5),
    (436, 45, 1813.79),
    (488, 41, 1706.0),
    (488, 42, 1687.0),
    (488, 44, 1757.87),
    (488, 48, 1734.0),
    (488, 50, 1734.2),
    (488, 53, 1680.3),
    (488, 55, 1662.29),
    (488, 56, 1677.35),
    (488, 60, 1679.6),
    (488, 62, 1721.65),
    (488, 66, 1725.2),
    (488, 68, 1715.35),
    (488, 73, 1666.28),
    (488, 77, 1752.0),
    (488, 84, 1704.5),
    (488, 88, 1685.56),
    (488, 92, 1653.66),
    (488, 95, 1683.75),
    (491, 41, 1766.5),
    (499, 41, 1755.4),
    (499, 42, 1713.0),
    (499, 44, 1649.86),
    (499, 46, 1338.43),
    (499, 48, 1730.4),
    (499, 55, 1666.81),
    (499, 56, 1616.8),
    (499, 57, 1682.5),
    (499, 60, 1625.1),
    (499, 62, 1636.6),
    (499, 67, 1656.0),
    (499, 68, 1650.0),
    (499, 69, 1602.8),
    (499, 73, 1575.9),
    (499, 77, 1652.0),
    (499, 84, 1617.7),
    (499, 87, 1650.55),
    (499, 88, 1593.04),
    (499, 92, 1647.59),
    (509, 41, 1759.2),
    (509, 42, 1727.0),
    (509, 44, 1751.77),
    (509, 48, 1781.6),
    (511, 41, 1765.6),
    (511, 44, 1662.73),
    (511, 46, 1327.01),
    (511, 48, 1670.9),
    (522, 41, 1813.5),
    (522, 42, 1726.0),
    (522, 44, 1747.3),
    (522, 46, 1396.18),
    (522, 48, 1793.9),
    (522, 55, 1674.85),
    (522, 56, 1710.75),
    (522, 57, 1701.8),
    (522, 60, 1686.6),
    (522, 62, 1720.4),
    (522, 77, 1654.0),
    (522, 87, 1672.3),
    (522, 88, 1657.56),
    (558, 41, 2040.3),
    (560, 41, 1863.4),
    (560, 42, 1870.0),
    (567, 41, 1740.7),
    (567, 42, 1710.0),
    (567, 44, 1690.53),
    (567, 48, 1784.7),
    (567, 50, 1823.1),
    (567, 53, 1686.4),
    (567, 55, 1666.08),
    (567, 56, 1658.55),
    (567, 60, 1649.4),
    (567, 62, 1714.95),
    (573, 41, 1709.0),
    (573, 42, 1724.0),
    (573, 44, 1710.46),
    (573, 48, 1749.5),
    (573, 53, 1613.3),
    (573, 55, 1645.73),
    (573, 56, 1621.8),
    (573, 60, 1606.7),
    (573, 62, 1629.1),
    (573, 66, 1598.0),
    (573, 67, 1602.0),
    (573, 68, 1564.85),
    (573, 73, 1532.02),
    (573, 74, 1614.55),
    (573, 77, 1607.0),
    (573, 84, 1589.4),
    (573, 88, 1557.84),
    (573, 92, 1561.0),
    (573, 95, 1580.65),
    (23, 42, 1692.0),
    (23, 44, 1691.56),
    (23, 45, 1762.34),
    (419, 42, 1952.0),
    (461, 42, 1678.0),
    (461, 44, 1637.86),
    (461, 45, 1646.08),
    (461, 48, 1686.0),
    (461, 50, 1685.9),
    (461, 55, 1686.48),
    (461, 56, 1609.2),
    (461, 58, 1656.8),
    (461, 60, 1598.6),
    (461, 62, 1626.3),
    (461, 67, 1559.0),
    (461, 68, 1556.9),
    (461, 71, 1540.0),
    (461, 73, 1509.77),
    (461, 74, 1570.55),
    (461, 152, 1715.92),
    (487, 42, 1847.0),
    (487, 57, 1838.0),
    (500, 42, 1958.0),
    (507, 42, 1602.0),
    (507, 48, 1643.2),
    (507, 50, 1652.3),
    (507, 56, 1597.2),
    (507, 57, 1649.3),
    (507, 60, 1627.0),
    (507, 62, 1597.85),
    (507, 67, 1590.0),
    (507, 69, 1549.5),
    (507, 73, 1528.97),
    (507, 74, 1597.1),
    (507, 81, 1382.5),
    (507, 88, 1530.61),
    (507, 92, 1580.42),
    (507, 95, 1561.85),
    (516, 42, 1581.0),
    (516, 44, 1564.34),
    (516, 45, 1601.3),
    (516, 48, 1609.0),
    (516, 50, 1608.0),
    (516, 55, 1608.23),
    (516, 56, 1550.55),
    (516, 58, 1600.9),
    (516, 60, 1573.8),
    (516, 62, 1586.9),
    (516, 67, 1573.0),
    (516, 68, 1522.9),
    (516, 71, 1528.7),
    (516, 73, 1496.65),
    (516, 74, 1555.45),
    (516, 87, 1542.3),
    (516, 88, 1561.08),
    (516, 90, 1561.0),
    (516, 92, 1543.22),
    (516, 95, 1618.85),
    (519, 42, 1847.0),
    (519, 57, 1842.8),
    (519, 67, 1797.0),
    (519, 69, 1734.8),
    (520, 42, 1761.0),
    (520, 48, 1728.5),
    (520, 55, 1673.11),
    (520, 56, 1643.15),
    (520, 57, 1672.9),
    (520, 60, 1620.9),
    (520, 62, 1618.6),
    (520, 67, 1611.0),
    (520, 69, 1560.2),
    (520, 73, 1581.45),
    (520, 74, 1651.95),
    (520, 81, 1436.81),
    (520, 88, 1628.46),
    (520, 92, 1593.76),
    (520, 95, 1630.15),
    (525, 42, 1815.0),
    (525, 55, 1669.03),
    (525, 56, 1671.4),
    (525, 57, 1699.2),
    (525, 60, 1681.6),
    (525, 67, 1670.0),
    (525, 69, 1645.6),
    (525, 73, 1637.7),
    (525, 81, 1505.98),
    (525, 88, 1652.17),
    (530, 42, 1684.0),
    (530, 48, 1796.8),
    (530, 55, 1658.49),
    (530, 56, 1707.15),
    (530, 57, 1714.0),
    (530, 60, 1687.2),
    (530, 67, 1625.0),
    (530, 69, 1620.5),
    (530, 73, 1633.6),
    (530, 81, 1486.05),
    (530, 88, 1615.93),
    (530, 92, 1631.85),
    (531, 42, 1760.0),
    (531, 55, 1714.31),
    (531, 57, 1720.2),
    (534, 42, 2024.0),
    (534, 44, 1860.14),
    (534, 55, 1808.85),
    (534, 66, 1870.8),
    (534, 67, 1816.0),
    (534, 68, 1886.05),
    (534, 77, 1875.0),
    (534, 84, 1824.9),
    (534, 88, 1778.29),
    (555, 42, 1730.0),
    (555, 48, 1837.3),
    (555, 55, 1724.49),
    (555, 57, 1719.8),
    (555, 67, 1677.0),
    (555, 69, 1627.6),
    (555, 81, 1471.35),
    (555, 88, 1629.25),
    (555, 92, 1635.23),
    (565, 42, 1729.0),
    (565, 55, 1675.13),
    (565, 56, 1638.8),
    (565, 58, 1674.3),
    (565, 67, 1658.0),
    (565, 68, 1617.05),
    (565, 71, 1595.7),
    (565, 73, 1550.72),
    (565, 74, 1577.5),
    (565, 87, 1609.1),
    (565, 88, 1566.23),
    (565, 90, 1590.0),
    (565, 92, 1573.88),
    (565, 95, 1584.05),
    (574, 42, 1643.0),
    (574, 44, 1709.67),
    (574, 45, 1680.44),
    (574, 48, 1750.3),
    (32, 43, 1486.0),
    (32, 44, 1856.5),
    (448, 43, 1338.0),
    (448, 44, 1653.7),
    (448, 46, 1335.53),
    (448, 47, 1661.34),
    (448, 49, 1729.0),
    (489, 43, 1258.0),
    (489, 44, 1532.76),
    (489, 46, 1230.16),
    (489, 48, 1574.4),
    (489, 50, 1577.4),
    (489, 51, 1543.9),
    (489, 55, 1511.73),
    (489, 56, 1511.7),
    (489, 60, 1526.1),
    (489, 62, 1565.4),
    (489, 63, 1633.3),
    (489, 65, 1253.53),
    (489, 68, 1494.05),
    (489, 70, 1187.65),
    (489, 73, 1470.7),
    (489, 74, 1527.5),
    (489, 75, 1706.0),
    (489, 81, 1338.63),
    (489, 87, 1476.95),
    (489, 92, 1508.7),
    (489, 95, 1504.65),
    (489, 96, 1535.0),
    (538, 43, 1493.0),
    (539, 43, 1324.0),
    (539, 44, 1676.32),
    (539, 46, 1349.67),
    (539, 47, 1678.32),
    (539, 49, 1739.0),
    (539, 55, 1570.18),
    (539, 56, 1576.75),
    (539, 59, 1561.0),
    (539, 61, 1621.0),
    (539, 65, 1272.71),
    (539, 68, 1581.05),
    (539, 70, 1242.5),
    (539, 72, 1556.0),
    (539, 73, 1515.14),
    (539, 75, 1792.0),
    (539, 81, 1394.32),
    (539, 87, 1583.35),
    (539, 91, 1595.0),
    (542, 43, 1297.0),
    (542, 44, 1565.85),
    (542, 46, 1272.81),
    (542, 48, 1631.0),
    (542, 49, 1627.0),
    (542, 55, 1600.55),
    (542, 56, 1599.5),
    (542, 59, 1521.0),
    (542, 61, 1604.0),
    (542, 65, 1256.32),
    (542, 68, 1532.8),
    (542, 70, 1214.56),
    (542, 73, 1515.56),
    (542, 74, 1553.41),
    (542, 75, 1749.0),
    (542, 81, 1373.56),
    (542, 87, 1517.4),
    (542, 92, 1533.67),
    (542, 95, 1528.95),
    (542, 96, 1578.0),
    (543, 43, 1344.0),
    (543, 44, 1652.11),
    (543, 46, 1284.97),
    (543, 47, 1600.59),
    (543, 49, 1726.0),
    (543, 81, 1439.78),
    (543, 87, 1586.8),
    (543, 91, 1654.0),
    (124, 44, 1679.51),
    (124, 45, 1775.16),
    (524, 44, 1865.34),
    (524, 46, 1422.08),
    (524, 48, 1878.5),
    (528, 44, 1683.42),
    (528, 48, 1694.2),
    (528, 52, 1700.35),
    (528, 53, 1641.7),
    (528, 54, 1675.0),
    (528, 56, 1645.5),
    (528, 60, 1656.9),
    (528, 62, 1708.6),
    (528, 64, 1893.86),
    (528, 68, 1714.15),
    (528, 69, 1654.7),
    (528, 73, 1641.8),
    (551, 44, 1967.59),
    (551, 46, 1528.42),
    (551, 55, 1806.58),
    (551, 56, 1799.0),
    (551, 57, 1885.8),
    (551, 60, 1791.1),
    (551, 67, 1892.0),
    (551, 68, 1829.65),
    (551, 69, 1847.7),
    (551, 73, 1856.13),
    (551, 84, 1788.8),
    (551, 87, 1732.95),
    (551, 88, 1752.96),
    (551, 92, 1801.07),
    (83, 46, 1337.09),
    (83, 47, 1646.2),
    (83, 49, 1722.0),
    (19, 50, 1853.1),
    (19, 62, 1755.65),
    (31, 50, 1731.6),
    (31, 62, 1763.5),
    (53, 50, 1590.6),
    (55, 50, 1809.5),
    (67, 50, 1950.1),
    (67, 79, 2035.0),
    (67, 85, 1899.2),
    (67, 89, 1988.19),
    (67, 93, 1974.41),
    (84, 50, 1662.7),
    (84, 62, 1610.5),
    (87, 50, 1895.5),
    (88, 50, 2267.7),
    (88, 78, 2188.2),
    (88, 82, 2168.0),
    (88, 89, 2202.01),
    (88, 93, 2244.55),
    (96, 50, 1815.4),
    (96, 62, 1688.4),
    (96, 74, 1686.4),
    (96, 78, 1591.6),
    (96, 82, 1766.0),
    (96, 86, 1670.0),
    (96, 89, 1736.55),
    (96, 93, 1763.06),
    (99, 50, 1780.7),
    (99, 62, 1839.4),
    (118, 50, 1835.2),
    (118, 62, 1714.25),
    (118, 74, 1699.7),
    (118, 78, 1678.2),
    (118, 82, 1763.0),
    (118, 86, 1690.0),
    (118, 89, 1759.88),
    (118, 93, 1764.94),
    (293, 50, 1762.8),
    (293, 51, 1767.2),
    (318, 50, 2040.3),
    (349, 50, 1622.4),
    (349, 51, 1639.1),
    (349, 62, 1637.31),
    (349, 63, 1721.3),
    (426, 50, 1912.1),
    (426, 74, 1808.5),
    (426, 135, 1438.0),
    (439, 50, 1719.5),
    (439, 56, 1601.45),
    (440, 50, 1886.0),
    (492, 50, 1645.8),
    (492, 56, 1541.0),
    (492, 62, 1516.55),
    (492, 63, 1575.6),
    (492, 74, 1472.6),
    (492, 75, 1604.0),
    (492, 94, 1557.1),
    (492, 95, 1486.25),
    (492, 96, 1497.0),
    (496, 50, 1725.1),
    (496, 56, 1631.7),
    (496, 62, 1667.5),
    (496, 74, 1697.6),
    (496, 94, 1639.2),
    (496, 95, 1646.15),
    (496, 96, 1623.0),
    (498, 50, 1584.6),
    (498, 62, 1555.5),
    (498, 63, 1679.5),
    (498, 74, 1506.8),
    (498, 75, 1725.0),
    (498, 78, 1482.2),
    (498, 86, 1503.0),
    (498, 89, 1582.45),
    (498, 93, 1583.92),
    (498, 95, 1474.85),
    (498, 96, 1487.0),
    (503, 50, 1772.6),
    (503, 62, 1797.1),
    (503, 74, 1698.75),
    (505, 50, 1888.0),
    (505, 74, 1764.7),
    (505, 83, 1327.0),
    (505, 89, 1761.66),
    (505, 93, 1739.68),
    (505, 95, 1727.6),
    (512, 50, 1874.8),
    (513, 50, 1661.1),
    (513, 56, 1636.1),
    (513, 62, 1625.85),
    (513, 77, 1632.0),
    (513, 80, 1661.6),
    (513, 86, 1657.0),
    (513, 89, 1725.83),
    (513, 93, 1713.39),
    (518, 50, 1957.4),
    (518, 74, 1821.65),
    (518, 78, 1961.7),
    (518, 79, 2006.0),
    (518, 85, 1854.3),
    (518, 89, 1939.66),
    (518, 93, 1918.44),
    (518, 95, 1869.15),
    (521, 50, 1655.0),
    (521, 56, 1560.9),
    (521, 62, 1583.85),
    (526, 50, 1695.1),
    (526, 78, 1716.0),
    (526, 86, 1688.0),
    (526, 89, 1731.63),
    (526, 93, 1708.09),
    (527, 50, 1748.0),
    (527, 62, 1655.8),
    (527, 74, 1625.25),
    (527, 78, 1618.0),
    (527, 79, 1720.0),
    (527, 85, 1598.1),
    (527, 89, 1699.14),
    (527, 93, 1790.5),
    (527, 95, 1666.25),
    (547, 50, 2350.5),
    (556, 50, 1653.0),
    (556, 62, 1710.1),
    (556, 74, 1677.3),
    (556, 78, 1806.0),
    (556, 79, 1837.0),
    (556, 85, 1644.1),
    (556, 89, 1756.05),
    (556, 93, 1762.47),
    (556, 95, 1726.65),
    (561, 50, 1745.7),
    (561, 78, 1656.3),
    (561, 80, 1690.7),
    (561, 85, 1631.4),
    (561, 89, 1700.34),
    (561, 93, 1667.42),
    (561, 95, 1607.05),
    (563, 50, 1677.7),
    (563, 62, 1714.45),
    (563, 74, 1539.55),
    (563, 75, 1908.0),
    (563, 78, 1712.4),
    (563, 80, 1613.7),
    (563, 85, 1587.0),
    (563, 89, 1602.24),
    (563, 93, 1628.92),
    (563, 95, 1559.65),
    (563, 96, 1602.0),
    (563, 135, 1291.0),
    (569, 50, 1700.2),
    (569, 56, 1588.35),
    (569, 62, 1577.45),
    (569, 74, 1612.1),
    (570, 50, 1789.3),
    (74, 52, 1783.2),
    (74, 55, 1704.35),
    (74, 60, 1814.3),
    (494, 52, 1642.97),
    (494, 53, 1601.0),
    (494, 54, 1667.0),
    (494, 56, 1559.1),
    (494, 60, 1588.7),
    (494, 62, 1582.25),
    (494, 64, 1813.37),
    (494, 66, 1614.3),
    (494, 68, 1602.35),
    (494, 69, 1581.8),
    (494, 73, 1556.8),
    (494, 74, 1661.6),
    (494, 90, 1651.0),
    (494, 92, 1594.9),
    (494, 95, 1630.7),
    (571, 52, 1720.97),
    (571, 53, 1669.2),
    (571, 55, 1648.52),
    (571, 56, 1713.5),
    (571, 57, 1714.5),
    (571, 60, 1691.3),
    (571, 62, 1712.75),
    (571, 67, 1693.0),
    (571, 68, 1700.6),
    (571, 71, 1742.4),
    (582, 52, 1802.35),
    (582, 54, 1757.0),
    (582, 57, 1655.4),
    (582, 58, 1679.6),
    (582, 60, 1610.9),
    (582, 62, 1627.1),
    (582, 64, 1951.41),
    (582, 66, 1675.0),
    (582, 67, 1654.0),
    (582, 68, 1643.3),
    (582, 69, 1626.9),
    (582, 71, 1639.2),
    (582, 73, 1558.5),
    (582, 74, 1647.4),
    (582, 76, 1631.0),
    (582, 77, 1702.0),
    (582, 84, 1647.1),
    (582, 87, 1615.76),
    (582, 88, 1675.45),
    (582, 92, 1614.28),
    (582, 95, 1599.85),
    (582, 98, 1633.0),
    (582, 101, 1706.3),
    (582, 113, 1668.62),
    (582, 116, 1676.71),
    (582, 118, 1654.0),
    (582, 125, 1592.22),
    (587, 52, 2048.01),
    (587, 53, 1933.1),
    (597, 52, 1900.98),
    (597, 53, 1774.1),
    (597, 54, 1832.0),
    (597, 55, 1768.88),
    (597, 57, 1829.2),
    (597, 58, 1881.4),
    (597, 64, 1946.25),
    (597, 66, 1778.7),
    (597, 68, 1736.65),
    (597, 69, 1740.9),
    (597, 71, 1759.5),
    (597, 73, 1712.64),
    (597, 84, 1698.0),
    (597, 87, 1700.05),
    (597, 88, 1697.18),
    (597, 90, 1736.0),
    (597, 113, 1844.49),
    (597, 116, 1788.48),
    (597, 118, 1734.0),
    (597, 136, 2750.5),
    (617, 52, 1727.3),
    (617, 53, 1664.5),
    (617, 54, 1735.0),
    (617, 55, 1679.22),
    (617, 56, 1703.5),
    (617, 57, 1666.4),
    (617, 58, 1714.2),
    (617, 60, 1644.3),
    (617, 62, 1659.6),
    (617, 64, 1749.03),
    (617, 66, 1594.1),
    (617, 67, 1563.0),
    (617, 68, 1559.35),
    (617, 69, 1535.4),
    (617, 71, 1564.1),
    (617, 73, 1523.19),
    (617, 74, 1561.1),
    (617, 101, 1642.2),
    (617, 106, 1560.6),
    (617, 113, 1568.47),
    (617, 116, 1562.67),
    (617, 118, 1543.0),
    (617, 125, 1548.6),
    (617, 127, 1530.74),
    (624, 52, 1729.05),
    (624, 53, 1650.2),
    (624, 54, 1707.0),
    (624, 55, 1636.49),
    (624, 56, 1638.55),
    (624, 60, 1665.0),
    (624, 62, 1670.1),
    (624, 64, 2002.65),
    (624, 66, 1755.2),
    (624, 67, 1677.0),
    (624, 68, 1671.0),
    (624, 71, 1698.2),
    (624, 73, 1625.25),
    (624, 74, 1685.6),
    (624, 76, 1722.0),
    (624, 77, 1720.0),
    (624, 84, 1675.4),
    (624, 87, 1642.85),
    (624, 92, 1708.63),
    (624, 98, 1660.0),
    (624, 101, 1717.3),
    (624, 113, 1668.12),
    (624, 116, 1703.06),
    (624, 118, 1614.0),
    (624, 125, 1610.07),
    (624, 127, 1611.23),
    (633, 52, 2071.89),
    (633, 53, 1944.4),
    (633, 56, 1834.65),
    (633, 58, 1908.5),
    (633, 68, 1850.55),
    (633, 71, 1805.1),
    (637, 52, 1610.68),
    (637, 53, 1575.5),
    (637, 55, 1547.93),
    (637, 56, 1514.4),
    (637, 57, 1579.4),
    (637, 62, 1654.5),
    (637, 64, 1714.222),
    (637, 68, 1559.1),
    (637, 71, 1553.2),
    (637, 73, 1494.82),
    (637, 74, 1535.99),
    (637, 75, 1817.0),
    (637, 81, 1390.89),
    (637, 87, 1518.6),
    (637, 92, 1559.71),
    (637, 95, 1558.8),
    (637, 96, 1579.0),
    (637, 149, 1603.49),
    (641, 52, 1750.13),
    (641, 53, 1748.1),
    (641, 54, 1779.0),
    (641, 56, 1735.65),
    (641, 60, 1732.7),
    (641, 62, 1776.8),
    (642, 52, 1661.33),
    (642, 56, 1676.35),
    (642, 60, 1695.8),
    (642, 100, 1230.96),
    (642, 107, 1415.23),
    (642, 113, 1588.78),
    (642, 125, 1601.02),
    (642, 127, 1618.61),
    (346, 53, 1726.9),
    (346, 55, 1716.29),
    (346, 56, 1686.85),
    (346, 60, 1686.2),
    (346, 62, 1685.0),
    (374, 53, 1861.4),
    (374, 55, 1796.3),
    (374, 56, 1834.35),
    (515, 53, 1831.0),
    (515, 92, 1794.94),
    (515, 95, 1827.35),
    (535, 53, 1721.5),
    (535, 56, 1702.0),
    (535, 60, 1694.7),
    (535, 66, 1793.2),
    (535, 67, 1697.0),
    (535, 68, 1696.6),
    (535, 73, 1590.16),
    (535, 74, 1667.25),
    (535, 77, 1668.0),
    (535, 84, 1623.9),
    (535, 88, 1588.81),
    (535, 92, 1613.0),
    (535, 95, 1632.05),
    (546, 53, 1939.5),
    (577, 53, 1812.5),
    (577, 54, 1916.0),
    (577, 56, 1790.05),
    (577, 58, 1819.9),
    (577, 64, 2043.24),
    (577, 68, 1838.6),
    (577, 71, 1846.2),
    (577, 77, 2099.0),
    (577, 84, 2072.0),
    (581, 53, 1679.5),
    (581, 55, 1692.29),
    (581, 56, 1752.0),
    (581, 60, 1678.0),
    (581, 62, 1721.15),
    (581, 77, 1650.0),
    (581, 84, 1620.0),
    (581, 88, 1610.74),
    (581, 92, 1645.5),
    (581, 95, 1651.7),
    (581, 100, 1243.09),
    (581, 106, 1641.8),
    (581, 113, 1643.69),
    (581, 120, 1659.4),
    (581, 125, 1710.28),
    (581, 127, 1597.28),
    (611, 53, 1660.5),
    (611, 55, 1693.91),
    (613, 53, 1796.6),
    (613, 55, 1734.79),
    (613, 56, 1818.7),
    (618, 53, 1761.1),
    (618, 56, 1741.35),
    (618, 60, 1733.7),
    (618, 66, 1624.9),
    (618, 67, 1607.0),
    (618, 68, 1658.25),
    (618, 73, 1594.88),
    (618, 74, 1634.0),
    (618, 77, 1714.0),
    (618, 84, 1659.5),
    (618, 88, 1635.19),
    (618, 92, 1640.88),
    (618, 95, 1667.25),
    (618, 100, 1236.62),
    (618, 106, 1637.5),
    (618, 113, 1624.34),
    (618, 120, 1644.3),
    (618, 125, 1617.58),
    (618, 127, 1616.52),
    (619, 53, 1885.7),
    (619, 55, 1849.88),
    (683, 53, 1698.3),
    (683, 55, 1661.27),
    (683, 57, 1668.4),
    (683, 60, 1635.8),
    (683, 62, 1659.61),
    (683, 65, 1376.34),
    (683, 67, 1680.0),
    (683, 71, 1624.4),
    (683, 73, 1577.44),
    (683, 74, 1660.2),
    (33, 55, 1635.91),
    (33, 56, 1667.5),
    (33, 59, 1658.0),
    (33, 61, 1732.0),
    (85, 55, 1896.8),
    (92, 55, 1686.86),
    (92, 56, 1704.95),
    (92, 59, 1635.0),
    (92, 61, 1757.0),
    (466, 55, 1654.81),
    (466, 56, 1626.3),
    (466, 58, 1639.9),
    (466, 60, 1621.9),
    (466, 62, 1621.35),
    (466, 67, 1597.0),
    (466, 68, 1599.0),
    (466, 71, 1592.1),
    (466, 73, 1543.23),
    (466, 74, 1582.7),
    (537, 55, 1661.79),
    (537, 56, 1628.9),
    (537, 59, 1587.0),
    (537, 61, 1694.0),
    (537, 81, 1350.06),
    (537, 87, 1495.4),
    (537, 92, 1527.59),
    (537, 95, 1528.1),
    (537, 96, 1550.0),
    (549, 55, 2071.84),
    (549, 57, 2065.4),
    (576, 55, 1621.78),
    (576, 56, 1604.9),
    (576, 59, 1535.0),
    (576, 61, 1645.0),
    (576, 65, 1350.2),
    (576, 68, 1617.3),
    (576, 70, 1281.61),
    (576, 72, 1615.0),
    (580, 55, 1802.72),
    (580, 56, 1825.15),
    (580, 57, 1809.0),
    (580, 60, 1863.7),
    (584, 55, 1620.53),
    (584, 56, 1612.6),
    (584, 58, 1625.4),
    (584, 60, 1648.2),
    (584, 67, 1652.0),
    (584, 68, 1645.65),
    (584, 69, 1592.3),
    (584, 71, 1716.6),
    (584, 73, 1592.09),
    (584, 74, 1640.35),
    (584, 87, 1603.45),
    (584, 88, 1627.76),
    (584, 90, 1596.0),
    (584, 92, 1584.22),
    (584, 95, 1643.55),
    (584, 101, 1704.0),
    (584, 108, 1559.0),
    (584, 113, 1582.46),
    (584, 118, 1570.0),
    (584, 125, 1654.7),
    (584, 127, 1596.67),
    (584, 152, 1901.69),
    (588, 55, 1734.43),
    (588, 57, 1638.0),
    (588, 58, 1689.3),
    (588, 67, 1732.0),
    (588, 68, 1669.55),
    (588, 69, 1612.7),
    (588, 71, 1636.6),
    (590, 55, 1769.4),
    (590, 58, 1843.2),
    (593, 55, 1549.96),
    (593, 56, 1547.4),
    (593, 60, 1558.8),
    (593, 62, 1586.05),
    (593, 63, 1661.4),
    (593, 65, 1321.43),
    (593, 68, 1554.15),
    (593, 70, 1271.7),
    (593, 73, 1500.01),
    (593, 74, 1561.5),
    (593, 75, 1811.0),
    (593, 81, 1392.79),
    (593, 87, 1512.1),
    (593, 92, 1523.97),
    (593, 95, 1555.4),
    (593, 96, 1621.0),
    (593, 107, 1380.44),
    (593, 113, 1529.41),
    (593, 119, 1221.12),
    (593, 125, 1545.01),
    (593, 127, 1536.6),
    (593, 128, 1543.6),
    (594, 55, 1713.64),
    (594, 57, 1703.0),
    (594, 67, 1593.0),
    (594, 69, 1633.9),
    (594, 73, 1594.11),
    (594, 74, 1679.85),
    (594, 81, 1429.58),
    (594, 88, 1599.11),
    (594, 92, 1619.21),
    (594, 95, 1608.75),
    (594, 97, 1621.0),
    (594, 100, 1225.59),
    (594, 105, 635.0),
    (594, 107, 1429.06),
    (594, 113, 1597.79),
    (594, 116, 1624.58),
    (594, 121, 1602.2),
    (594, 125, 1583.34),
    (594, 127, 1593.78),
    (594, 128, 1597.41),
    (595, 55, 1581.51),
    (595, 57, 1632.5),
    (595, 60, 1637.9),
    (595, 62, 1674.15),
    (596, 55, 1708.93),
    (596, 56, 1702.9),
    (596, 57, 1744.4),
    (596, 67, 1719.0),
    (596, 69, 1710.2),
    (596, 81, 1498.61),
    (596, 88, 1619.67),
    (596, 92, 1640.04),
    (596, 100, 1416.6),
    (596, 107, 1510.98),
    (596, 113, 1684.16),
    (596, 116, 1712.44),
    (596, 121, 1674.3),
    (596, 125, 1683.9),
    (599, 55, 1811.89),
    (599, 57, 1877.1),
    (600, 55, 1758.75),
    (600, 56, 1756.9),
    (600, 59, 1736.0),
    (600, 61, 1886.0),
    (600, 65, 1561.17),
    (600, 68, 1874.05),
    (600, 81, 1630.43),
    (600, 84, 1808.4),
    (600, 87, 1808.45),
    (600, 91, 1896.0),
    (600, 107, 1616.56),
    (601, 55, 1848.34),
    (601, 57, 1809.1),
    (606, 55, 1735.26),
    (606, 58, 1787.8),
    (607, 55, 1676.42),
    (607, 56, 1723.2),
    (607, 68, 1685.05),
    (607, 69, 1684.5),
    (607, 73, 1742.24),
    (609, 55, 1582.93),
    (609, 56, 1663.75),
    (609, 59, 1567.0),
    (609, 61, 1635.0),
    (609, 65, 1269.68),
    (609, 68, 1556.3),
    (609, 70, 1285.07),
    (609, 73, 1514.64),
    (609, 74, 1603.95),
    (609, 81, 1420.18),
    (609, 84, 1580.2),
    (609, 87, 1525.65),
    (609, 92, 1591.27),
    (609, 107, 1386.58),
    (609, 113, 1615.12),
    (609, 119, 1254.25),
    (610, 55, 1754.17),
    (610, 56, 1736.45),
    (610, 57, 1731.4),
    (610, 60, 1681.1),
    (610, 67, 1685.0),
    (610, 77, 1641.0),
    (610, 87, 1607.5),
    (612, 55, 1613.1),
    (612, 58, 1671.8),
    (612, 60, 1687.1),
    (612, 67, 1672.0),
    (612, 68, 1640.05),
    (612, 87, 1625.25),
    (612, 90, 1665.0),
    (612, 92, 1677.6),
    (612, 95, 1656.95),
    (615, 55, 1535.4),
    (615, 56, 1515.9),
    (615, 60, 1533.3),
    (615, 62, 1536.1),
    (615, 63, 1683.4),
    (615, 65, 1289.76),
    (615, 68, 1554.65),
    (615, 70, 1218.21),
    (615, 73, 1522.67),
    (615, 74, 1561.25),
    (615, 81, 1346.06),
    (615, 87, 1508.15),
    (615, 92, 1500.34),
    (615, 95, 1559.45),
    (615, 96, 1557.0),
    (615, 125, 1606.5),
    (616, 55, 1644.08),
    (616, 56, 1664.75),
    (616, 57, 1697.0),
    (616, 58, 1684.2),
    (620, 55, 1879.27),
    (620, 57, 1891.9),
    (629, 55, 1906.26),
    (631, 55, 1787.4),
    (631, 57, 1686.2),
    (631, 58, 1725.5),
    (631, 67, 1619.0),
    (631, 68, 1646.71),
    (631, 69, 1596.4),
    (631, 71, 1647.0),
    (631, 73, 1597.82),
    (631, 87, 1610.05),
    (631, 88, 1585.98),
    (631, 90, 1622.0),
    (631, 92, 1609.76),
    (631, 95, 1730.2),
    (631, 101, 1777.0),
    (631, 108, 1603.0),
    (631, 125, 1716.19),
    (631, 127, 1715.97),
    (634, 55, 1739.97),
    (634, 56, 1690.8),
    (634, 57, 1732.9),
    (634, 67, 1628.0),
    (634, 69, 1655.9),
    (639, 55, 1921.68),
    (639, 57, 1856.6),
    (640, 55, 1800.53),
    (640, 57, 1802.4),
    (648, 55, 1906.8),
    (648, 57, 1930.3),
    (648, 58, 1960.2),
    (65, 56, 1652.0),
    (81, 56, 1654.35),
    (81, 65, 1311.46),
    (81, 68, 1608.85),
    (81, 70, 1261.77),
    (81, 72, 1619.0),
    (446, 56, 1668.15),
    (490, 56, 1662.25),
    (490, 77, 1593.0),
    (490, 80, 1693.5),
    (490, 86, 1711.0),
    (502, 56, 1591.96),
    (502, 62, 1601.7),
    (502, 74, 1631.75),
    (502, 75, 1794.0),
    (502, 77, 1557.0),
    (502, 80, 1587.9),
    (502, 86, 1573.0),
    (502, 89, 1597.81),
    (502, 93, 1637.29),
    (502, 95, 1578.5),
    (550, 56, 1632.35),
    (550, 74, 1653.8),
    (550, 94, 1659.9),
    (550, 95, 1613.75),
    (550, 96, 1637.0),
    (562, 56, 1643.5),
    (562, 74, 1601.3),
    (562, 94, 1633.15),
    (562, 95, 1594.85),
    (562, 96, 1689.0),
    (575, 56, 1620.25),
    (575, 62, 1638.8),
    (578, 56, 1950.45),
    (603, 56, 1584.35),
    (603, 74, 1560.35),
    (603, 75, 1731.0),
    (603, 77, 1584.0),
    (603, 80, 1576.8),
    (603, 86, 1581.0),
    (603, 89, 1604.77),
    (603, 93, 1637.65),
    (603, 95, 1570.8),
    (603, 104, 1723.52),
    (603, 112, 1599.5),
    (603, 113, 1584.78),
    (603, 117, 1640.13),
    (603, 124, 1605.26),
    (603, 127, 1542.41),
    (603, 128, 1596.61),
    (614, 56, 1732.55),
    (614, 57, 1780.0),
    (614, 58, 1769.9),
    (614, 60, 1721.3),
    (614, 64, 1995.69),
    (614, 66, 1866.2),
    (614, 68, 1736.05),
    (614, 71, 1781.1),
    (614, 76, 1830.0),
    (614, 84, 1796.8),
    (614, 88, 1800.88),
    (628, 56, 1625.5),
    (628, 62, 1610.85),
    (647, 56, 1576.35),
    (647, 62, 1598.5),
    (647, 74, 1547.25),
    (647, 75, 1686.0),
    (647, 89, 1653.38),
    (647, 93, 1649.1),
    (647, 95, 1603.2),
    (647, 104, 1620.18),
    (647, 124, 1608.53),
    (647, 127, 1529.66),
    (647, 128, 1572.71),
    (586, 57, 1771.8),
    (586, 67, 1721.0),
    (598, 57, 1736.0),
    (598, 67, 1611.0),
    (598, 69, 1598.3),
    (598, 73, 1630.28),
    (598, 81, 1430.31),
    (598, 88, 1578.33),
    (598, 92, 1585.54),
    (598, 95, 1645.2),
    (598, 97, 1557.0),
    (598, 100, 1231.31),
    (598, 105, 633.0),
    (598, 107, 1421.27),
    (598, 113, 1605.05),
    (598, 116, 1609.06),
    (598, 125, 1650.89),
    (598, 127, 1661.23),
    (602, 57, 2014.7),
    (649, 57, 1967.8),
    (649, 60, 1873.2),
    (464, 60, 1751.7),
    (464, 64, 1761.49),
    (464, 66, 1610.1),
    (464, 68, 1562.75),
    (464, 69, 1566.0),
    (464, 73, 1525.52),
    (464, 74, 1597.7),
    (464, 76, 1523.0),
    (464, 77, 1559.0),
    (464, 84, 1548.8),
    (464, 87, 1516.15),
    (464, 90, 1544.0),
    (464, 92, 1525.37),
    (464, 95, 1530.0),
    (464, 96, 1555.0),
    (7, 62, 1662.4),
    (17, 62, 1602.0),
    (61, 62, 1693.9),
    (61, 74, 1696.0),
    (61, 78, 1736.3),
    (61, 89, 1785.4),
    (61, 93, 1850.25),
    (68, 62, 1559.55),
    (112, 62, 1832.35),
    (112, 74, 1798.3),
    (112, 78, 1857.1),
    (112, 80, 1817.3),
    (398, 62, 1656.7),
    (398, 63, 1785.9),
    (444, 62, 1659.75),
    (444, 74, 1588.0),
    (444, 75, 1893.0),
    (447, 62, 1563.35),
    (447, 63, 1701.7),
    (508, 62, 1785.4),
    (508, 74, 1653.2),
    (545, 62, 1559.1),
    (545, 74, 1511.5),
    (545, 75, 1677.0),
    (545, 94, 1536.05),
    (545, 95, 1494.75),
    (545, 96, 1498.0),
    (553, 62, 1603.5),
    (553, 74, 1520.45),
    (553, 75, 1769.0),
    (553, 78, 1483.1),
    (553, 95, 1499.35),
    (553, 96, 1499.0),
    (564, 62, 1687.4),
    (564, 74, 1572.6),
    (564, 75, 1763.0),
    (564, 78, 1579.2),
    (564, 86, 1562.0),
    (564, 89, 1607.66),
    (564, 93, 1602.19),
    (564, 95, 1567.45),
    (564, 96, 1579.0),
    (604, 62, 1609.0),
    (604, 63, 1692.6),
    (608, 62, 1712.25),
    (622, 62, 1679.9),
    (622, 78, 1610.9),
    (622, 80, 1643.6),
    (622, 86, 1603.0),
    (622, 89, 1714.9),
    (622, 93, 1640.73),
    (622, 95, 1583.75),
    (622, 96, 1632.0),
    (622, 99, 1700.9),
    (622, 104, 1672.64),
    (622, 112, 1607.4),
    (622, 117, 1620.3),
    (622, 124, 1613.65),
    (622, 127, 1539.63),
    (643, 62, 1661.0),
    (643, 74, 1621.8),
    (643, 78, 1643.2),
    (643, 82, 1698.0),
    (643, 86, 1614.0),
    (643, 89, 1694.13),
    (643, 93, 1672.12),
    (643, 95, 1628.8),
    (643, 99, 1669.1),
    (643, 117, 1701.73),
    (643, 124, 1666.3),
    (643, 127, 1635.47),
    (646, 62, 1833.3),
    (646, 74, 1868.8),
    (529, 64, 2016.62),
    (529, 66, 1772.0),
    (529, 68, 1787.35),
    (529, 71, 1785.7),
    (529, 73, 1766.91),
    (529, 76, 1777.0),
    (529, 81, 1635.76),
    (529, 92, 1819.59),
    (585, 64, 2416.35),
    (585, 69, 2005.2),
    (663, 64, 1878.81),
    (663, 66, 1765.4),
    (663, 68, 1663.2),
    (663, 69, 1658.4),
    (663, 73, 1748.67),
    (665, 64, 1768.2),
    (665, 66, 1642.2),
    (665, 68, 1633.35),
    (665, 69, 1616.5),
    (665, 73, 1581.96),
    (665, 74, 1629.55),
    (665, 76, 1606.0),
    (665, 77, 1679.0),
    (665, 84, 1648.8),
    (665, 87, 1678.6),
    (665, 90, 1860.0),
    (665, 92, 1638.61),
    (665, 95, 1637.8),
    (665, 98, 1540.0),
    (665, 100, 1319.29),
    (665, 106, 1598.5),
    (665, 110, 1710.62),
    (665, 113, 1634.72),
    (665, 118, 1595.0),
    (665, 125, 1553.57),
    (665, 127, 1608.12),
    (665, 129, 1618.7),
    (665, 136, 1580.4),
    (665, 146, 1522.99),
    (665, 152, 1612.57),
    (665, 156, 1569.78),
    (665, 158, 1672.47),
    (667, 64, 1785.35),
    (667, 66, 1652.4),
    (667, 67, 1625.0),
    (667, 68, 1639.65),
    (667, 69, 1673.2),
    (667, 71, 1679.3),
    (667, 73, 1610.21),
    (667, 74, 1681.8),
    (667, 76, 1715.0),
    (667, 77, 1655.0),
    (667, 84, 1657.4),
    (667, 87, 1621.05),
    (667, 88, 1616.32),
    (667, 90, 1642.0),
    (667, 92, 1586.01),
    (667, 95, 1617.7),
    (667, 98, 1532.0),
    (667, 106, 1588.0),
    (667, 113, 1564.97),
    (667, 116, 1568.02),
    (667, 118, 1556.0),
    (667, 125, 1563.31),
    (667, 127, 1557.34),
    (667, 129, 1610.3),
    (667, 136, 1554.9),
    (667, 142, 1494.42),
    (667, 146, 1484.69),
    (667, 152, 1567.29),
    (667, 156, 1539.35),
    (667, 158, 1577.87),
    (667, 159, 1644.1),
    (676, 64, 1753.4),
    (676, 66, 1599.0),
    (676, 68, 1577.2),
    (676, 73, 1555.6),
    (676, 74, 1627.05),
    (676, 76, 1527.0),
    (676, 77, 1581.0),
    (676, 84, 1556.8),
    (676, 87, 1550.85),
    (676, 90, 1568.0),
    (676, 92, 1546.78),
    (676, 95, 1562.7),
    (676, 98, 1520.0),
    (676, 100, 1197.45),
    (676, 106, 1573.4),
    (676, 110, 1599.44),
    (676, 113, 1557.19),
    (676, 118, 1549.0),
    (676, 125, 1530.7),
    (676, 127, 1518.48),
    (676, 128, 1540.13),
    (676, 129, 1564.1),
    (676, 136, 1536.4),
    (676, 146, 1479.97),
    (676, 152, 1557.92),
    (676, 156, 1547.41),
    (676, 158, 1556.21),
    (676, 159, 1605.9),
    (698, 64, 1952.97),
    (698, 66, 1836.3),
    (698, 76, 1887.0),
    (698, 81, 1767.56),
    (698, 92, 2048.58),
    (701, 64, 1763.39),
    (701, 66, 1617.7),
    (701, 68, 1578.95),
    (701, 69, 1562.1),
    (701, 73, 1539.84),
    (701, 74, 1593.0),
    (701, 76, 1513.0),
    (701, 77, 1560.0),
    (701, 84, 1547.3),
    (701, 87, 1541.15),
    (701, 90, 1553.0),
    (701, 92, 1564.11),
    (701, 95, 1564.2),
    (701, 110, 1679.79),
    (701, 113, 1617.13),
    (701, 125, 1601.42),
    (701, 127, 1577.3),
    (701, 129, 1584.9),
    (701, 136, 1551.5),
    (701, 152, 1589.62),
    (701, 156, 1553.22),
    (701, 158, 1663.83),
    (705, 64, 1886.86),
    (705, 66, 1688.7),
    (705, 71, 1794.6),
    (707, 64, 1880.72),
    (707, 66, 1744.0),
    (707, 68, 1832.75),
    (707, 71, 1723.7),
    (707, 73, 1663.46),
    (707, 76, 1723.0),
    (707, 81, 1654.03),
    (707, 92, 1837.54),
    (707, 107, 1572.85),
    (707, 113, 1751.75),
    (707, 125, 1741.52),
    (707, 127, 1744.48),
    (707, 136, 1735.5),
    (707, 149, 1697.48),
    (707, 156, 1819.56),
    (723, 64, 2108.49),
    (723, 66, 2003.4),
    (723, 69, 1835.7),
    (723, 71, 1934.1),
    (729, 64, 2097.23),
    (729, 76, 1773.0),
    (729, 81, 1635.14),
    (729, 92, 1865.56),
    (729, 149, 1757.16),
    (729, 150, 1437.58),
    (732, 64, 1952.21),
    (732, 66, 1826.6),
    (732, 71, 1692.7),
    (732, 73, 1734.85),
    (732, 113, 1739.67),
    (736, 64, 2027.5),
    (736, 66, 1814.9),
    (736, 67, 1762.0),
    (736, 68, 1722.85),
    (736, 69, 1711.6),
    (736, 71, 1674.8),
    (736, 73, 1670.77),
    (736, 76, 1703.0),
    (736, 77, 1722.0),
    (736, 84, 1669.8),
    (736, 87, 1657.4),
    (736, 88, 1663.35),
    (736, 90, 1710.0),
    (736, 92, 1779.76),
    (736, 101, 1780.9),
    (736, 106, 1654.0),
    (736, 116, 1696.4),
    (736, 118, 1665.0),
    (736, 136, 1656.8),
    (736, 142, 1623.22),
    (736, 146, 1595.78),
    (736, 152, 1700.31),
    (736, 156, 1651.4),
    (736, 158, 1646.47),
    (82, 65, 1309.36),
    (82, 68, 1587.1),
    (82, 70, 1234.85),
    (82, 72, 1565.0),
    (82, 75, 1815.0),
    (110, 65, 1492.07),
    (110, 68, 1827.8),
    (110, 70, 1409.46),
    (110, 72, 1759.0),
    (666, 65, 1485.31),
    (666, 67, 1740.0),
    (666, 71, 1732.6),
    (690, 65, 1309.65),
    (690, 68, 1588.35),
    (690, 70, 1247.67),
    (690, 72, 1584.0),
    (690, 84, 1614.4),
    (690, 87, 1633.65),
    (690, 91, 1784.0),
    (692, 65, 1306.67),
    (692, 68, 1573.55),
    (692, 70, 1235.12),
    (692, 73, 1513.35),
    (692, 74, 1586.6),
    (692, 75, 1841.0),
    (692, 81, 1403.85),
    (692, 87, 1541.6),
    (692, 92, 1551.52),
    (692, 119, 1236.93),
    (692, 125, 1550.81),
    (692, 127, 1536.8),
    (692, 128, 1558.26),
    (695, 65, 1470.45),
    (695, 68, 1792.1),
    (695, 70, 1357.09),
    (695, 72, 1765.0),
    (700, 65, 1388.98),
    (700, 68, 1637.0),
    (700, 72, 1742.0),
    (710, 65, 1272.87),
    (710, 68, 1559.7),
    (710, 70, 1259.9),
    (710, 73, 1559.22),
    (710, 84, 1565.1),
    (710, 87, 1548.75),
    (710, 92, 1566.96),
    (710, 107, 1410.21),
    (710, 113, 1600.33),
    (710, 119, 1258.38),
    (710, 122, 1537.0),
    (710, 125, 1572.91),
    (710, 138, 1426.84),
    (710, 146, 1534.74),
    (710, 150, 1239.64),
    (710, 156, 1575.49),
    (710, 158, 1589.85),
    (710, 159, 1651.6),
    (713, 65, 1295.26),
    (713, 67, 1583.0),
    (713, 68, 1581.6),
    (713, 71, 1600.0),
    (713, 73, 1542.02),
    (713, 74, 1590.15),
    (713, 84, 1619.4),
    (713, 92, 1611.21),
    (713, 95, 1612.15),
    (713, 156, 1677.82),
    (718, 65, 1326.37),
    (718, 68, 1616.85),
    (718, 70, 1321.33),
    (718, 72, 1703.0),
    (721, 65, 1258.67),
    (721, 68, 1522.5),
    (721, 70, 1238.45),
    (721, 73, 1535.43),
    (721, 81, 1363.75),
    (721, 87, 1504.3),
    (721, 92, 1517.9),
    (721, 95, 1541.55),
    (721, 96, 1555.0),
    (734, 65, 1311.64),
    (734, 67, 1608.0),
    (734, 68, 1622.8),
    (734, 71, 1616.8),
    (734, 73, 1589.69),
    (734, 74, 1629.35),
    (734, 84, 1578.6),
    (734, 92, 1582.91),
    (734, 95, 1639.15),
    (734, 113, 1640.7),
    (734, 118, 1656.0),
    (734, 125, 1677.09),
    (734, 127, 1613.13),
    (735, 65, 1410.46),
    (735, 68, 1704.15),
    (735, 70, 1350.27),
    (735, 72, 1687.0),
    (735, 81, 1504.81),
    (735, 84, 1668.9),
    (735, 87, 1663.05),
    (735, 91, 1716.0),
    (735, 138, 1509.29),
    (735, 146, 1653.9),
    (735, 150, 1357.3),
    (735, 154, 1683.0),
    (106, 66, 1875.4),
    (106, 71, 1826.9),
    (106, 73, 1776.27),
    (433, 66, 1645.6),
    (433, 67, 1791.0),
    (433, 73, 1705.37),
    (433, 74, 1781.1),
    (625, 66, 1938.9),
    (625, 67, 1876.0),
    (625, 68, 1857.05),
    (673, 66, 1751.3),
    (673, 68, 1662.55),
    (673, 71, 1669.8),
    (673, 73, 1616.0),
    (689, 66, 1621.3),
    (689, 67, 1640.0),
    (689, 68, 1615.3),
    (689, 73, 1572.77),
    (689, 74, 1692.85),
    (689, 77, 1639.0),
    (689, 84, 1610.1),
    (689, 88, 1585.26),
    (689, 92, 1627.55),
    (689, 95, 1624.3),
    (689, 106, 1636.7),
    (689, 113, 1579.84),
    (689, 120, 1621.4),
    (689, 125, 1585.85),
    (689, 127, 1552.95),
    (689, 132, 1240.9),
    (689, 136, 1607.3),
    (689, 146, 1553.41),
    (689, 152, 1661.31),
    (689, 156, 1674.63),
    (689, 158, 1706.85),
    (716, 66, 1665.2),
    (716, 68, 1635.1),
    (716, 73, 1621.65),
    (716, 74, 1701.75),
    (716, 77, 1739.0),
    (716, 84, 1710.6),
    (716, 88, 1653.97),
    (716, 100, 1260.03),
    (716, 113, 1666.14),
    (716, 120, 1712.75),
    (716, 125, 1653.46),
    (716, 127, 1645.38),
    (716, 136, 1696.6),
    (716, 143, 1675.48),
    (716, 146, 1575.11),
    (716, 152, 1651.19),
    (716, 156, 1648.89),
    (716, 158, 1644.82),
    (107, 67, 1851.0),
    (493, 67, 1714.0),
    (493, 68, 1775.75),
    (493, 71, 1770.7),
    (554, 67, 2131.0),
    (554, 68, 2134.35),
    (554, 73, 2107.27),
    (579, 67, 1673.0),
    (579, 69, 1654.2),
    (579, 81, 1481.65),
    (579, 88, 1620.54),
    (579, 105, 666.0),
    (621, 67, 1781.0),
    (621, 68, 1777.25),
    (621, 73, 1788.49),
    (621, 77, 1846.0),
    (621, 84, 1759.7),
    (621, 87, 1774.35),
    (621, 88, 1816.04),
    (621, 92, 1901.85),
    (630, 67, 1807.0),
    (630, 68, 1842.85),
    (630, 69, 1802.3),
    (632, 67, 1882.0),
    (632, 68, 1968.7),
    (654, 67, 1689.0),
    (654, 68, 1682.6),
    (654, 69, 1733.4),
    (654, 73, 1690.31),
    (657, 67, 1666.0),
    (657, 69, 1646.0),
    (657, 97, 1679.0),
    (657, 100, 1217.71),
    (657, 105, 629.0),
    (657, 107, 1416.14),
    (657, 113, 1587.15),
    (657, 116, 1603.53),
    (657, 121, 1621.1),
    (657, 125, 1553.13),
    (657, 127, 1542.24),
    (657, 128, 1583.01),
    (658, 67, 1793.0),
    (658, 71, 1862.4),
    (658, 87, 1642.75),
    (658, 88, 1651.34),
    (658, 90, 1730.0),
    (658, 92, 1728.05),
    (658, 101, 1821.0),
    (658, 108, 1641.0),
    (658, 113, 1682.32),
    (658, 118, 1688.0),
    (658, 125, 1660.09),
    (658, 127, 1646.09),
    (658, 131, 1739.2),
    (658, 142, 1606.29),
    (658, 146, 1593.64),
    (658, 152, 1677.3),
    (658, 156, 1686.76),
    (661, 67, 1570.0),
    (661, 69, 1558.2),
    (661, 73, 1546.66),
    (661, 74, 1584.15),
    (661, 81, 1387.68),
    (661, 88, 1544.2),
    (661, 92, 1535.1),
    (661, 95, 1548.35),
    (661, 96, 1590.0),
    (661, 97, 1512.0),
    (661, 100, 1182.78),
    (661, 105, 610.0),
    (661, 107, 1400.52),
    (661, 113, 1562.74),
    (661, 116, 1581.59),
    (661, 121, 1585.5),
    (661, 125, 1539.58),
    (661, 127, 1523.13),
    (661, 128, 1584.55),
    (661, 132, 1204.52),
    (661, 142, 1579.1),
    (661, 143, 1625.197),
    (661, 146, 1537.39),
    (661, 152, 1604.04),
    (661, 156, 1570.56),
    (661, 158, 1649.68),
    (672, 67, 1628.0),
    (672, 68, 1619.2),
    (672, 71, 1577.2),
    (672, 73, 1536.23),
    (672, 74, 1579.4),
    (672, 84, 1582.1),
    (672, 92, 1568.63),
    (672, 95, 1573.8),
    (672, 113, 1675.29),
    (672, 118, 1598.0),
    (672, 127, 1617.65),
    (672, 136, 1584.1),
    (672, 138, 1411.15),
    (672, 146, 1530.47),
    (672, 156, 1594.71),
    (672, 158, 1605.43),
    (675, 67, 1633.0),
    (675, 69, 1627.2),
    (675, 73, 1576.72),
    (675, 74, 1657.0),
    (709, 67, 1728.0),
    (709, 68, 1671.5),
    (709, 69, 1657.9),
    (709, 73, 1634.45),
    (709, 88, 1928.09),
    (719, 67, 1581.0),
    (719, 68, 1571.55),
    (719, 71, 1587.3),
    (719, 73, 1519.36),
    (719, 74, 1558.35),
    (719, 87, 1529.25),
    (719, 88, 1523.35),
    (719, 90, 1571.0),
    (719, 92, 1523.17),
    (719, 95, 1529.85),
    (719, 96, 1546.0),
    (719, 101, 1634.6),
    (719, 108, 1504.0),
    (719, 113, 1515.12),
    (719, 118, 1552.0),
    (719, 125, 1475.24),
    (719, 127, 1501.43),
    (719, 128, 1491.03),
    (719, 131, 1579.9),
    (719, 142, 1502.92),
    (719, 146, 1482.57),
    (719, 152, 1617.74),
    (719, 156, 1500.71),
    (719, 158, 1546.49),
    (719, 159, 1568.4),
    (728, 67, 1626.0),
    (728, 69, 1612.2),
    (728, 73, 1598.28),
    (728, 74, 1631.7),
    (728, 81, 1453.84),
    (728, 88, 1602.76),
    (728, 92, 1602.04),
    (728, 95, 1621.9),
    (728, 107, 1581.82),
    (728, 113, 1703.15),
    (728, 116, 1726.57),
    (728, 121, 1661.6),
    (728, 125, 1605.88),
    (728, 128, 1617.3),
    (728, 132, 1208.85),
    (728, 142, 1582.79),
    (728, 143, 1649.074),
    (728, 146, 1555.74),
    (728, 152, 1628.25),
    (728, 156, 1600.91),
    (728, 158, 1614.79),
    (412, 68, 1671.3),
    (412, 70, 1313.86),
    (412, 72, 1659.0),
    (664, 68, 1660.0),
    (664, 69, 1642.3),
    (664, 73, 1608.52),
    (664, 74, 1665.8),
    (664, 77, 1709.0),
    (664, 84, 1636.4),
    (664, 87, 1589.6),
    (664, 90, 1618.0),
    (664, 95, 1601.7),
    (678, 68, 1706.8),
    (678, 69, 1638.4),
    (678, 71, 1744.7),
    (678, 73, 1625.82),
    (678, 74, 1697.59),
    (684, 68, 1726.8),
    (684, 69, 1704.1),
    (684, 73, 1757.97),
    (684, 146, 1686.88),
    (684, 149, 1691.52),
    (684, 152, 1769.44),
    (684, 156, 1706.95),
    (733, 69, 1855.9),
    (733, 71, 1861.5),
    (733, 87, 1879.7),
    (733, 90, 1842.0),
    (858, 70, 1383.65),
    (691, 71, 1802.5),
    (101, 74, 1839.8),
    (101, 78, 2061.5),
    (101, 79, 2125.0),
    (101, 85, 1941.3),
    (101, 93, 2078.42),
    (411, 74, 1608.6),
    (411, 75, 1843.0),
    (456, 74, 1764.8),
    (467, 74, 1764.95),
    (468, 74, 1768.6),
    (501, 74, 1827.8),
    (523, 74, 1560.65),
    (523, 75, 1770.0),
    (523, 77, 1625.0),
    (523, 80, 1626.7),
    (523, 86, 1592.0),
    (523, 89, 1673.77),
    (523, 93, 1653.71),
    (523, 95, 1631.8),
    (544, 74, 1644.1),
    (544, 75, 1938.0),
    (544, 86, 1762.0),
    (544, 89, 1780.97),
    (544, 93, 1720.72),
    (544, 95, 1697.95),
    (544, 96, 1724.0),
    (548, 74, 1696.65),
    (548, 78, 1691.1),
    (548, 82, 1736.0),
    (548, 86, 1650.0),
    (548, 89, 1720.6),
    (548, 93, 1703.25),
    (552, 74, 1799.85),
    (552, 80, 1681.2),
    (552, 85, 1612.9),
    (552, 89, 1680.52),
    (552, 93, 1693.78),
    (552, 95, 1622.55),
    (583, 74, 1558.35),
    (583, 75, 1815.0),
    (583, 78, 1573.1),
    (583, 86, 1545.0),
    (583, 89, 1605.63),
    (583, 93, 1611.77),
    (583, 95, 1545.4),
    (583, 96, 1552.0),
    (583, 99, 1647.2),
    (583, 104, 1633.98),
    (583, 112, 1544.8),
    (583, 117, 1586.95),
    (583, 124, 1551.99),
    (583, 127, 1526.01),
    (583, 128, 1522.52),
    (626, 74, 1764.55),
    (626, 104, 1906.87),
    (626, 117, 1802.46),
    (626, 124, 1762.3),
    (626, 127, 1722.8),
    (627, 74, 1592.2),
    (627, 80, 1636.4),
    (627, 85, 1583.2),
    (627, 89, 1630.72),
    (627, 93, 1676.18),
    (627, 95, 1606.75),
    (627, 99, 1782.4),
    (627, 104, 1760.96),
    (627, 112, 1629.2),
    (627, 117, 1667.4),
    (627, 124, 1643.18),
    (627, 127, 1557.86),
    (635, 74, 1630.75),
    (635, 80, 1604.0),
    (635, 85, 1548.8),
    (635, 89, 1625.66),
    (635, 93, 1672.83),
    (635, 95, 1655.75),
    (635, 99, 1651.2),
    (635, 104, 1622.82),
    (635, 112, 1535.9),
    (635, 117, 1576.14),
    (635, 124, 1558.04),
    (635, 127, 1511.72),
    (635, 128, 1569.2),
    (650, 74, 1727.4),
    (650, 104, 1883.93),
    (650, 111, 1831.0),
    (650, 117, 1827.5),
    (650, 124, 1767.31),
    (650, 127, 1692.45),
    (655, 74, 1825.7),
    (668, 74, 1699.25),
    (677, 74, 1807.4),
    (677, 78, 1885.7),
    (677, 79, 1949.0),
    (677, 85, 1760.5),
    (677, 89, 1897.22),
    (677, 93, 1846.88),
    (679, 74, 1652.9),
    (679, 80, 1617.8),
    (679, 85, 1688.4),
    (679, 89, 1660.98),
    (679, 93, 1702.76),
    (679, 99, 1707.4),
    (679, 104, 1678.46),
    (679, 112, 1582.9),
    (679, 117, 1596.38),
    (679, 124, 1625.81),
    (679, 127, 1586.9),
    (679, 137, 1615.4),
    (679, 139, 1533.2),
    (679, 147, 1537.78),
    (679, 151, 1663.85),
    (679, 157, 1546.83),
    (679, 158, 1603.8),
    (696, 74, 1823.9),
    (696, 80, 1716.0),
    (703, 74, 1613.95),
    (703, 75, 1856.0),
    (703, 78, 1483.9),
    (711, 74, 1766.1),
    (711, 83, 1404.0),
    (711, 89, 1925.22),
    (711, 93, 1881.72),
    (711, 95, 1794.45),
    (720, 74, 1626.75),
    (722, 74, 1556.35),
    (725, 74, 1849.8),
    (771, 74, 1724.7),
    (771, 78, 1877.8),
    (771, 80, 1760.7),
    (771, 85, 1689.3),
    (771, 89, 1794.08),
    (771, 93, 1867.13),
    (771, 95, 1724.0),
    (651, 76, 1720.0),
    (651, 77, 1689.0),
    (651, 87, 1701.0),
    (651, 88, 1654.36),
    (651, 92, 1671.87),
    (651, 95, 1683.95),
    (651, 101, 1847.3),
    (651, 106, 1718.1),
    (651, 116, 1680.54),
    (651, 118, 1632.0),
    (651, 125, 1647.38),
    (651, 136, 1620.5),
    (727, 76, 1641.0),
    (727, 87, 1654.0),
    (727, 88, 1650.46),
    (727, 90, 1673.0),
    (727, 92, 1688.41),
    (727, 98, 1583.0),
    (727, 101, 1665.4),
    (727, 106, 1611.9),
    (727, 113, 1618.77),
    (727, 116, 1644.73),
    (727, 118, 1607.0),
    (727, 129, 1644.1),
    (727, 136, 1673.2),
    (727, 142, 1588.62),
    (727, 146, 1538.53),
    (727, 152, 1617.96),
    (727, 158, 1683.95),
    (746, 76, 1670.0),
    (758, 76, 1761.0),
    (758, 81, 1589.97),
    (758, 92, 1755.04),
    (785, 76, 1600.0),
    (785, 77, 1648.0),
    (785, 84, 1626.9),
    (785, 88, 1581.38),
    (785, 90, 1626.0),
    (785, 92, 1711.77),
    (785, 95, 1627.05),
    (785, 98, 1538.0),
    (785, 101, 1635.8),
    (785, 106, 1561.7),
    (785, 113, 1638.62),
    (785, 116, 1643.58),
    (785, 118, 1582.0),
    (785, 125, 1554.82),
    (785, 127, 1570.76),
    (796, 76, 1791.0),
    (796, 77, 1811.0),
    (796, 84, 1754.5),
    (796, 87, 1717.15),
    (796, 90, 1761.0),
    (796, 92, 1696.65),
    (806, 76, 1808.0),
    (806, 77, 1866.0),
    (806, 84, 1774.2),
    (806, 87, 1752.9),
    (806, 90, 1743.0),
    (806, 92, 1720.1),
    (806, 110, 1802.66),
    (806, 113, 1769.85),
    (806, 118, 1756.0),
    (814, 76, 1949.0),
    (814, 77, 1738.0),
    (814, 87, 1685.7),
    (814, 98, 1610.0),
    (814, 101, 1702.1),
    (814, 106, 1604.6),
    (814, 116, 1642.03),
    (814, 118, 1657.0),
    (814, 125, 1643.13),
    (72, 77, 1723.0),
    (72, 84, 1702.2),
    (72, 88, 1666.17),
    (623, 77, 1847.0),
    (623, 87, 1824.45),
    (623, 88, 1838.51),
    (623, 107, 1795.48),
    (623, 113, 1972.82),
    (623, 116, 1974.37),
    (623, 118, 1945.0),
    (623, 125, 1934.8),
    (693, 77, 1663.0),
    (693, 80, 1662.9),
    (693, 86, 1668.0),
    (693, 89, 1679.21),
    (693, 93, 1653.79),
    (693, 104, 1665.99),
    (693, 112, 1617.0),
    (693, 113, 1626.2),
    (693, 117, 1652.3),
    (693, 124, 1667.95),
    (693, 139, 1685.1),
    (693, 147, 1691.52),
    (693, 151, 1737.8),
    (693, 157, 1629.18),
    (694, 77, 1625.0),
    (694, 80, 1632.2),
    (694, 86, 1672.0),
    (694, 89, 1797.25),
    (694, 93, 1779.27),
    (694, 104, 1723.7),
    (694, 112, 1645.6),
    (694, 113, 1607.8),
    (694, 117, 1684.51),
    (694, 124, 1729.01),
    (694, 147, 1636.54),
    (694, 151, 1677.48),
    (694, 157, 1605.09),
    (694, 158, 1612.96),
    (694, 159, 1657.4),
    (717, 77, 1821.0),
    (717, 84, 1750.9),
    (717, 88, 1713.52),
    (717, 92, 1704.01),
    (717, 100, 1318.6),
    (717, 113, 1721.77),
    (717, 121, 1730.2),
    (717, 125, 1686.8),
    (717, 136, 1793.7),
    (717, 143, 1845.974),
    (717, 152, 1783.3),
    (724, 77, 1596.0),
    (724, 80, 1619.3),
    (724, 86, 1599.0),
    (724, 89, 1646.26),
    (724, 93, 1653.88),
    (724, 95, 1721.5),
    (724, 104, 1600.49),
    (724, 113, 1571.05),
    (724, 117, 1612.75),
    (724, 124, 1546.78),
    (724, 127, 1505.09),
    (724, 128, 1559.74),
    (724, 139, 1588.5),
    (724, 144, 1591.0),
    (724, 151, 1650.53),
    (724, 157, 1582.01),
    (724, 158, 1561.07),
    (724, 159, 1626.4),
    (741, 77, 1995.0),
    (741, 84, 1983.7),
    (741, 87, 1893.4),
    (741, 88, 1879.44),
    (741, 92, 1862.21),
    (741, 107, 1786.43),
    (754, 77, 1615.0),
    (754, 80, 1616.5),
    (754, 86, 1586.0),
    (754, 89, 1675.11),
    (754, 93, 1674.3),
    (754, 104, 1658.93),
    (754, 112, 1569.0),
    (754, 117, 1702.68),
    (754, 124, 1636.96),
    (754, 139, 1518.5),
    (754, 144, 1576.0),
    (754, 151, 1628.75),
    (754, 157, 1563.43),
    (754, 158, 1648.47),
    (754, 159, 1676.3),
    (756, 77, 1781.0),
    (756, 84, 1718.1),
    (756, 88, 1680.77),
    (756, 92, 1695.72),
    (756, 100, 1266.22),
    (756, 106, 1674.1),
    (756, 113, 1671.1),
    (756, 120, 1672.05),
    (756, 125, 1667.36),
    (756, 127, 1690.78),
    (756, 136, 1678.3),
    (756, 143, 1711.348),
    (756, 146, 1626.34),
    (756, 152, 1726.62),
    (756, 156, 1703.03),
    (759, 77, 1641.0),
    (759, 80, 1662.6),
    (759, 86, 1613.0),
    (759, 89, 1652.81),
    (759, 93, 1712.46),
    (759, 104, 1748.36),
    (759, 112, 1776.1),
    (759, 124, 1692.64),
    (759, 139, 1638.3),
    (759, 147, 1567.58),
    (759, 151, 1634.01),
    (759, 157, 1757.88),
    (759, 159, 1634.8),
    (761, 77, 1632.0),
    (761, 80, 1656.5),
    (761, 86, 1622.0),
    (761, 89, 1682.55),
    (761, 93, 1654.91),
    (761, 112, 1710.8),
    (761, 113, 1655.27),
    (761, 117, 1700.56),
    (761, 124, 1626.01),
    (761, 139, 1536.7),
    (761, 144, 1543.0),
    (761, 151, 1620.25),
    (761, 157, 1606.19),
    (761, 158, 1597.37),
    (775, 77, 1620.0),
    (775, 84, 1607.8),
    (775, 88, 1621.7),
    (775, 92, 1735.27),
    (775, 100, 1223.8),
    (775, 106, 1608.9),
    (775, 113, 1621.57),
    (775, 120, 1630.0),
    (775, 125, 1598.51),
    (775, 127, 1633.89),
    (775, 132, 1216.41),
    (775, 136, 1630.2),
    (775, 146, 1614.96),
    (775, 152, 1676.41),
    (775, 156, 1634.72),
    (775, 158, 1707.66),
    (786, 77, 1659.0),
    (786, 84, 1642.8),
    (786, 88, 1616.77),
    (786, 92, 1680.37),
    (786, 95, 1727.15),
    (786, 100, 1244.24),
    (786, 106, 1646.2),
    (786, 113, 1647.29),
    (786, 120, 1665.65),
    (786, 125, 1654.35),
    (786, 127, 1681.38),
    (786, 132, 1217.36),
    (786, 136, 1654.4),
    (786, 143, 1712.123),
    (786, 146, 1610.27),
    (786, 152, 1678.26),
    (786, 156, 1677.3),
    (786, 158, 1755.37),
    (791, 77, 2277.0),
    (791, 84, 2221.1),
    (791, 88, 2159.65),
    (802, 77, 1863.0),
    (802, 84, 1829.7),
    (802, 88, 1791.26),
    (802, 90, 1825.0),
    (807, 77, 2044.0),
    (807, 84, 2060.2),
    (813, 77, 1616.0),
    (813, 93, 1757.39),
    (813, 104, 1695.56),
    (813, 112, 1653.8),
    (813, 113, 1580.64),
    (813, 117, 1680.87),
    (813, 124, 1600.05),
    (813, 127, 1551.94),
    (813, 128, 1580.27),
    (813, 139, 1542.3),
    (813, 144, 1512.0),
    (813, 151, 1586.76),
    (813, 157, 1543.81),
    (813, 158, 1549.09),
    (813, 159, 1585.9),
    (91, 78, 2269.8),
    (91, 80, 2070.3),
    (94, 78, 2069.3),
    (105, 78, 2009.5),
    (541, 78, 1853.4),
    (541, 79, 1907.0),
    (541, 85, 1822.8),
    (541, 89, 1919.18),
    (541, 93, 1834.01),
    (566, 78, 1948.4),
    (566, 80, 2015.0),
    (566, 89, 2002.06),
    (566, 93, 2048.57),
    (592, 78, 1612.9),
    (592, 80, 1651.1),
    (592, 85, 1612.0),
    (592, 89, 1664.87),
    (592, 93, 1684.16),
    (592, 95, 1607.75),
    (592, 104, 1705.74),
    (592, 112, 1620.0),
    (592, 133, 1693.0),
    (592, 147, 1688.63),
    (592, 151, 1768.28),
    (592, 157, 1687.14),
    (592, 158, 1676.84),
    (605, 78, 1646.9),
    (605, 80, 1721.0),
    (605, 99, 1775.1),
    (605, 104, 1665.03),
    (605, 112, 1573.3),
    (605, 117, 1600.29),
    (605, 124, 1578.05),
    (605, 127, 1528.27),
    (605, 128, 1549.68),
    (605, 142, 1798.03),
    (605, 151, 1878.66),
    (605, 157, 1755.38),
    (644, 78, 1929.2),
    (644, 80, 1911.0),
    (644, 85, 1881.9),
    (644, 89, 1945.36),
    (644, 93, 1982.33),
    (644, 95, 1856.35),
    (653, 78, 1714.5),
    (653, 80, 1739.2),
    (653, 85, 1652.9),
    (653, 89, 1678.64),
    (653, 93, 1707.53),
    (653, 95, 1654.35),
    (653, 104, 1667.13),
    (653, 111, 1713.0),
    (653, 117, 1664.28),
    (653, 124, 1601.3),
    (653, 127, 1576.66),
    (653, 133, 1832.1),
    (653, 135, 1216.0),
    (653, 147, 1662.46),
    (653, 151, 1715.63),
    (653, 157, 1622.78),
    (653, 158, 1650.18),
    (656, 78, 1621.7),
    (656, 80, 1657.6),
    (656, 86, 1620.0),
    (656, 89, 1690.49),
    (656, 93, 1678.97),
    (669, 78, 2016.3),
    (669, 79, 2117.0),
    (669, 85, 1930.4),
    (669, 89, 2049.42),
    (669, 93, 2100.01),
    (669, 99, 2089.5),
    (669, 112, 1907.0),
    (669, 117, 2005.48),
    (669, 124, 1948.23),
    (669, 139, 2010.6),
    (669, 151, 2273.13),
    (669, 157, 2104.84),
    (682, 78, 1640.0),
    (682, 80, 1676.5),
    (682, 86, 1628.0),
    (687, 78, 1665.2),
    (687, 82, 1726.0),
    (687, 86, 1759.0),
    (687, 89, 1735.02),
    (687, 93, 1753.79),
    (687, 99, 1734.8),
    (687, 117, 1662.91),
    (687, 124, 1618.95),
    (687, 127, 1609.87),
    (687, 138, 1493.69),
    (687, 147, 1662.17),
    (687, 151, 1709.93),
    (687, 157, 1652.81),
    (687, 158, 1676.65),
    (688, 78, 1667.5),
    (688, 80, 1723.1),
    (688, 89, 1752.28),
    (688, 93, 1752.45),
    (688, 99, 1684.9),
    (688, 104, 1717.44),
    (688, 112, 1624.9),
    (688, 117, 1719.3),
    (688, 124, 1729.64),
    (688, 135, 1257.0),
    (688, 142, 1636.07),
    (688, 147, 1648.03),
    (688, 151, 1712.91),
    (688, 157, 1656.01),
    (688, 158, 1669.47),
    (704, 78, 1805.5),
    (704, 86, 1744.0),
    (704, 89, 1808.25),
    (704, 93, 1787.42),
    (737, 78, 1619.7),
    (737, 80, 1649.9),
    (737, 89, 1728.07),
    (737, 93, 1730.86),
    (748, 78, 1649.8),
    (748, 79, 1725.0),
    (748, 85, 1648.1),
    (748, 89, 1716.55),
    (748, 93, 1687.13),
    (748, 95, 1668.2),
    (748, 99, 1629.21),
    (748, 112, 1761.2),
    (748, 117, 1765.16),
    (748, 124, 1764.01),
    (748, 139, 1852.3),
    (748, 147, 1821.83),
    (767, 78, 1731.1),
    (767, 80, 1871.0),
    (767, 85, 1660.9),
    (767, 89, 1763.42),
    (767, 93, 1777.57),
    (767, 95, 1720.9),
    (767, 104, 1754.89),
    (767, 111, 1695.0),
    (767, 117, 1675.42),
    (767, 124, 1677.28),
    (767, 127, 1611.48),
    (767, 133, 1791.0),
    (767, 135, 1259.0),
    (767, 147, 1687.95),
    (767, 151, 1782.86),
    (767, 157, 1687.77),
    (767, 158, 1749.36),
    (774, 78, 1815.8),
    (779, 78, 1685.7),
    (779, 86, 1645.0),
    (779, 89, 1690.11),
    (779, 93, 1661.98),
    (779, 95, 1635.2),
    (779, 96, 1652.0),
    (780, 78, 1680.7),
    (780, 80, 1651.4),
    (780, 85, 1577.6),
    (780, 89, 1658.71),
    (780, 93, 1669.72),
    (780, 95, 1613.35),
    (780, 104, 1743.04),
    (780, 111, 1652.0),
    (780, 117, 1697.93),
    (780, 124, 1672.52),
    (780, 127, 1598.55),
    (780, 133, 1769.8),
    (780, 135, 1218.0),
    (780, 147, 1606.5),
    (780, 151, 1690.03),
    (780, 157, 1617.34),
    (780, 158, 1617.19),
    (781, 78, 1584.3),
    (781, 80, 1600.5),
    (781, 86, 1568.0),
    (781, 89, 1611.35),
    (781, 93, 1615.26),
    (781, 95, 1546.25),
    (781, 96, 1563.0),
    (781, 104, 1653.58),
    (781, 112, 1600.1),
    (781, 113, 1624.0),
    (781, 117, 1690.38),
    (781, 124, 1606.75),
    (781, 127, 1587.08),
    (781, 128, 1592.27),
    (781, 139, 1579.5),
    (781, 144, 1609.0),
    (781, 151, 1665.29),
    (781, 157, 1549.69),
    (781, 158, 1551.63),
    (781, 159, 1584.9),
    (790, 78, 1701.7),
    (790, 80, 1697.1),
    (790, 95, 1725.45),
    (794, 78, 1660.9),
    (794, 82, 1722.0),
    (794, 86, 1652.0),
    (794, 89, 1707.27),
    (794, 93, 1727.12),
    (794, 99, 1699.4),
    (794, 117, 1653.43),
    (794, 124, 1619.18),
    (794, 127, 1556.46),
    (794, 133, 1659.8),
    (794, 138, 1419.25),
    (794, 147, 1618.42),
    (794, 151, 1646.04),
    (794, 157, 1556.68),
    (794, 158, 1562.39),
    (794, 159, 1623.4),
    (805, 78, 1725.9),
    (805, 80, 1805.5),
    (805, 86, 1748.0),
    (805, 89, 1751.61),
    (805, 93, 1778.29),
    (810, 78, 1686.0),
    (810, 80, 1684.2),
    (810, 86, 1681.0),
    (810, 89, 1697.21),
    (810, 93, 1688.89),
    (810, 104, 1712.88),
    (810, 112, 1638.3),
    (810, 113, 1609.71),
    (810, 117, 1716.82),
    (810, 124, 1709.51),
    (810, 147, 1829.12),
    (810, 151, 2089.62),
    (818, 78, 1985.3),
    (818, 80, 1983.4),
    (818, 93, 2018.5),
    (818, 99, 2260.6),
    (818, 104, 2113.48),
    (905, 78, 1587.4),
    (905, 80, 1717.2),
    (905, 85, 1659.3),
    (919, 78, 1875.5),
    (919, 80, 1860.4),
    (919, 85, 1799.8),
    (919, 89, 1872.24),
    (919, 93, 1859.37),
    (919, 95, 1726.35),
    (920, 78, 2251.0),
    (763, 79, 1922.0),
    (763, 85, 1743.8),
    (763, 89, 1792.11),
    (763, 93, 1804.7),
    (763, 95, 1722.4),
    (763, 99, 1827.7),
    (763, 112, 1713.7),
    (763, 117, 1766.89),
    (763, 124, 1709.03),
    (763, 135, 1293.0),
    (73, 80, 1729.9),
    (73, 85, 1643.6),
    (73, 89, 1852.28),
    (73, 93, 1831.26),
    (557, 80, 1657.8),
    (557, 85, 1622.1),
    (557, 93, 1710.91),
    (557, 95, 1713.9),
    (636, 80, 2063.7),
    (636, 89, 2041.03),
    (636, 93, 1998.17),
    (636, 99, 1984.9),
    (636, 104, 1916.29),
    (636, 117, 1810.36),
    (636, 124, 1772.0),
    (659, 80, 1750.4),
    (659, 89, 1804.78),
    (659, 93, 1799.06),
    (659, 99, 1859.9),
    (659, 117, 1796.81),
    (659, 124, 1701.55),
    (659, 127, 1697.25),
    (699, 80, 1850.5),
    (699, 85, 1743.1),
    (699, 89, 1888.85),
    (699, 93, 1827.77),
    (699, 147, 1699.71),
    (699, 151, 1772.41),
    (699, 157, 1806.61),
    (702, 80, 1598.4),
    (702, 85, 1539.8),
    (702, 99, 1642.4),
    (702, 104, 1655.23),
    (702, 112, 1531.8),
    (702, 117, 1624.28),
    (702, 137, 1570.5),
    (702, 139, 1509.6),
    (702, 147, 1579.44),
    (702, 151, 1644.15),
    (702, 157, 1559.58),
    (702, 158, 1581.86),
    (726, 80, 1902.3),
    (726, 85, 1782.5),
    (726, 89, 1834.42),
    (726, 93, 1850.43),
    (726, 99, 1847.3),
    (739, 80, 1733.7),
    (739, 85, 1669.2),
    (739, 89, 1762.15),
    (739, 93, 1811.28),
    (739, 99, 1884.5),
    (739, 104, 1863.14),
    (739, 112, 1747.0),
    (739, 117, 1797.4),
    (739, 124, 1817.3),
    (739, 137, 1757.4),
    (739, 139, 1721.7),
    (739, 151, 1815.72),
    (739, 157, 1699.57),
    (743, 80, 1802.9),
    (743, 86, 1699.0),
    (743, 89, 1771.95),
    (743, 93, 1743.19),
    (743, 104, 1679.58),
    (743, 112, 1635.8),
    (743, 113, 1578.91),
    (743, 117, 1651.1),
    (743, 124, 1633.98),
    (743, 127, 1548.85),
    (743, 128, 1576.64),
    (743, 139, 1678.7),
    (743, 147, 1691.62),
    (743, 157, 1611.06),
    (750, 80, 1824.3),
    (765, 80, 1750.2),
    (765, 85, 1655.6),
    (765, 89, 1745.94),
    (765, 93, 1714.84),
    (765, 99, 1677.1),
    (765, 104, 1656.42),
    (765, 112, 1581.6),
    (765, 117, 1646.34),
    (765, 124, 1628.86),
    (765, 127, 1579.72),
    (765, 137, 1615.3),
    (765, 139, 1583.2),
    (765, 147, 1614.51),
    (765, 151, 1686.99),
    (765, 157, 1577.97),
    (765, 158, 1628.93),
    (766, 80, 1878.5),
    (766, 89, 1942.97),
    (766, 93, 1937.46),
    (793, 80, 1821.0),
    (793, 95, 1738.5),
    (801, 80, 1691.6),
    (801, 85, 1592.6),
    (801, 89, 1695.84),
    (801, 93, 1713.37),
    (801, 95, 1616.6),
    (801, 99, 1805.3),
    (801, 104, 1744.1),
    (801, 112, 1637.2),
    (801, 117, 1696.99),
    (801, 124, 1624.76),
    (801, 127, 1555.71),
    (801, 147, 1690.32),
    (801, 151, 1719.18),
    (801, 157, 1621.63),
    (809, 80, 2182.8),
    (809, 85, 2279.3),
    (809, 93, 2203.03),
    (2, 81, 1578.66),
    (714, 81, 1517.04),
    (714, 88, 1659.48),
    (714, 100, 1375.49),
    (714, 113, 1747.1),
    (714, 116, 1809.36),
    (714, 121, 1823.5),
    (745, 81, 1667.39),
    (745, 88, 2044.1),
    (757, 81, 1582.74),
    (757, 84, 1749.7),
    (757, 87, 1720.4),
    (757, 91, 1701.0),
    (764, 81, 1558.7),
    (764, 87, 1740.85),
    (764, 91, 1696.0),
    (768, 81, 1348.15),
    (768, 88, 1508.81),
    (768, 92, 1519.98),
    (768, 95, 1536.7),
    (768, 96, 1591.0),
    (768, 97, 1467.0),
    (768, 100, 1179.73),
    (768, 105, 614.0),
    (768, 107, 1393.2),
    (768, 113, 1522.28),
    (768, 116, 1559.51),
    (768, 121, 1541.0),
    (768, 125, 1526.74),
    (768, 127, 1501.25),
    (768, 128, 1537.52),
    (768, 132, 1191.53),
    (768, 143, 1580.891),
    (768, 146, 1503.01),
    (768, 156, 1590.72),
    (768, 158, 1575.19),
    (768, 159, 1622.0),
    (784, 81, 1474.37),
    (784, 87, 1639.85),
    (784, 91, 1736.0),
    (784, 119, 1334.22),
    (784, 122, 1641.0),
    (788, 81, 1424.72),
    (788, 87, 1576.55),
    (788, 91, 1578.0),
    (788, 107, 1398.54),
    (788, 113, 1583.58),
    (788, 119, 1238.58),
    (788, 125, 1552.18),
    (788, 127, 1551.55),
    (788, 128, 1592.9),
    (788, 138, 1416.84),
    (788, 146, 1517.87),
    (788, 150, 1243.05),
    (788, 156, 1582.06),
    (788, 158, 1632.24),
    (788, 159, 1672.4),
    (789, 81, 1571.95),
    (789, 84, 1727.3),
    (789, 87, 1726.9),
    (789, 91, 1696.0),
    (789, 107, 1524.76),
    (789, 119, 1410.98),
    (795, 81, 1414.69),
    (795, 87, 1578.0),
    (795, 91, 1618.0),
    (795, 107, 1418.05),
    (795, 113, 1587.96),
    (795, 119, 1375.07),
    (795, 122, 1936.0),
    (795, 134, 1555.0),
    (795, 138, 1366.76),
    (795, 146, 1485.84),
    (795, 150, 1224.93),
    (795, 156, 1524.27),
    (795, 158, 1551.52),
    (795, 159, 1593.8),
    (799, 81, 1421.75),
    (799, 87, 1588.35),
    (799, 91, 1576.0),
    (799, 107, 1384.21),
    (799, 113, 1591.66),
    (799, 119, 1237.77),
    (799, 125, 1562.53),
    (799, 127, 1537.5),
    (799, 128, 1587.63),
    (799, 138, 1396.18),
    (799, 146, 1523.3),
    (799, 150, 1265.23),
    (799, 156, 1555.1),
    (799, 158, 1601.82),
    (799, 159, 1663.2),
    (800, 81, 1440.59),
    (800, 87, 1634.15),
    (800, 91, 1604.0),
    (800, 107, 1417.79),
    (800, 113, 1576.79),
    (800, 119, 1247.27),
    (800, 125, 1555.84),
    (800, 127, 1539.66),
    (800, 128, 1569.21),
    (800, 138, 1386.56),
    (800, 146, 1491.7),
    (800, 150, 1244.06),
    (800, 156, 1535.76),
    (800, 158, 1560.05),
    (800, 159, 1586.5),
    (808, 81, 1441.47),
    (808, 84, 1598.2),
    (808, 87, 1593.25),
    (808, 91, 1607.0),
    (808, 107, 1418.24),
    (808, 113, 1609.24),
    (808, 119, 1286.17),
    (808, 122, 1555.0),
    (808, 134, 1625.0),
    (808, 138, 1464.31),
    (808, 146, 1546.66),
    (808, 150, 1316.57),
    (808, 154, 1576.0),
    (808, 156, 1611.67),
    (54, 82, 1983.0),
    (54, 86, 1865.0),
    (54, 89, 1872.63),
    (54, 93, 1871.73),
    (706, 83, 1631.0),
    (706, 89, 2095.8),
    (706, 93, 2014.54),
    (706, 104, 2148.44),
    (706, 117, 2134.82),
    (706, 124, 2144.29),
    (715, 83, 1718.0),
    (715, 89, 2187.0),
    (778, 83, 1300.0),
    (778, 89, 1800.19),
    (778, 93, 1814.46),
    (778, 95, 1823.7),
    (778, 104, 1772.82),
    (778, 117, 1774.55),
    (778, 124, 1718.83),
    (778, 133, 1803.9),
    (778, 142, 1661.87),
    (778, 147, 1712.07),
    (778, 151, 1808.66),
    (778, 157, 1744.4),
    (778, 158, 1779.8),
    (787, 83, 1215.0),
    (787, 89, 1735.03),
    (787, 93, 1806.76),
    (787, 95, 1669.15),
    (787, 104, 1717.94),
    (787, 117, 1682.92),
    (787, 124, 1686.06),
    (787, 151, 1832.63),
    (787, 157, 1720.67),
    (747, 84, 1723.6),
    (747, 87, 1792.65),
    (747, 88, 1725.48),
    (747, 92, 1715.67),
    (747, 131, 1733.6),
    (747, 136, 1738.0),
    (747, 142, 1676.8),
    (747, 149, 1680.85),
    (747, 152, 1755.55),
    (747, 156, 1690.81),
    (760, 84, 1939.5),
    (760, 87, 1953.1),
    (760, 88, 1855.63),
    (760, 92, 1880.7),
    (760, 100, 1513.92),
    (760, 113, 1929.94),
    (760, 116, 1891.08),
    (760, 118, 1829.0),
    (760, 125, 1907.88),
    (777, 84, 1625.9),
    (777, 92, 1649.76),
    (777, 95, 1707.35),
    (777, 113, 1660.89),
    (777, 118, 1678.0),
    (777, 125, 1655.15),
    (777, 127, 1653.1),
    (777, 136, 1690.5),
    (777, 138, 1521.72),
    (90, 85, 1885.1),
    (90, 89, 1932.81),
    (638, 85, 1613.6),
    (638, 89, 1670.24),
    (638, 93, 1687.52),
    (638, 95, 1634.05),
    (638, 99, 1652.5),
    (638, 104, 1646.92),
    (638, 112, 1573.8),
    (638, 117, 1629.19),
    (638, 124, 1597.79),
    (638, 127, 1552.74),
    (753, 85, 1865.9),
    (753, 89, 1968.35),
    (753, 93, 1956.37),
    (753, 99, 1948.5),
    (753, 104, 1883.91),
    (753, 112, 1822.8),
    (753, 124, 1897.15),
    (753, 137, 1896.1),
    (753, 139, 1836.9),
    (753, 147, 1866.28),
    (753, 151, 2035.03),
    (753, 157, 1937.9),
    (517, 87, 1831.35),
    (517, 88, 1739.31),
    (517, 90, 1783.0),
    (517, 92, 1761.66),
    (744, 87, 1642.65),
    (744, 88, 1614.55),
    (744, 90, 1688.0),
    (744, 92, 1607.27),
    (744, 95, 1604.5),
    (744, 101, 1787.0),
    (744, 108, 1630.0),
    (744, 113, 1622.46),
    (744, 118, 1621.0),
    (744, 125, 1627.22),
    (744, 127, 1626.17),
    (744, 131, 1890.5),
    (744, 142, 1737.38),
    (744, 149, 1693.9),
    (744, 152, 1723.77),
    (744, 156, 1652.66),
    (686, 88, 1801.24),
    (740, 88, 1760.82),
    (740, 100, 1358.51),
    (591, 89, 2268.6),
    (591, 104, 2287.22),
    (773, 89, 2068.43),
    (773, 99, 2011.8),
    (773, 112, 1883.5),
    (773, 124, 1933.29),
    (773, 135, 1385.0),
    (773, 139, 1814.6),
    (697, 93, 2121.91),
    (680, 94, 1719.55),
    (782, 94, 1643.05),
    (782, 95, 1618.4),
    (782, 96, 1597.0),
    (782, 103, 1366.1),
    (782, 109, 1686.0),
    (782, 114, 1706.0),
    (782, 115, 1617.2),
    (782, 123, 1582.2),
    (782, 126, 1593.0),
    (782, 127, 1599.97),
    (782, 130, 1197.0),
    (782, 140, 1638.0),
    (782, 145, 1574.9),
    (782, 148, 1526.9),
    (782, 155, 1498.1),
    (782, 158, 1584.03),
    (782, 159, 1600.5),
    (815, 94, 1727.35),
    (815, 103, 1364.6),
    (815, 109, 1669.0),
    (815, 114, 1665.0),
    (815, 115, 1591.7),
    (815, 123, 1573.77),
    (815, 126, 1592.0),
    (815, 127, 1573.22),
    (815, 130, 1224.89),
    (815, 140, 1667.0),
    (815, 145, 1585.4),
    (815, 155, 1510.8),
    (815, 158, 1586.0),
    (815, 159, 1631.8),
    (504, 95, 1591.2),
    (803, 97, 1628.0),
    (803, 100, 1279.28),
    (803, 116, 1739.0),
    (803, 132, 1246.06),
    (803, 143, 1684.356),
    (803, 146, 1584.26),
    (851, 97, 1634.0),
    (851, 100, 1248.73),
    (851, 105, 639.0),
    (851, 107, 1466.75),
    (851, 113, 1643.27),
    (851, 143, 1691.48),
    (851, 146, 1613.48),
    (851, 152, 1662.89),
    (851, 156, 1642.97),
    (851, 158, 1659.81),
    (857, 97, 1532.0),
    (857, 100, 1231.58),
    (857, 105, 630.0),
    (857, 107, 1410.33),
    (857, 113, 1592.78),
    (857, 116, 1645.23),
    (857, 121, 1606.7),
    (857, 125, 1597.32),
    (857, 127, 1557.04),
    (857, 128, 1587.05),
    (857, 132, 1238.87),
    (857, 142, 1565.76),
    (857, 143, 1632.677),
    (857, 146, 1544.58),
    (857, 152, 1593.46),
    (857, 156, 1560.72),
    (857, 158, 1583.0),
    (884, 97, 1551.0),
    (884, 100, 1216.57),
    (884, 105, 618.0),
    (884, 107, 1409.74),
    (884, 113, 1566.13),
    (884, 116, 1571.6),
    (884, 121, 1569.6),
    (884, 125, 1546.19),
    (884, 127, 1525.46),
    (884, 128, 1577.66),
    (884, 132, 1207.97),
    (884, 142, 1549.81),
    (884, 143, 1682.596),
    (884, 146, 1540.17),
    (884, 152, 1594.55),
    (884, 156, 1558.83),
    (884, 158, 1569.04),
    (884, 159, 1665.3),
    (917, 97, 1635.0),
    (917, 100, 1274.63),
    (917, 105, 650.0),
    (917, 107, 1480.35),
    (917, 113, 1632.53),
    (917, 116, 1686.56),
    (917, 121, 1695.1),
    (917, 125, 1689.74),
    (917, 142, 1676.35),
    (917, 143, 1784.461),
    (917, 146, 1661.1),
    (917, 156, 1777.01),
    (823, 98, 1688.0),
    (823, 106, 1649.2),
    (823, 110, 1711.57),
    (823, 113, 1662.32),
    (823, 118, 1640.0),
    (823, 125, 1631.84),
    (823, 127, 1624.64),
    (823, 129, 1699.9),
    (823, 136, 1646.7),
    (823, 146, 1597.13),
    (823, 152, 1671.72),
    (823, 156, 1649.96),
    (823, 158, 1692.5),
    (828, 98, 1687.0),
    (828, 100, 1318.99),
    (828, 106, 1706.7),
    (828, 110, 1802.34),
    (828, 113, 1742.3),
    (828, 118, 1727.0),
    (828, 125, 1745.9),
    (828, 127, 1778.56),
    (828, 129, 1782.5),
    (828, 136, 1702.1),
    (828, 146, 1712.24),
    (828, 152, 1714.99),
    (828, 156, 1702.11),
    (865, 98, 1570.0),
    (865, 100, 1234.49),
    (865, 106, 1626.3),
    (865, 110, 1664.26),
    (865, 113, 1589.24),
    (865, 118, 1648.0),
    (865, 125, 1614.07),
    (865, 127, 1636.3),
    (865, 129, 1733.8),
    (865, 136, 1708.4),
    (865, 146, 1590.78),
    (865, 152, 1662.44),
    (865, 156, 1664.74),
    (865, 158, 1633.06),
    (947, 98, 1627.0),
    (947, 100, 1258.25),
    (947, 106, 1672.7),
    (947, 110, 1704.92),
    (947, 113, 1642.02),
    (947, 118, 1665.0),
    (947, 125, 1644.26),
    (947, 127, 1628.19),
    (947, 129, 1682.0),
    (947, 136, 1830.5),
    (947, 146, 1576.07),
    (947, 152, 1667.52),
    (947, 156, 1662.17),
    (947, 158, 1761.99),
    (662, 99, 2067.6),
    (671, 99, 2020.0),
    (671, 104, 1990.18),
    (730, 99, 1741.0),
    (730, 104, 1725.91),
    (783, 99, 1798.1),
    (783, 112, 1685.7),
    (783, 117, 1743.16),
    (783, 124, 1722.6),
    (817, 99, 1987.9),
    (817, 104, 1819.38),
    (817, 112, 1769.3),
    (817, 124, 1863.87),
    (826, 99, 1867.2),
    (826, 104, 1784.6),
    (826, 112, 1703.6),
    (826, 117, 1745.03),
    (826, 124, 1707.9),
    (826, 137, 1654.8),
    (826, 139, 1628.9),
    (826, 147, 1634.67),
    (826, 151, 1705.95),
    (826, 157, 1620.62),
    (826, 158, 1661.34),
    (839, 99, 1813.6),
    (839, 104, 1773.54),
    (839, 112, 1731.2),
    (839, 117, 1712.22),
    (839, 124, 1791.87),
    (839, 135, 1386.0),
    (839, 139, 1662.7),
    (839, 147, 1698.58),
    (839, 151, 1859.36),
    (839, 157, 1686.25),
    (839, 158, 1685.89),
    (846, 99, 1925.3),
    (846, 112, 1816.1),
    (846, 117, 1963.08),
    (846, 135, 1394.0),
    (846, 157, 1918.01),
    (847, 99, 1833.6),
    (847, 104, 1746.39),
    (847, 112, 1661.1),
    (847, 117, 1729.97),
    (847, 124, 1677.01),
    (847, 137, 1647.0),
    (847, 147, 1598.65),
    (847, 151, 1655.44),
    (847, 157, 1588.9),
    (847, 158, 1634.77),
    (852, 99, 1742.2),
    (852, 104, 1704.85),
    (852, 112, 1643.1),
    (852, 117, 1637.39),
    (852, 124, 1654.11),
    (852, 127, 1609.05),
    (852, 135, 1320.0),
    (852, 142, 1659.14),
    (852, 147, 1702.72),
    (852, 151, 1785.84),
    (852, 157, 1654.36),
    (852, 158, 1717.43),
    (863, 99, 1880.1),
    (863, 104, 1818.32),
    (863, 112, 1701.1),
    (863, 117, 1763.04),
    (863, 124, 1674.32),
    (863, 137, 1644.8),
    (863, 139, 1616.5),
    (863, 147, 1611.34),
    (863, 151, 1744.76),
    (863, 157, 1648.61),
    (871, 99, 1939.1),
    (871, 112, 1778.1),
    (871, 117, 1804.71),
    (871, 124, 1783.64),
    (871, 135, 1370.0),
    (871, 139, 1772.1),
    (871, 147, 1767.92),
    (871, 157, 1804.35),
    (871, 158, 1786.96),
    (876, 99, 1895.3),
    (876, 117, 1834.8),
    (876, 124, 1846.69),
    (876, 127, 1761.98),
    (876, 138, 1626.57),
    (876, 147, 1773.88),
    (876, 151, 1939.87),
    (876, 157, 1780.78),
    (876, 158, 1769.9),
    (879, 99, 1752.2),
    (879, 104, 1720.26),
    (879, 112, 1649.7),
    (879, 117, 1738.69),
    (879, 124, 1739.56),
    (879, 142, 1772.69),
    (879, 147, 1835.84),
    (882, 99, 1833.9),
    (882, 104, 1787.04),
    (882, 112, 1711.0),
    (882, 117, 1771.75),
    (882, 124, 1784.29),
    (882, 137, 1696.6),
    (882, 139, 1691.3),
    (882, 147, 1667.81),
    (882, 157, 1735.57),
    (886, 99, 2273.1),
    (886, 112, 2047.4),
    (886, 117, 2153.12),
    (886, 124, 2017.02),
    (886, 135, 1460.0),
    (886, 139, 1866.8),
    (886, 147, 1951.04),
    (886, 151, 1936.3),
    (886, 157, 1870.11),
    (886, 158, 1876.39),
    (889, 99, 1605.5),
    (889, 104, 1604.83),
    (889, 112, 1513.4),
    (889, 117, 1571.26),
    (889, 124, 1543.15),
    (889, 127, 1508.47),
    (889, 128, 1547.89),
    (889, 135, 1143.0),
    (889, 142, 1495.17),
    (889, 147, 1540.1),
    (889, 151, 1578.06),
    (889, 157, 1524.47),
    (889, 158, 1526.81),
    (889, 159, 1568.4),
    (895, 99, 1728.3),
    (895, 104, 1818.83),
    (895, 112, 1752.3),
    (895, 117, 1835.37),
    (895, 124, 1759.26),
    (904, 99, 2060.5),
    (904, 104, 1881.52),
    (904, 112, 1745.9),
    (904, 117, 1829.36),
    (904, 124, 1775.01),
    (907, 99, 1780.9),
    (907, 104, 1766.23),
    (907, 112, 1688.3),
    (907, 117, 1738.16),
    (907, 124, 1686.62),
    (907, 127, 1607.1),
    (914, 99, 2374.3),
    (914, 112, 2212.5),
    (914, 117, 2196.74),
    (914, 135, 1579.0),
    (914, 139, 2071.1),
    (914, 157, 2125.22),
    (927, 99, 1818.0),
    (927, 104, 1782.0),
    (927, 112, 1728.6),
    (927, 117, 1771.08),
    (927, 124, 1748.63),
    (928, 99, 1959.6),
    (928, 104, 1879.11),
    (929, 99, 1762.6),
    (929, 112, 1693.6),
    (929, 117, 1752.44),
    (929, 124, 1736.1),
    (929, 139, 1734.5),
    (929, 151, 1923.25),
    (929, 157, 1744.75),
    (934, 99, 1945.1),
    (934, 112, 1831.1),
    (934, 117, 1849.43),
    (934, 124, 1792.61),
    (934, 135, 1493.0),
    (934, 139, 1963.0),
    (934, 151, 2069.1),
    (934, 157, 1891.88),
    (797, 100, 1229.67),
    (797, 106, 1623.9),
    (797, 107, 1435.84),
    (797, 113, 1600.71),
    (797, 116, 1609.72),
    (797, 118, 1579.0),
    (797, 125, 1555.28),
    (797, 127, 1584.53),
    (797, 131, 1653.7),
    (797, 136, 1615.1),
    (797, 142, 1607.63),
    (797, 146, 1597.81),
    (797, 149, 1630.59),
    (797, 152, 1658.06),
    (797, 156, 1634.1),
    (816, 100, 1542.05),
    (816, 106, 2061.8),
    (816, 113, 1963.77),
    (816, 121, 1985.7),
    (820, 100, 1364.83),
    (820, 106, 1764.4),
    (820, 113, 1805.05),
    (820, 121, 1915.1),
    (820, 125, 1813.26),
    (820, 136, 1932.4),
    (820, 143, 2048.222),
    (820, 152, 2053.76),
    (824, 100, 1258.88),
    (824, 106, 1645.6),
    (824, 107, 1476.82),
    (824, 113, 1659.74),
    (824, 116, 1678.16),
    (824, 118, 1641.0),
    (824, 125, 1639.3),
    (824, 131, 1650.7),
    (824, 136, 1629.4),
    (824, 142, 1615.65),
    (824, 146, 1631.13),
    (824, 149, 1644.55),
    (824, 152, 1674.42),
    (824, 156, 1638.8),
    (827, 100, 1249.89),
    (827, 106, 1655.8),
    (827, 107, 1487.24),
    (827, 113, 1862.96),
    (827, 116, 1685.67),
    (827, 118, 1635.0),
    (827, 125, 1690.27),
    (827, 136, 1752.4),
    (827, 142, 1654.0),
    (827, 146, 1630.22),
    (827, 149, 1684.76),
    (827, 152, 1741.51),
    (827, 156, 1672.65),
    (832, 100, 1352.73),
    (832, 106, 1743.9),
    (832, 113, 1769.97),
    (832, 121, 1756.6),
    (832, 125, 1746.66),
    (832, 136, 1706.2),
    (832, 143, 1750.672),
    (832, 146, 1682.0),
    (832, 152, 1758.52),
    (832, 156, 1684.4),
    (835, 100, 1235.82),
    (835, 106, 1629.4),
    (835, 107, 1473.68),
    (835, 113, 1688.38),
    (835, 116, 1697.29),
    (835, 118, 1640.0),
    (835, 125, 1730.01),
    (835, 131, 1728.8),
    (835, 136, 1627.7),
    (835, 149, 1663.74),
    (835, 152, 1690.26),
    (835, 156, 1663.03),
    (850, 100, 1392.19),
    (850, 107, 1574.69),
    (850, 113, 1783.16),
    (850, 125, 1790.23),
    (850, 136, 1926.6),
    (850, 149, 1723.99),
    (850, 150, 1383.99),
    (850, 156, 1707.56),
    (850, 158, 1828.22),
    (853, 100, 1499.33),
    (853, 107, 1746.27),
    (853, 113, 1977.42),
    (853, 125, 1973.16),
    (853, 127, 1963.23),
    (853, 136, 1982.8),
    (853, 149, 1899.02),
    (853, 150, 1511.35),
    (853, 154, 1896.0),
    (862, 100, 1334.56),
    (862, 106, 1740.5),
    (862, 113, 1671.25),
    (862, 121, 1715.6),
    (862, 136, 1759.6),
    (862, 143, 1771.234),
    (862, 146, 1661.74),
    (862, 152, 1777.15),
    (862, 156, 1693.23),
    (869, 100, 1285.17),
    (869, 107, 1531.14),
    (869, 113, 1718.34),
    (869, 125, 1703.02),
    (869, 127, 1689.57),
    (869, 136, 1640.1),
    (869, 149, 1692.67),
    (869, 150, 1308.74),
    (869, 156, 1674.23),
    (869, 158, 1742.45),
    (900, 100, 1256.55),
    (900, 106, 1651.0),
    (900, 107, 1447.94),
    (900, 113, 1689.35),
    (900, 116, 1669.67),
    (900, 118, 1637.0),
    (900, 125, 1663.0),
    (900, 131, 1787.1),
    (900, 136, 1719.8),
    (900, 142, 1627.72),
    (900, 146, 1697.15),
    (901, 100, 1327.47),
    (901, 106, 1736.0),
    (901, 107, 1507.32),
    (901, 113, 1743.72),
    (901, 116, 1734.78),
    (901, 118, 1717.0),
    (901, 125, 1725.48),
    (901, 131, 1840.1),
    (901, 136, 1802.4),
    (901, 142, 1726.29),
    (901, 146, 1675.09),
    (901, 149, 1801.88),
    (901, 152, 1792.01),
    (901, 156, 1727.36),
    (915, 100, 1460.79),
    (915, 107, 1713.94),
    (915, 113, 1891.11),
    (915, 125, 1876.47),
    (915, 127, 1874.74),
    (923, 100, 1370.52),
    (923, 107, 1584.94),
    (937, 100, 1419.77),
    (937, 106, 1819.7),
    (937, 113, 1864.61),
    (937, 121, 1874.2),
    (937, 136, 2055.5),
    (937, 143, 2188.666),
    (940, 100, 1415.14),
    (940, 105, 686.0),
    (940, 107, 1592.6),
    (940, 113, 1809.17),
    (940, 116, 1789.35),
    (940, 121, 1829.3),
    (873, 101, 1804.1),
    (873, 108, 1741.0),
    (873, 113, 1796.17),
    (873, 116, 1823.86),
    (873, 118, 1792.0),
    (873, 125, 1781.66),
    (873, 127, 1729.87),
    (873, 131, 1819.3),
    (873, 142, 1711.04),
    (873, 146, 1701.21),
    (873, 149, 1731.32),
    (873, 152, 1800.3),
    (873, 156, 1808.67),
    (875, 101, 1957.7),
    (875, 106, 1918.9),
    (875, 118, 1857.0),
    (913, 101, 2036.6),
    (913, 108, 1856.0),
    (913, 116, 1910.29),
    (913, 118, 1895.0),
    (926, 101, 1665.1),
    (926, 106, 1598.9),
    (926, 113, 1600.34),
    (926, 118, 1624.0),
    (926, 125, 1582.12),
    (926, 127, 1605.76),
    (926, 129, 1615.1),
    (926, 136, 1575.9),
    (926, 142, 1540.16),
    (926, 152, 1674.61),
    (926, 156, 1569.1),
    (926, 158, 1641.27),
    (935, 101, 1954.9),
    (935, 108, 1837.0),
    (935, 113, 1840.06),
    (935, 116, 1934.66),
    (935, 118, 2077.0),
    (938, 101, 1957.0),
    (938, 108, 1775.0),
    (938, 113, 1803.89),
    (938, 116, 1825.65),
    (938, 118, 1802.0),
    (938, 131, 1793.8),
    (938, 142, 1656.44),
    (938, 146, 1641.38),
    (938, 149, 1732.45),
    (938, 152, 1779.5),
    (938, 156, 1665.09),
    (942, 101, 1915.0),
    (942, 108, 1757.0),
    (942, 113, 1798.91),
    (942, 116, 1812.58),
    (942, 118, 1797.0),
    (942, 125, 1797.62),
    (945, 101, 1707.8),
    (945, 108, 1588.0),
    (945, 113, 1643.84),
    (945, 118, 1679.0),
    (945, 125, 1646.28),
    (945, 127, 1683.0),
    (945, 131, 1731.2),
    (945, 142, 1622.43),
    (945, 146, 1587.14),
    (945, 152, 1695.16),
    (945, 156, 1704.55),
    (834, 102, 1236.0),
    (834, 103, 1350.3),
    (834, 109, 1669.0),
    (834, 114, 1678.0),
    (834, 115, 1608.3),
    (834, 123, 1557.66),
    (834, 126, 1575.0),
    (834, 127, 1527.69),
    (834, 128, 1560.34),
    (834, 130, 1157.05),
    (834, 140, 1554.0),
    (834, 145, 1528.6),
    (834, 148, 1504.12),
    (834, 155, 1469.6),
    (834, 158, 1526.65),
    (834, 159, 1554.7),
    (856, 102, 1342.0),
    (856, 109, 1796.0),
    (856, 114, 1793.0),
    (856, 115, 1709.6),
    (856, 123, 1644.1),
    (856, 126, 1692.0),
    (856, 127, 1644.47),
    (856, 130, 1354.06),
    (856, 140, 1737.0),
    (856, 145, 1662.2),
    (856, 148, 1624.61),
    (856, 155, 1626.3),
    (856, 158, 1662.56),
    (856, 159, 1692.6),
    (861, 102, 1338.0),
    (861, 140, 1761.0),
    (861, 145, 1667.5),
    (866, 102, 1308.0),
    (866, 103, 1378.4),
    (866, 109, 1751.0),
    (866, 114, 1741.0),
    (866, 115, 1642.4),
    (866, 123, 1606.59),
    (866, 126, 1632.0),
    (866, 127, 1588.04),
    (866, 130, 1247.7),
    (866, 140, 1687.0),
    (866, 145, 1612.5),
    (866, 148, 1558.58),
    (866, 155, 1560.9),
    (866, 158, 1619.87),
    (866, 159, 1698.9),
    (930, 102, 1351.0),
    (930, 103, 1451.2),
    (930, 109, 1800.0),
    (930, 114, 1776.0),
    (930, 115, 1681.3),
    (930, 123, 1664.97),
    (930, 126, 1704.0),
    (930, 127, 1661.33),
    (941, 102, 1398.0),
    (941, 103, 1489.8),
    (941, 109, 1840.0),
    (941, 114, 1898.0),
    (941, 115, 1777.5),
    (941, 123, 1732.37),
    (948, 102, 1329.0),
    (948, 103, 1441.7),
    (948, 109, 1791.0),
    (948, 115, 1734.7),
    (948, 123, 1676.79),
    (948, 130, 1272.65),
    (948, 140, 1721.0),
    (948, 145, 1622.4),
    (948, 148, 1588.36),
    (948, 155, 1515.6),
    (948, 158, 1618.74),
    (948, 159, 1653.7),
    (762, 103, 1581.6),
    (762, 109, 1813.0),
    (762, 114, 2001.0),
    (762, 115, 1827.3),
    (762, 123, 1747.94),
    (762, 140, 1817.0),
    (762, 145, 1724.7),
    (762, 148, 1729.6),
    (769, 103, 1402.7),
    (769, 114, 1664.0),
    (769, 115, 1635.2),
    (769, 123, 1591.61),
    (769, 126, 1624.0),
    (769, 127, 1569.43),
    (769, 130, 1221.38),
    (769, 140, 1665.0),
    (769, 145, 1590.6),
    (899, 103, 1439.5),
    (899, 109, 1820.0),
    (899, 115, 1753.7),
    (899, 123, 1660.6),
    (899, 126, 1826.0),
    (899, 130, 1578.55),
    (899, 140, 1766.0),
    (932, 103, 1584.4),
    (932, 115, 1787.8),
    (932, 123, 1742.38),
    (932, 140, 1925.0),
    (932, 145, 1778.4),
    (932, 148, 1759.75),
    (589, 104, 1999.79),
    (589, 112, 1905.2),
    (589, 127, 1892.77),
    (681, 104, 1868.12),
    (681, 117, 1869.09),
    (681, 124, 1812.72),
    (681, 127, 1780.85),
    (708, 104, 1854.81),
    (708, 112, 1785.5),
    (708, 117, 1798.78),
    (708, 124, 1828.54),
    (712, 104, 1873.42),
    (712, 117, 1826.55),
    (712, 124, 1757.86),
    (742, 104, 1715.12),
    (742, 117, 1689.86),
    (742, 124, 1658.85),
    (755, 104, 1870.1),
    (755, 117, 1809.02),
    (755, 124, 1780.22),
    (755, 127, 1730.91),
    (770, 104, 2020.07),
    (770, 112, 1922.0),
    (770, 117, 2017.72),
    (770, 124, 1934.0),
    (770, 151, 2029.43),
    (770, 157, 1980.87),
    (819, 104, 2130.39),
    (819, 112, 2070.2),
    (819, 117, 2059.46),
    (819, 124, 2050.37),
    (819, 127, 1937.41),
    (821, 104, 1712.0),
    (821, 117, 1722.71),
    (821, 124, 1746.18),
    (821, 133, 1685.5),
    (821, 142, 1596.2),
    (821, 147, 1631.92),
    (821, 151, 1670.88),
    (821, 157, 1645.11),
    (821, 158, 1778.48),
    (825, 104, 1785.06),
    (825, 111, 1725.0),
    (825, 117, 1713.04),
    (825, 124, 1662.76),
    (825, 127, 1605.79),
    (825, 133, 1816.1),
    (825, 135, 1245.0),
    (825, 147, 1629.07),
    (825, 151, 1703.33),
    (825, 157, 1642.02),
    (825, 158, 1656.53),
    (837, 104, 2385.36),
    (837, 112, 2114.3),
    (837, 135, 1945.0),
    (837, 141, 2198.0),
    (838, 104, 1774.14),
    (838, 117, 1704.93),
    (838, 124, 1692.5),
    (838, 133, 1737.0),
    (838, 142, 1651.65),
    (838, 147, 1690.89),
    (838, 151, 1774.21),
    (838, 157, 1729.83),
    (838, 158, 1741.06),
    (840, 104, 1762.53),
    (840, 124, 1797.92),
    (840, 133, 1780.6),
    (845, 104, 1654.82),
    (845, 112, 1576.6),
    (845, 113, 1565.7),
    (845, 117, 1642.37),
    (845, 124, 1587.14),
    (845, 127, 1544.17),
    (845, 128, 1572.07),
    (845, 139, 1655.6),
    (845, 147, 1652.95),
    (845, 151, 1686.98),
    (845, 157, 1632.6),
    (848, 104, 1802.31),
    (848, 112, 1700.8),
    (848, 127, 1823.6),
    (848, 135, 1317.0),
    (848, 141, 1831.0),
    (848, 147, 1754.25),
    (848, 153, 1701.0),
    (848, 158, 1739.56),
    (859, 104, 1818.62),
    (859, 112, 1775.9),
    (859, 113, 1722.44),
    (859, 117, 1857.17),
    (859, 124, 1806.66),
    (859, 139, 1823.7),
    (859, 147, 1837.06),
    (859, 157, 1908.3),
    (885, 104, 1736.33),
    (885, 112, 1652.4),
    (885, 113, 1678.28),
    (885, 117, 1749.18),
    (885, 124, 1757.18),
    (885, 151, 1777.6),
    (890, 104, 1817.33),
    (890, 117, 1859.87),
    (890, 124, 1820.89),
    (894, 104, 1787.21),
    (894, 117, 1853.83),
    (894, 124, 1826.89),
    (894, 133, 1794.2),
    (894, 142, 1673.16),
    (894, 147, 1723.38),
    (894, 151, 1801.18),
    (894, 157, 1793.56),
    (894, 158, 1863.73),
    (896, 104, 2021.09),
    (897, 104, 1726.2),
    (897, 117, 1709.78),
    (897, 124, 1698.96),
    (897, 133, 1739.4),
    (897, 142, 1589.89),
    (897, 147, 1675.49),
    (897, 151, 1899.55),
    (897, 157, 1769.18),
    (903, 104, 1992.34),
    (903, 112, 1806.3),
    (903, 117, 1782.08),
    (903, 124, 1736.17),
    (903, 127, 1655.96),
    (903, 147, 1673.01),
    (903, 151, 1717.79),
    (903, 157, 1655.1),
    (903, 158, 1684.47),
    (906, 104, 1704.79),
    (906, 111, 1724.0),
    (906, 117, 1821.95),
    (906, 124, 1714.38),
    (906, 127, 1652.81),
    (906, 133, 1862.6),
    (906, 135, 1356.0),
    (906, 147, 1689.22),
    (906, 151, 1794.17),
    (906, 157, 1699.25),
    (906, 158, 1727.01),
    (908, 104, 2027.35),
    (908, 112, 1873.8),
    (908, 127, 1855.28),
    (908, 135, 1579.0),
    (908, 141, 2383.0),
    (908, 147, 2079.13),
    (908, 153, 1909.0),
    (911, 104, 1854.76),
    (911, 112, 1803.1),
    (911, 117, 1832.89),
    (911, 124, 1878.24),
    (911, 139, 1847.4),
    (911, 147, 1903.42),
    (911, 151, 1906.23),
    (911, 157, 1898.97),
    (924, 104, 1861.85),
    (924, 112, 1866.1),
    (924, 117, 1927.25),
    (924, 124, 1827.72),
    (931, 104, 1730.42),
    (931, 112, 1682.3),
    (931, 117, 1704.12),
    (931, 124, 1689.69),
    (931, 127, 1615.51),
    (931, 137, 1649.7),
    (931, 139, 1628.2),
    (931, 147, 1640.22),
    (931, 151, 1736.44),
    (931, 157, 1610.1),
    (931, 158, 1620.96),
    (936, 104, 1875.24),
    (936, 117, 1833.3),
    (936, 124, 1769.01),
    (936, 157, 1849.02),
    (939, 104, 2005.03),
    (939, 112, 1931.4),
    (939, 127, 1843.03),
    (652, 106, 2479.7),
    (652, 121, 2138.8),
    (881, 106, 1771.9),
    (881, 116, 1811.23),
    (881, 118, 1731.0),
    (844, 107, 1366.06),
    (844, 113, 1539.88),
    (844, 119, 1270.84),
    (844, 125, 1554.34),
    (844, 127, 1542.47),
    (844, 128, 1556.21),
    (844, 138, 1373.42),
    (844, 146, 1485.35),
    (844, 150, 1226.91),
    (844, 156, 1521.38),
    (844, 158, 1576.52),
    (844, 159, 1614.7),
    (854, 107, 1402.83),
    (854, 113, 1596.93),
    (854, 119, 1272.39),
    (854, 125, 1574.62),
    (854, 134, 1667.0),
    (854, 138, 1438.36),
    (854, 146, 1543.44),
    (854, 150, 1239.13),
    (854, 156, 1603.73),
    (854, 159, 1635.6),
    (855, 107, 1445.52),
    (855, 113, 1620.45),
    (855, 122, 1597.0),
    (855, 134, 1646.0),
    (855, 138, 1470.54),
    (855, 146, 1586.47),
    (855, 150, 1298.39),
    (855, 154, 1672.0),
    (872, 107, 1589.36),
    (872, 113, 1753.1),
    (872, 119, 1385.35),
    (872, 122, 1659.0),
    (872, 138, 1588.24),
    (872, 146, 1660.7),
    (872, 150, 1377.59),
    (872, 154, 1704.0),
    (883, 107, 1404.37),
    (883, 113, 1598.43),
    (883, 119, 1254.91),
    (883, 125, 1568.09),
    (883, 127, 1559.84),
    (883, 128, 1571.44),
    (883, 134, 1581.0),
    (883, 138, 1406.04),
    (883, 146, 1528.95),
    (898, 107, 1597.64),
    (898, 113, 1753.71),
    (898, 122, 1728.0),
    (898, 138, 1652.23),
    (898, 146, 1799.4),
    (898, 150, 1427.19),
    (898, 154, 1791.0),
    (841, 110, 1870.15),
    (841, 113, 1822.57),
    (841, 118, 1784.0),
    (902, 112, 1828.8),
    (902, 117, 1730.49),
    (902, 124, 1694.79),
    (918, 112, 1828.4),
    (918, 117, 1788.99),
    (918, 124, 1766.25),
    (918, 151, 1945.71),
    (918, 157, 1768.47),
    (674, 113, 1746.27),
    (674, 136, 1942.3),
    (674, 138, 1621.53),
    (674, 146, 1673.93),
    (674, 156, 1740.58),
    (843, 113, 1680.46),
    (843, 118, 1689.0),
    (843, 125, 1751.58),
    (843, 136, 1723.3),
    (843, 138, 1539.89),
    (843, 146, 1636.32),
    (843, 156, 1744.88),
    (910, 113, 1660.41),
    (910, 119, 1290.02),
    (910, 122, 1585.0),
    (910, 134, 1657.0),
    (910, 138, 1468.77),
    (910, 146, 1597.5),
    (943, 113, 1797.45),
    (943, 118, 1720.0),
    (943, 125, 1680.86),
    (943, 129, 1644.1),
    (943, 136, 1632.9),
    (943, 146, 1582.99),
    (943, 156, 1679.59),
    (943, 158, 1689.76),
    (842, 114, 1930.0),
    (842, 123, 1743.11),
    (842, 130, 1329.53),
    (842, 140, 1725.0),
    (842, 145, 1635.7),
    (842, 155, 1606.0),
    (877, 116, 1827.05),
    (877, 118, 1850.0),
    (877, 125, 1837.01),
    (731, 117, 2269.5),
    (731, 124, 2086.29),
    (864, 117, 1984.21),
    (864, 124, 1927.35),
    (864, 127, 1780.49),
    (864, 133, 1943.2),
    (864, 147, 1764.05),
    (864, 151, 1863.15),
    (864, 157, 1742.18),
    (864, 158, 1754.12),
    (878, 117, 1763.97),
    (878, 124, 1690.1),
    (912, 117, 1883.73),
    (921, 117, 2124.46),
    (921, 124, 2086.64),
    (933, 117, 1817.68),
    (933, 124, 1750.81),
    (933, 127, 1715.55),
    (933, 133, 1748.2),
    (933, 147, 1726.19),
    (933, 151, 1898.23),
    (933, 157, 1695.7),
    (933, 158, 1707.95),
    (949, 117, 1855.0),
    (949, 124, 2409.71),
    (831, 118, 1771.0),
    (831, 125, 1764.75),
    (831, 127, 1799.41),
    (849, 118, 1708.0),
    (849, 125, 1704.88),
    (849, 127, 1721.66),
    (891, 118, 1753.0),
    (891, 125, 1771.45),
    (891, 127, 1735.57),
    (670, 124, 1820.66),
    (979, 129, 1798.6),
    (979, 136, 1876.1),
    (979, 142, 1742.99),
    (979, 146, 1755.82),
    (979, 152, 1813.35),
    (979, 156, 1751.55),
    (979, 158, 1782.24),
    (1032, 129, 1843.7),
    (1032, 136, 1744.7),
    (1032, 142, 1732.98),
    (1032, 146, 1702.91),
    (1032, 152, 1774.76),
    (1032, 156, 1754.85),
    (1032, 158, 1796.83),
    (1035, 129, 1704.4),
    (1035, 136, 1658.7),
    (1035, 142, 1620.31),
    (1035, 146, 1627.32),
    (1035, 152, 1728.16),
    (1035, 156, 1671.59),
    (1035, 158, 1675.69),
    (960, 130, 1310.43),
    (960, 148, 1751.06),
    (973, 130, 1287.94),
    (973, 140, 1925.0),
    (973, 145, 1755.8),
    (973, 148, 1682.87),
    (973, 155, 1669.7),
    (975, 130, 1408.98),
    (983, 130, 1286.65),
    (983, 140, 1755.0),
    (983, 145, 1680.9),
    (983, 148, 1673.14),
    (1042, 130, 1247.12),
    (1042, 140, 1717.0),
    (1042, 145, 1659.0),
    (1042, 148, 1594.32),
    (1042, 155, 1647.2),
    (1042, 158, 1725.71),
    (1042, 159, 1771.2),
    (1047, 130, 1364.79),
    (1047, 140, 1787.0),
    (1047, 148, 1683.76),
    (836, 131, 1887.6),
    (880, 131, 2052.5),
    (880, 142, 1923.91),
    (880, 146, 1832.52),
    (880, 149, 1876.24),
    (880, 152, 1931.81),
    (892, 131, 1948.3),
    (892, 142, 1976.18),
    (892, 146, 1879.73),
    (892, 149, 1949.25),
    (892, 152, 1969.62),
    (909, 131, 2091.9),
    (909, 142, 2078.19),
    (909, 152, 2154.04),
    (951, 131, 1773.7),
    (951, 136, 1749.3),
    (951, 142, 1713.83),
    (951, 146, 1672.28),
    (951, 149, 1739.86),
    (951, 152, 1764.68),
    (951, 156, 1775.21),
    (965, 131, 1987.7),
    (965, 142, 1889.21),
    (965, 146, 1824.6),
    (965, 149, 1875.26),
    (965, 152, 1857.75),
    (987, 131, 1724.5),
    (987, 136, 1728.4),
    (987, 142, 1675.04),
    (987, 146, 1671.0),
    (987, 149, 1710.18),
    (987, 152, 1751.09),
    (987, 156, 1710.31),
    (997, 131, 2085.9),
    (997, 142, 1974.35),
    (997, 146, 1982.8),
    (997, 149, 2011.7),
    (997, 152, 2100.64),
    (998, 131, 1720.2),
    (998, 142, 1682.84),
    (998, 149, 1782.2),
    (998, 152, 1746.52),
    (998, 156, 1749.47),
    (1020, 131, 1746.8),
    (1020, 136, 1756.3),
    (1020, 142, 1681.72),
    (1020, 149, 1808.09),
    (1020, 152, 1799.9),
    (1020, 156, 1777.38),
    (957, 132, 1217.66),
    (957, 142, 1561.3),
    (957, 143, 1649.039),
    (957, 146, 1541.85),
    (957, 152, 1622.57),
    (957, 156, 1610.68),
    (957, 158, 1628.8),
    (1010, 132, 1261.28),
    (1010, 136, 1683.1),
    (1010, 143, 1695.128),
    (1010, 146, 1625.83),
    (1010, 152, 1727.5),
    (1022, 132, 1229.21),
    (1022, 136, 1614.3),
    (1022, 146, 1572.41),
    (1022, 156, 1627.11),
    (1022, 158, 1707.03),
    (1025, 132, 1248.49),
    (1025, 136, 1660.7),
    (1025, 143, 1640.581),
    (1025, 146, 1559.09),
    (1025, 152, 1612.34),
    (1025, 156, 1563.2),
    (1025, 158, 1687.99),
    (1043, 132, 1199.79),
    (1043, 136, 1624.9),
    (1043, 143, 1673.467),
    (1043, 146, 1588.47),
    (1043, 152, 1723.6),
    (1043, 156, 1638.41),
    (1043, 158, 1669.43),
    (751, 133, 1944.5),
    (751, 147, 1778.25),
    (751, 151, 1895.96),
    (751, 157, 1752.74),
    (922, 133, 1711.0),
    (922, 138, 1497.97),
    (922, 147, 1662.57),
    (922, 151, 1834.54),
    (922, 157, 1669.02),
    (922, 158, 1724.01),
    (964, 133, 1752.7),
    (964, 147, 1685.39),
    (964, 151, 1774.62),
    (964, 157, 1694.33),
    (964, 158, 1697.58),
    (982, 133, 1812.3),
    (982, 147, 1718.5),
    (982, 151, 1773.52),
    (982, 157, 1692.64),
    (982, 158, 1735.1),
    (999, 133, 1741.4),
    (999, 147, 1692.26),
    (999, 151, 1746.39),
    (999, 157, 1670.19),
    (999, 158, 1734.66),
    (1030, 133, 1758.2),
    (1034, 133, 1832.6),
    (1034, 138, 1639.98),
    (1034, 147, 1851.52),
    (1038, 133, 1771.2),
    (1038, 147, 1665.65),
    (1038, 151, 1782.14),
    (1038, 157, 1679.98),
    (1038, 158, 1690.74),
    (1041, 133, 1842.4),
    (1041, 147, 1726.69),
    (1041, 151, 1854.46),
    (1041, 157, 1783.68),
    (1041, 158, 1792.6),
    (954, 134, 1581.0),
    (954, 138, 1398.55),
    (954, 146, 1522.96),
    (954, 150, 1284.53),
    (954, 156, 1583.94),
    (954, 158, 1666.79),
    (1031, 134, 1640.0),
    (1031, 138, 1454.71),
    (1031, 146, 1580.31),
    (1031, 150, 1303.05),
    (1031, 154, 1585.0),
    (1031, 156, 1618.43),
    (660, 135, 1808.0),
    (660, 147, 2179.25),
    (660, 153, 2135.0),
    (660, 158, 2069.63),
    (867, 135, 1831.0),
    (867, 141, 2248.0),
    (867, 147, 2156.03),
    (867, 153, 2384.0),
    (870, 135, 1464.0),
    (870, 147, 1909.56),
    (870, 151, 2046.16),
    (956, 135, 1340.0),
    (956, 139, 1807.0),
    (956, 147, 1774.61),
    (956, 157, 1768.81),
    (963, 135, 1197.0),
    (963, 139, 1587.4),
    (963, 147, 1606.88),
    (963, 151, 1697.06),
    (963, 157, 1710.24),
    (963, 158, 1704.03),
    (977, 135, 1301.0),
    (977, 139, 1713.5),
    (977, 147, 1667.5),
    (977, 151, 1711.05),
    (977, 157, 1632.85),
    (977, 158, 1624.68),
    (981, 135, 1358.0),
    (981, 141, 1857.0),
    (981, 147, 1758.19),
    (981, 153, 2286.0),
    (981, 158, 1841.04),
    (984, 135, 1397.0),
    (984, 139, 1784.4),
    (984, 147, 1787.04),
    (984, 151, 2005.07),
    (984, 157, 1792.99),
    (992, 135, 1345.0),
    (992, 139, 1838.2),
    (992, 147, 1764.08),
    (992, 151, 2065.33),
    (992, 157, 1807.91),
    (994, 135, 1332.0),
    (994, 142, 1718.86),
    (994, 147, 1795.05),
    (994, 151, 1867.7),
    (994, 157, 1789.28),
    (1004, 135, 1347.0),
    (1004, 139, 1851.6),
    (1004, 147, 1763.03),
    (1004, 151, 1925.37),
    (1004, 157, 1740.32),
    (1004, 158, 1824.94),
    (1006, 135, 1336.0),
    (1006, 147, 1786.97),
    (1006, 151, 1849.52),
    (1006, 157, 1707.07),
    (1006, 158, 1855.38),
    (1007, 135, 1378.0),
    (1007, 141, 1969.0),
    (1007, 147, 1809.15),
    (1007, 153, 1809.0),
    (1007, 158, 1944.41),
    (1028, 135, 1408.0),
    (1028, 139, 1887.3),
    (1028, 151, 1984.36),
    (1028, 157, 1901.88),
    (1029, 135, 1220.0),
    (1029, 142, 1619.56),
    (1029, 147, 1639.94),
    (1029, 151, 1706.54),
    (1029, 157, 1737.01),
    (1029, 158, 1856.0),
    (1033, 135, 1757.0),
    (1033, 141, 2333.0),
    (1033, 147, 2141.22),
    (1033, 153, 2088.0),
    (1033, 158, 2108.82),
    (1046, 135, 1535.0),
    (1046, 141, 2080.0),
    (1046, 147, 2040.26),
    (1046, 153, 1979.0),
    (1046, 158, 2038.47),
    (1049, 135, 1299.0),
    (1049, 139, 1738.8),
    (1049, 147, 1760.43),
    (1049, 151, 1871.9),
    (1049, 157, 1756.82),
    (1049, 158, 1751.82),
    (962, 136, 1793.5),
    (962, 138, 1660.64),
    (962, 146, 1683.54),
    (962, 156, 1795.43),
    (968, 136, 1918.1),
    (968, 146, 1842.98),
    (968, 152, 1903.08),
    (968, 156, 1861.34),
    (972, 136, 1719.1),
    (972, 149, 1640.21),
    (972, 150, 1310.01),
    (972, 156, 1641.72),
    (972, 158, 1683.98),
    (980, 136, 1888.4),
    (980, 149, 1750.64),
    (980, 150, 1396.76),
    (980, 156, 1720.32),
    (980, 158, 1759.06),
    (986, 136, 1798.6),
    (986, 143, 1837.351),
    (986, 146, 1735.49),
    (986, 152, 1827.9),
    (1001, 136, 1848.5),
    (1001, 149, 1716.25),
    (1001, 150, 1366.71),
    (1001, 156, 1694.25),
    (1001, 158, 1715.71),
    (1011, 136, 2005.2),
    (1011, 146, 1869.46),
    (1011, 152, 1923.14),
    (1011, 156, 1887.42),
    (1013, 136, 1740.4),
    (1013, 138, 1561.71),
    (1013, 156, 1779.32),
    (1016, 136, 1817.4),
    (1016, 156, 1844.43),
    (1039, 136, 1724.9),
    (1039, 138, 1555.79),
    (1039, 146, 1610.59),
    (1039, 156, 1754.29),
    (811, 137, 1782.0),
    (811, 139, 1670.0),
    (860, 137, 1721.2),
    (860, 139, 1668.0),
    (860, 147, 1682.08),
    (860, 151, 1721.39),
    (860, 157, 1659.89),
    (959, 137, 2185.8),
    (959, 147, 2057.75),
    (959, 157, 2197.62),
    (976, 137, 1732.5),
    (976, 139, 1663.3),
    (976, 147, 1677.54),
    (996, 137, 1656.3),
    (996, 139, 1576.1),
    (996, 147, 1602.46),
    (996, 151, 1677.11),
    (996, 157, 1565.26),
    (996, 158, 1591.81),
    (1014, 137, 1754.5),
    (1014, 139, 1720.1),
    (1026, 137, 1860.7),
    (1026, 139, 1730.4),
    (1026, 147, 1902.08),
    (1026, 151, 2084.44),
    (1026, 157, 1804.68),
    (1027, 137, 2132.2),
    (1027, 139, 2127.3),
    (1027, 151, 2423.22),
    (1027, 157, 2291.76),
    (1036, 137, 1768.6),
    (1036, 139, 1708.5),
    (1036, 147, 1742.63),
    (1036, 151, 1927.89),
    (1036, 157, 1748.8),
    (1044, 137, 1681.7),
    (1044, 139, 1639.9),
    (1044, 147, 1754.94),
    (1048, 137, 2156.0),
    (1048, 139, 1997.5),
    (1048, 147, 2029.88),
    (1048, 151, 2085.99),
    (1048, 157, 2027.42),
    (887, 138, 1569.73),
    (887, 151, 1776.67),
    (887, 157, 1800.24),
    (985, 138, 1499.1),
    (985, 146, 1587.07),
    (985, 150, 1288.67),
    (985, 154, 1618.0),
    (1002, 138, 1685.33),
    (1002, 146, 1818.0),
    (1002, 150, 1492.9),
    (1002, 154, 1802.0),
    (772, 139, 1831.3),
    (830, 139, 1827.9),
    (830, 147, 1801.41),
    (830, 151, 1985.83),
    (830, 157, 1841.31),
    (955, 139, 1644.8),
    (955, 144, 1772.0),
    (955, 151, 1804.27),
    (955, 157, 1728.73),
    (966, 139, 1628.0),
    (966, 144, 1641.0),
    (966, 157, 1678.49),
    (969, 139, 1720.6),
    (969, 147, 1767.29),
    (969, 151, 1885.98),
    (969, 157, 1752.3),
    (971, 139, 1562.5),
    (971, 144, 1607.0),
    (971, 151, 1758.93),
    (971, 157, 1649.02),
    (990, 139, 1663.5),
    (990, 147, 1720.64),
    (1015, 139, 1643.1),
    (1015, 147, 1664.53),
    (1015, 151, 1749.35),
    (1015, 157, 1666.37),
    (1018, 139, 1867.0),
    (1018, 147, 1924.7),
    (1018, 151, 1979.89),
    (1018, 157, 1910.94),
    (1021, 139, 1682.8),
    (1021, 147, 1684.33),
    (1021, 151, 1780.64),
    (1021, 157, 1683.69),
    (1024, 139, 1595.6),
    (1024, 144, 1615.0),
    (1040, 139, 1526.4),
    (1040, 144, 1528.0),
    (1040, 157, 1569.73),
    (1040, 158, 1576.95),
    (1040, 159, 1620.1),
    (952, 140, 1746.0),
    (952, 148, 1652.89),
    (1019, 140, 1958.0),
    (1045, 140, 2032.0),
    (995, 141, 2642.0),
    (995, 147, 2199.26),
    (995, 153, 2142.0),
    (804, 142, 1679.78),
    (804, 146, 1694.3),
    (804, 152, 1737.96),
    (822, 142, 1923.36),
    (822, 146, 1874.1),
    (822, 149, 1971.54),
    (822, 152, 1969.33),
    (925, 142, 1762.38),
    (925, 143, 1888.138),
    (925, 146, 1743.3),
    (925, 152, 1837.48),
    (974, 142, 1700.88),
    (974, 143, 1790.361),
    (974, 152, 1729.95),
    (974, 156, 1696.57),
    (991, 142, 1685.24),
    (991, 143, 1772.276),
    (991, 146, 1695.33),
    (991, 152, 1748.9),
    (1017, 142, 1885.37),
    (1017, 146, 1876.21),
    (1017, 149, 1889.33),
    (1017, 152, 1995.86),
    (967, 146, 1779.23),
    (967, 150, 1477.51),
    (1009, 146, 1791.55),
    (1009, 150, 1444.64),
    (1009, 154, 1838.0),
    (685, 147, 1709.88),
    (685, 151, 1798.52),
    (685, 157, 1804.75),
    (1008, 147, 1655.87),
    (1008, 151, 1736.82),
    (1008, 157, 1613.16),
    (1008, 158, 1611.25),
    (946, 148, 1897.08),
    (752, 149, 1933.48),
    (752, 150, 1527.11),
    (961, 149, 1717.65),
    (961, 150, 1392.22),
    (961, 156, 1734.09),
    (961, 158, 1913.42),
    (970, 149, 1898.07),
    (970, 150, 1488.14),
    (970, 156, 1904.78),
    (1023, 149, 1810.69),
    (1023, 150, 1428.85),
    (1023, 156, 1767.97),
    (988, 151, 1815.06),
    (988, 157, 1760.03),
    (1051, 160, 1620.63),
    (1051, 162, 1586.1),
    (1051, 164, 1274.5),
    (1051, 168, 1531.92),
    (1087, 160, 1711.84),
    (1087, 162, 1667.2),
    (1087, 163, 1619.0),
    (1087, 166, 1591.3),
    (1089, 160, 1576.86),
    (1089, 163, 1493.0),
    (1089, 164, 1218.6),
    (1089, 166, 1511.7),
    (1089, 168, 1454.45),
    (1102, 160, 1507.24),
    (1102, 162, 1506.1),
    (1102, 163, 1460.0),
    (1102, 164, 1187.2),
    (1102, 166, 1429.3),
    (1102, 168, 1380.09),
    (1102, 169, 1512.43),
    (1106, 160, 1770.18),
    (1106, 162, 1730.1),
    (1106, 166, 1646.9),
    (1110, 160, 1510.13),
    (1110, 162, 1449.3),
    (1110, 163, 1467.0),
    (1110, 164, 1188.45),
    (1110, 166, 1438.8),
    (1110, 168, 1449.45),
    (1110, 184, 1727.0),
    (1111, 160, 1411.88),
    (1111, 164, 1115.55),
    (1111, 168, 1320.52),
    (1111, 169, 1386.58),
    (1111, 170, 1500.0),
    (1117, 160, 1644.84),
    (1117, 162, 1536.1),
    (1117, 163, 1518.0),
    (1117, 164, 1247.15),
    (1117, 166, 1549.9),
    (1119, 160, 1534.48),
    (1119, 162, 1473.7),
    (1119, 163, 1488.0),
    (1119, 164, 1214.45),
    (1119, 166, 1432.1),
    (1119, 168, 1390.91),
    (1119, 169, 1474.13),
    (1121, 160, 1866.72),
    (1121, 162, 1808.2),
    (1121, 166, 1702.8),
    (1121, 184, 2021.0),
    (1138, 160, 1496.85),
    (1138, 163, 1464.0),
    (1138, 164, 1210.8),
    (1138, 166, 1435.1),
    (1138, 168, 1453.2),
    (1138, 169, 1530.13),
    (1138, 171, 1344.0),
    (1138, 172, 1574.0),
    (1138, 179, 1541.5),
    (1138, 182, 1485.11),
    (1138, 184, 1516.0),
    (1138, 186, 1474.55),
    (1138, 188, 1470.0),
    (1146, 160, 1613.42),
    (1146, 162, 1572.0),
    (1146, 163, 1561.0),
    (1146, 166, 1567.1),
    (1152, 160, 1366.08),
    (1152, 162, 1358.5),
    (1152, 163, 1373.0),
    (1152, 164, 1102.1),
    (1152, 168, 1324.39),
    (1152, 169, 1392.88),
    (1152, 171, 1124.0),
    (1152, 172, 1325.0),
    (1152, 179, 1306.5),
    (1152, 181, 1057.8),
    (1152, 182, 1287.39),
    (1152, 184, 1302.0),
    (1152, 186, 1273.77),
    (1152, 188, 1302.85),
    (1152, 189, 1310.5),
    (1152, 210, 1317.0),
    (1171, 160, 1959.04),
    (1171, 162, 1749.2),
    (1171, 164, 1407.1),
    (1171, 171, 1524.0),
    (1171, 172, 1724.0),
    (1171, 179, 1699.4),
    (1171, 181, 1370.6),
    (1171, 184, 1673.0),
    (1171, 186, 1705.62),
    (1171, 210, 1654.0),
    (1176, 160, 1352.27),
    (1176, 162, 1341.0),
    (1176, 163, 1323.0),
    (1176, 164, 1080.8),
    (1176, 166, 1316.6),
    (1176, 168, 1295.26),
    (1176, 169, 1342.98),
    (1176, 170, 1442.0),
    (1176, 171, 1131.0),
    (1176, 172, 1349.0),
    (1176, 179, 1333.9),
    (1176, 181, 1083.3),
    (1176, 184, 1349.0),
    (1176, 186, 1310.81),
    (1176, 188, 1327.75),
    (1176, 189, 1366.8),
    (1176, 205, 1110.76),
    (1176, 208, 1378.14),
    (1176, 210, 1364.0),
    (1176, 217, 1336.95),
    (1178, 160, 1703.06),
    (1178, 162, 1661.5),
    (1178, 163, 1633.0),
    (1178, 166, 1589.4),
    (1178, 171, 1417.0),
    (1178, 172, 1649.0),
    (1178, 179, 1629.1),
    (1178, 182, 1599.15),
    (1178, 184, 1705.0),
    (1187, 160, 1612.36),
    (1187, 162, 1583.5),
    (1187, 163, 1538.0),
    (1187, 164, 1243.7),
    (1187, 166, 1529.0),
    (1187, 171, 1350.0),
    (1187, 172, 1579.0),
    (1187, 181, 1287.4),
    (1187, 191, 1413.6),
    (1187, 194, 1688.9),
    (1187, 208, 1657.0),
    (1187, 210, 1680.0),
    (1205, 160, 1728.05),
    (1205, 166, 1602.7),
    (1205, 171, 1360.0),
    (1205, 172, 1579.0),
    (1205, 179, 1552.3),
    (1205, 181, 1267.3),
    (1205, 182, 1515.11),
    (1205, 184, 1563.0),
    (1205, 186, 1569.6),
    (1205, 188, 1568.55),
    (1205, 191, 1343.0),
    (1205, 194, 1623.2),
    (1205, 199, 1540.6),
    (1205, 205, 1277.9),
    (1205, 208, 1536.16),
    (1205, 210, 1490.0),
    (1205, 217, 1518.94),
    (1205, 219, 1543.65),
    (1219, 160, 1823.14),
    (1219, 162, 1686.8),
    (1219, 166, 1650.8),
    (1219, 171, 1432.0),
    (1219, 172, 1638.0),
    (1219, 179, 1578.3),
    (1219, 181, 1313.15),
    (1219, 182, 1569.62),
    (1219, 184, 1608.0),
    (1219, 186, 1644.29),
    (1219, 191, 1380.0),
    (1219, 194, 1715.1),
    (1219, 199, 1590.9),
    (1219, 205, 1291.36),
    (1219, 208, 1579.14),
    (1219, 210, 1581.0),
    (1236, 160, 1514.21),
    (1236, 162, 1471.5),
    (1236, 163, 1474.0),
    (1236, 164, 1194.95),
    (1236, 168, 1435.13),
    (1236, 169, 1505.13),
    (1236, 171, 1290.0),
    (1236, 172, 1502.0),
    (1236, 179, 1454.8),
    (1236, 181, 1178.95),
    (1236, 182, 1405.47),
    (1236, 186, 1413.95),
    (1236, 188, 1423.15),
    (1236, 191, 1238.8),
    (1236, 194, 1498.5),
    (1236, 199, 1451.4),
    (1236, 205, 1179.64),
    (1236, 210, 1414.0),
    (1236, 217, 1412.38),
    (1236, 219, 1400.65),
    (1239, 160, 1689.74),
    (1239, 163, 1613.0),
    (1239, 171, 1500.0),
    (1239, 172, 1818.0),
    (1239, 179, 1840.1),
    (1239, 182, 1684.19),
    (1266, 160, 1433.82),
    (1266, 162, 1396.5),
    (1266, 164, 1146.65),
    (1266, 168, 1344.38),
    (1266, 169, 1437.13),
    (1266, 205, 1176.4),
    (1266, 210, 1380.0),
    (1266, 217, 1387.96),
    (1266, 219, 1366.02),
    (1266, 221, 1444.2),
    (1266, 228, 1453.4),
    (1266, 238, 1129.45),
    (1266, 244, 1436.51),
    (1266, 248, 1391.9),
    (1266, 250, 1426.77),
    (1272, 160, 1784.78),
    (1272, 162, 1760.3),
    (1272, 164, 1620.85),
    (1289, 160, 1899.64),
    (1289, 162, 1871.6),
    (1289, 166, 1818.4),
    (1295, 160, 1454.07),
    (1295, 162, 1421.7),
    (1295, 164, 1182.0),
    (1295, 168, 1412.81),
    (1295, 179, 1366.8),
    (1295, 181, 1123.1),
    (1295, 184, 1368.0),
    (1295, 186, 1344.52),
    (1295, 188, 1345.09),
    (1295, 189, 1362.1),
    (1295, 191, 1119.6),
    (1295, 193, 870.49),
    (1295, 199, 1343.8),
    (1295, 205, 1085.26),
    (1295, 210, 1295.0),
    (1295, 217, 1300.85),
    (1295, 219, 1356.7),
    (1295, 220, 1317.53),
    (1295, 221, 1358.4),
    (1295, 228, 1337.5),
    (1295, 238, 1099.55),
    (1295, 244, 1343.45),
    (1295, 248, 1310.8),
    (1295, 250, 1343.08),
    (1295, 251, 1352.6),
    (1297, 160, 1705.0),
    (1320, 160, 1626.8),
    (1320, 162, 1512.2),
    (1320, 163, 1503.0),
    (1320, 164, 1274.55),
    (1320, 166, 1445.0),
    (1320, 168, 1455.5),
    (1320, 191, 1237.0),
    (1320, 194, 1503.7),
    (1320, 199, 1413.7),
    (1320, 205, 1139.68),
    (1320, 208, 1374.21),
    (1320, 210, 1351.0),
    (1320, 217, 1321.94),
    (1320, 219, 1325.96),
    (1320, 220, 1364.16),
    (1320, 221, 1453.0),
    (1320, 228, 1430.7),
    (1320, 234, 1383.07),
    (1320, 238, 1113.8),
    (1320, 244, 1387.83),
    (1320, 248, 1400.5),
    (1320, 250, 1429.53),
    (1325, 160, 1718.77),
    (1325, 162, 1709.2),
    (1325, 164, 1363.5),
    (1325, 168, 1687.59),
    (1337, 160, 1797.33),
    (1337, 162, 1684.6),
    (1337, 164, 1290.45),
    (1337, 168, 1539.1),
    (1347, 160, 1438.48),
    (1347, 162, 1407.1),
    (1347, 171, 1192.0),
    (1347, 179, 1403.6),
    (1347, 186, 1400.57),
    (1347, 188, 1453.2),
    (1347, 221, 1562.7),
    (1347, 228, 1490.6),
    (1347, 238, 1193.92),
    (1347, 244, 1459.75),
    (1347, 248, 1425.9),
    (1347, 250, 1465.75),
    (1059, 161, 1276.2),
    (1059, 165, 1194.78),
    (1059, 167, 1457.0),
    (1059, 176, 1274.76),
    (1059, 179, 1523.9),
    (1059, 185, 1522.0),
    (1059, 200, 1208.45),
    (1059, 205, 1197.1),
    (1059, 211, 1157.29),
    (1059, 214, 1451.0),
    (1072, 161, 1328.29),
    (1072, 165, 1200.96),
    (1072, 167, 1561.0),
    (1093, 161, 1178.46),
    (1093, 165, 1083.98),
    (1093, 168, 1334.88),
    (1093, 169, 1426.73),
    (1093, 170, 1513.0),
    (1113, 161, 1251.15),
    (1113, 165, 1141.36),
    (1113, 167, 1415.0),
    (1128, 161, 1220.43),
    (1128, 165, 1100.82),
    (1128, 168, 1360.8),
    (1128, 169, 1430.23),
    (1128, 170, 1553.0),
    (1128, 176, 1182.91),
    (1128, 186, 1390.12),
    (1151, 161, 1267.45),
    (1151, 165, 1149.67),
    (1151, 167, 1467.0),
    (1151, 176, 1276.76),
    (1151, 179, 1507.6),
    (1151, 185, 1461.0),
    (1169, 161, 1104.28),
    (1169, 165, 985.11),
    (1169, 168, 1232.66),
    (1169, 169, 1305.68),
    (1169, 170, 1351.0),
    (1169, 186, 1236.01),
    (1169, 188, 1251.65),
    (1169, 189, 1253.2),
    (1179, 161, 1171.07),
    (1179, 165, 1077.93),
    (1179, 168, 1327.77),
    (1179, 169, 1419.63),
    (1179, 170, 1499.0),
    (1179, 176, 1132.92),
    (1179, 186, 1265.8),
    (1179, 188, 1300.85),
    (1179, 189, 1303.0),
    (1179, 200, 1084.0),
    (1179, 205, 1057.53),
    (1179, 211, 1038.68),
    (1179, 217, 1291.27),
    (1179, 219, 1286.99),
    (1179, 220, 1265.97),
    (1186, 161, 1232.73),
    (1186, 165, 1130.21),
    (1186, 167, 1424.0),
    (1186, 176, 1216.15),
    (1186, 179, 1449.1),
    (1186, 185, 1440.0),
    (1186, 205, 1328.13),
    (1186, 211, 1276.4),
    (1186, 214, 1507.0),
    (1225, 161, 1181.06),
    (1225, 165, 1088.51),
    (1225, 168, 1367.05),
    (1225, 169, 1445.68),
    (1225, 170, 1634.0),
    (1225, 176, 1166.79),
    (1225, 186, 1350.58),
    (1225, 188, 1382.45),
    (1225, 189, 1389.7),
    (1225, 211, 1149.8),
    (1225, 217, 1372.59),
    (1225, 219, 1404.43),
    (1225, 220, 1400.56),
    (1243, 161, 1212.25),
    (1243, 165, 1077.21),
    (1243, 168, 1333.06),
    (1243, 169, 1415.13),
    (1243, 170, 1585.0),
    (1243, 176, 1141.97),
    (1243, 186, 1320.67),
    (1243, 188, 1338.2),
    (1243, 189, 1389.4),
    (1243, 200, 1107.19),
    (1243, 205, 1075.8),
    (1243, 211, 1085.59),
    (1243, 217, 1296.93),
    (1243, 220, 1333.99),
    (1300, 161, 1316.1),
    (1300, 165, 1175.51),
    (1300, 167, 1509.0),
    (1300, 176, 1152.7),
    (1300, 186, 1370.11),
    (1300, 188, 1385.35),
    (1300, 189, 1399.4),
    (1300, 200, 1167.36),
    (1300, 205, 1175.34),
    (1300, 211, 1133.13),
    (1300, 217, 1362.18),
    (1300, 219, 1368.46),
    (1300, 220, 1376.3),
    (1349, 161, 1205.65),
    (1349, 165, 1115.62),
    (1349, 168, 1404.94),
    (1349, 176, 1186.19),
    (1349, 179, 1441.8),
    (1349, 185, 1521.0),
    (1349, 200, 1209.96),
    (1349, 211, 1208.21),
    (1349, 230, 1294.84),
    (1349, 238, 1227.23),
    (1349, 242, 1226.95),
    (1349, 246, 1458.0),
    (1350, 161, 1147.67),
    (1350, 165, 1101.35),
    (1350, 168, 1389.95),
    (1350, 176, 1156.87),
    (1350, 186, 1377.62),
    (1350, 188, 1399.55),
    (1350, 200, 1207.4),
    (1350, 205, 1181.26),
    (1350, 211, 1161.24),
    (1350, 217, 1405.72),
    (1350, 219, 1412.32),
    (1350, 220, 1434.74),
    (1350, 226, 1461.0),
    (1350, 230, 1215.54),
    (1350, 238, 1171.57),
    (1350, 248, 1492.9),
    (1063, 162, 1620.6),
    (1063, 163, 1613.0),
    (1065, 162, 1542.2),
    (1065, 163, 1500.0),
    (1065, 164, 1213.2),
    (1065, 168, 1467.37),
    (1077, 162, 1765.0),
    (1077, 163, 1794.0),
    (1083, 162, 1525.6),
    (1083, 163, 1526.0),
    (1083, 164, 1236.15),
    (1083, 168, 1470.62),
    (1097, 162, 1446.2),
    (1097, 163, 1455.0),
    (1097, 164, 1335.65),
    (1097, 168, 1405.47),
    (1097, 169, 1587.53),
    (1107, 162, 1483.6),
    (1107, 163, 1453.0),
    (1107, 164, 1185.2),
    (1107, 166, 1414.5),
    (1107, 168, 1422.97),
    (1107, 169, 1470.98),
    (1107, 184, 1665.0),
    (1112, 162, 2068.3),
    (1112, 164, 1623.75),
    (1126, 162, 1590.8),
    (1126, 163, 1604.0),
    (1162, 162, 1453.1),
    (1162, 163, 1439.0),
    (1162, 164, 1180.8),
    (1162, 168, 1406.33),
    (1162, 169, 1487.13),
    (1162, 172, 1454.0),
    (1162, 179, 1434.4),
    (1162, 182, 1422.47),
    (1162, 186, 1428.9),
    (1162, 188, 1444.8),
    (1190, 162, 1853.8),
    (1190, 163, 1782.0),
    (1192, 162, 1674.6),
    (1192, 164, 1293.35),
    (1192, 168, 1593.74),
    (1192, 205, 1189.65),
    (1192, 210, 1427.0),
    (1192, 219, 1415.82),
    (1222, 162, 1718.7),
    (1222, 163, 1706.0),
    (1222, 199, 1604.3),
    (1222, 205, 1318.66),
    (1222, 213, 1313.9),
    (1224, 162, 1526.0),
    (1224, 163, 1525.0),
    (1224, 164, 1226.55),
    (1224, 168, 1478.38),
    (1224, 199, 1574.9),
    (1224, 205, 1290.39),
    (1224, 213, 1270.8),
    (1226, 162, 1611.7),
    (1226, 163, 1625.0),
    (1231, 162, 1578.4),
    (1231, 163, 1574.0),
    (1231, 164, 1274.65),
    (1238, 162, 1692.5),
    (1238, 163, 1660.0),
    (1240, 162, 1777.7),
    (1240, 163, 1706.0),
    (1258, 162, 1516.8),
    (1258, 163, 1529.0),
    (1258, 164, 1270.45),
    (1262, 162, 1520.5),
    (1262, 163, 1495.0),
    (1262, 169, 1527.98),
    (1262, 172, 1514.0),
    (1262, 179, 1465.7),
    (1262, 182, 1413.8),
    (1262, 186, 1417.13),
    (1262, 188, 1428.35),
    (1267, 162, 1412.6),
    (1267, 163, 1428.0),
    (1267, 168, 1364.55),
    (1267, 169, 1445.48),
    (1267, 172, 1413.0),
    (1267, 179, 1402.9),
    (1267, 182, 1361.13),
    (1267, 186, 1359.3),
    (1267, 188, 1374.65),
    (1267, 199, 1500.3),
    (1267, 205, 1161.85),
    (1267, 212, 1438.9),
    (1267, 217, 1386.97),
    (1267, 219, 1404.61),
    (1267, 224, 931.63),
    (1267, 228, 1408.4),
    (1267, 235, 1203.046),
    (1267, 238, 1119.84),
    (1267, 244, 1404.25),
    (1267, 248, 1385.4),
    (1267, 250, 1441.12),
    (1267, 251, 1452.8),
    (1271, 162, 1739.6),
    (1271, 166, 1673.3),
    (1306, 162, 1408.7),
    (1306, 163, 1396.0),
    (1306, 164, 1141.65),
    (1306, 168, 1343.41),
    (1306, 169, 1427.18),
    (1306, 172, 1400.0),
    (1306, 179, 1382.5),
    (1306, 182, 1360.75),
    (1306, 186, 1382.96),
    (1306, 188, 1374.55),
    (1306, 199, 1400.4),
    (1306, 205, 1130.43),
    (1306, 212, 1409.9),
    (1306, 217, 1354.48),
    (1306, 219, 1370.78),
    (1306, 224, 908.04),
    (1306, 228, 1425.5),
    (1306, 235, 1212.894),
    (1306, 238, 1114.7),
    (1306, 244, 1417.67),
    (1306, 248, 1368.4),
    (1306, 250, 1399.6),
    (1306, 251, 1421.7),
    (1317, 162, 1464.3),
    (1317, 163, 1454.0),
    (1317, 164, 1199.1),
    (1317, 168, 1436.07),
    (1317, 169, 1512.33),
    (1317, 172, 1473.0),
    (1317, 179, 1437.1),
    (1317, 182, 1414.26),
    (1317, 186, 1453.06),
    (1317, 199, 1477.9),
    (1317, 205, 1192.81),
    (1317, 212, 1474.55),
    (1317, 217, 1424.19),
    (1317, 219, 1457.45),
    (1317, 224, 927.5),
    (1317, 228, 1414.8),
    (1317, 235, 1210.03),
    (1317, 238, 1122.18),
    (1317, 244, 1495.48),
    (1317, 248, 1379.7),
    (1317, 250, 1435.62),
    (1317, 251, 1486.4),
    (1327, 162, 1633.6),
    (1327, 163, 1571.0),
    (1327, 164, 1288.25),
    (1327, 172, 1446.0),
    (1327, 179, 1419.6),
    (1327, 182, 1405.99),
    (1327, 186, 1450.34),
    (1327, 188, 1479.1),
    (1327, 199, 1502.4),
    (1327, 205, 1232.35),
    (1327, 212, 1466.55),
    (1327, 217, 1436.24),
    (1327, 219, 1453.11),
    (1327, 224, 979.85),
    (1327, 228, 1461.6),
    (1327, 235, 1234.237),
    (1327, 238, 1153.94),
    (1327, 244, 1456.99),
    (1327, 248, 1425.2),
    (1327, 250, 1467.87),
    (1327, 251, 1503.3),
    (1050, 163, 1795.0),
    (1050, 164, 1429.25),
    (1058, 163, 1454.0),
    (1058, 168, 1438.48),
    (1061, 163, 1545.0),
    (1064, 163, 1456.0),
    (1064, 164, 1223.8),
    (1067, 163, 1530.0),
    (1068, 163, 1659.0),
    (1075, 163, 1605.0),
    (1075, 164, 1329.75),
    (1075, 168, 1611.29),
    (1076, 163, 1549.0),
    (1076, 164, 1265.05),
    (1076, 166, 1559.3),
    (1082, 163, 1435.0),
    (1082, 168, 1382.12),
    (1082, 169, 1500.48),
    (1088, 163, 1449.0),
    (1088, 166, 1466.9),
    (1088, 168, 1387.12),
    (1088, 169, 1475.78),
    (1090, 163, 2027.0),
    (1100, 163, 1364.0),
    (1100, 168, 1306.9),
    (1100, 169, 1376.63),
    (1100, 170, 1467.0),
    (1118, 163, 1408.0),
    (1118, 164, 1146.9),
    (1118, 166, 1406.7),
    (1118, 168, 1369.16),
    (1118, 169, 1484.33),
    (1122, 163, 1450.0),
    (1122, 164, 1183.95),
    (1122, 166, 1423.3),
    (1122, 168, 1368.2),
    (1122, 169, 1473.28),
    (1122, 179, 1455.8),
    (1122, 181, 1179.7),
    (1122, 186, 1442.28),
    (1122, 188, 1433.4),
    (1123, 163, 1556.0),
    (1123, 176, 1227.03),
    (1123, 182, 1445.77),
    (1123, 186, 1494.76),
    (1125, 163, 1546.0),
    (1125, 164, 1289.15),
    (1125, 165, 1229.68),
    (1125, 168, 1541.98),
    (1132, 163, 1416.0),
    (1132, 164, 1140.35),
    (1132, 166, 1375.4),
    (1132, 168, 1373.02),
    (1132, 169, 1468.88),
    (1132, 179, 1391.5),
    (1132, 181, 1123.9),
    (1132, 186, 1394.16),
    (1132, 188, 1385.55),
    (1137, 163, 1668.0),
    (1137, 164, 1399.55),
    (1137, 182, 1686.21),
    (1137, 184, 1665.0),
    (1139, 163, 1460.0),
    (1139, 168, 1400.76),
    (1139, 169, 1502.58),
    (1139, 176, 1202.7),
    (1139, 182, 1424.33),
    (1139, 186, 1425.86),
    (1147, 163, 1452.0),
    (1147, 164, 1175.81),
    (1147, 165, 1128.08),
    (1147, 168, 1408.17),
    (1147, 172, 1438.0),
    (1147, 181, 1175.9),
    (1147, 182, 1408.64),
    (1147, 185, 1409.0),
    (1147, 186, 1408.48),
    (1147, 188, 1469.1),
    (1149, 163, 1427.0),
    (1149, 164, 1193.5),
    (1149, 166, 1408.5),
    (1149, 168, 1353.53),
    (1149, 169, 1410.03),
    (1149, 179, 1430.4),
    (1149, 181, 1152.15),
    (1149, 186, 1398.5),
    (1149, 188, 1422.7),
    (1150, 163, 1449.0),
    (1150, 168, 1422.51),
    (1150, 169, 1519.38),
    (1150, 176, 1207.88),
    (1150, 182, 1407.49),
    (1150, 186, 1424.78),
    (1150, 188, 1446.3),
    (1155, 163, 1365.0),
    (1155, 164, 1104.3),
    (1155, 166, 1344.8),
    (1155, 168, 1328.9),
    (1155, 169, 1398.43),
    (1155, 181, 1160.55),
    (1155, 184, 1404.0),
    (1155, 186, 1392.66),
    (1155, 188, 1396.05),
    (1155, 189, 1415.8),
    (1163, 163, 1503.0),
    (1163, 176, 1243.48),
    (1163, 182, 1471.53),
    (1167, 163, 1401.0),
    (1167, 164, 1161.9),
    (1167, 166, 1371.5),
    (1167, 168, 1337.61),
    (1167, 169, 1459.43),
    (1167, 170, 1584.0),
    (1167, 181, 1209.3),
    (1174, 163, 1556.0),
    (1174, 165, 1229.15),
    (1174, 168, 1555.79),
    (1175, 163, 1691.0),
    (1175, 164, 1317.9),
    (1175, 165, 1287.71),
    (1175, 168, 1621.79),
    (1175, 208, 1757.16),
    (1175, 210, 1676.0),
    (1193, 163, 1476.0),
    (1193, 164, 1165.35),
    (1193, 165, 1151.45),
    (1193, 168, 1460.44),
    (1195, 163, 1550.0),
    (1197, 163, 1347.0),
    (1197, 164, 1095.8),
    (1197, 166, 1333.6),
    (1197, 168, 1312.31),
    (1197, 169, 1389.38),
    (1197, 170, 1504.0),
    (1197, 181, 1057.15),
    (1197, 184, 1365.0),
    (1197, 186, 1277.56),
    (1197, 188, 1313.1),
    (1197, 189, 1350.7),
    (1197, 201, 1324.0),
    (1212, 163, 1502.0),
    (1212, 176, 1195.28),
    (1212, 182, 1409.65),
    (1212, 190, 1004.0),
    (1212, 193, 955.45),
    (1212, 198, 768.0),
    (1212, 200, 1196.2),
    (1212, 205, 1207.45),
    (1212, 208, 1502.6),
    (1212, 217, 1496.92),
    (1214, 163, 1438.0),
    (1214, 164, 1231.3),
    (1214, 168, 1468.9),
    (1214, 172, 1479.0),
    (1214, 179, 1448.8),
    (1214, 181, 1175.0),
    (1214, 182, 1410.24),
    (1214, 185, 1378.0),
    (1214, 186, 1406.03),
    (1214, 188, 1432.9),
    (1214, 193, 970.68),
    (1214, 199, 1450.3),
    (1214, 200, 1203.7),
    (1214, 205, 1199.57),
    (1214, 208, 1448.67),
    (1214, 210, 1397.0),
    (1214, 217, 1452.66),
    (1256, 163, 1487.0),
    (1256, 168, 1488.7),
    (1256, 176, 1263.43),
    (1256, 182, 1460.35),
    (1261, 163, 1596.0),
    (1261, 164, 1341.95),
    (1261, 166, 1640.5),
    (1264, 163, 1501.0),
    (1264, 164, 1178.05),
    (1264, 165, 1102.05),
    (1264, 168, 1373.54),
    (1264, 172, 1441.0),
    (1264, 179, 1458.2),
    (1264, 181, 1195.1),
    (1264, 182, 1407.78),
    (1264, 185, 1485.0),
    (1264, 186, 1374.89),
    (1264, 188, 1465.8),
    (1264, 234, 1612.23),
    (1264, 241, 1612.35),
    (1264, 244, 1572.02),
    (1264, 248, 1577.3),
    (1273, 163, 1618.0),
    (1273, 164, 1286.2),
    (1273, 182, 1664.36),
    (1277, 163, 1545.0),
    (1277, 164, 1237.25),
    (1277, 166, 1487.2),
    (1277, 168, 1465.27),
    (1277, 169, 1544.68),
    (1279, 163, 1457.0),
    (1279, 164, 1167.05),
    (1279, 166, 1402.1),
    (1279, 168, 1368.66),
    (1279, 169, 1467.63),
    (1279, 170, 1587.0),
    (1279, 181, 1173.45),
    (1279, 184, 1402.0),
    (1279, 186, 1394.44),
    (1279, 188, 1421.2),
    (1279, 189, 1472.9),
    (1279, 194, 1539.4),
    (1279, 201, 1454.0),
    (1279, 205, 1177.09),
    (1279, 210, 1439.0),
    (1279, 217, 1422.65),
    (1279, 219, 1463.38),
    (1281, 163, 1463.0),
    (1281, 168, 1391.76),
    (1281, 169, 1488.93),
    (1281, 176, 1217.95),
    (1281, 182, 1409.17),
    (1281, 186, 1405.8),
    (1281, 188, 1407.8),
    (1281, 190, 1005.0),
    (1281, 205, 1202.41),
    (1281, 217, 1435.26),
    (1281, 234, 1471.53),
    (1281, 238, 1180.7),
    (1281, 244, 1503.72),
    (1281, 248, 1525.1),
    (1284, 163, 1765.0),
    (1284, 165, 1265.3),
    (1284, 168, 1514.57),
    (1284, 208, 1559.73),
    (1284, 210, 1486.0),
    (1284, 217, 1501.55),
    (1284, 234, 1599.49),
    (1284, 241, 1534.16),
    (1284, 244, 1519.46),
    (1284, 248, 1490.8),
    (1287, 163, 1436.0),
    (1287, 168, 1407.57),
    (1287, 169, 1577.28),
    (1287, 176, 1200.54),
    (1287, 186, 1406.23),
    (1287, 188, 1498.9),
    (1287, 190, 1005.0),
    (1287, 193, 949.01),
    (1287, 198, 772.0),
    (1287, 200, 1174.34),
    (1287, 205, 1162.14),
    (1287, 208, 1417.78),
    (1287, 213, 1162.4),
    (1287, 217, 1396.84),
    (1287, 219, 1415.52),
    (1287, 224, 966.19),
    (1287, 234, 1410.23),
    (1287, 235, 1258.619),
    (1287, 238, 1139.02),
    (1287, 244, 1425.17),
    (1287, 248, 1445.7),
    (1287, 250, 1490.97),
    (1287, 251, 1567.5),
    (1292, 163, 1503.0),
    (1292, 164, 1216.85),
    (1292, 166, 1449.7),
    (1292, 168, 1423.41),
    (1292, 169, 1534.43),
    (1292, 170, 1663.0),
    (1292, 181, 1181.41),
    (1292, 184, 1397.0),
    (1292, 186, 1386.94),
    (1292, 188, 1386.75),
    (1292, 189, 1411.8),
    (1292, 194, 1489.2),
    (1292, 201, 1366.0),
    (1292, 205, 1126.48),
    (1292, 210, 1359.0),
    (1292, 217, 1352.16),
    (1292, 223, 1531.0),
    (1292, 234, 1464.74),
    (1292, 248, 1487.5),
    (1305, 163, 1411.0),
    (1305, 168, 1365.91),
    (1305, 169, 1469.98),
    (1305, 176, 1144.06),
    (1305, 182, 1367.14),
    (1305, 186, 1328.66),
    (1305, 188, 1423.95),
    (1305, 190, 994.0),
    (1305, 193, 927.64),
    (1305, 198, 765.0),
    (1305, 200, 1150.88),
    (1305, 205, 1129.27),
    (1305, 208, 1407.86),
    (1305, 213, 1124.5),
    (1305, 217, 1355.81),
    (1305, 219, 1386.87),
    (1305, 234, 1415.9),
    (1305, 238, 1142.02),
    (1305, 244, 1429.27),
    (1305, 248, 1393.8),
    (1305, 250, 1421.36),
    (1305, 251, 1473.1),
    (1307, 163, 1472.0),
    (1307, 164, 1207.1),
    (1307, 166, 1427.0),
    (1307, 168, 1400.31),
    (1307, 169, 1534.23),
    (1307, 170, 1692.0),
    (1313, 163, 1495.0),
    (1313, 168, 1428.06),
    (1313, 176, 1189.62),
    (1313, 182, 1407.2),
    (1313, 186, 1411.72),
    (1313, 188, 1441.0),
    (1313, 190, 994.0),
    (1313, 193, 966.0),
    (1313, 198, 777.0),
    (1313, 200, 1216.46),
    (1313, 205, 1183.28),
    (1313, 208, 1449.65),
    (1313, 213, 1161.9),
    (1313, 217, 1413.43),
    (1313, 219, 1427.51),
    (1313, 224, 937.69),
    (1313, 234, 1423.8),
    (1313, 235, 1256.244),
    (1313, 238, 1151.63),
    (1313, 244, 1469.23),
    (1313, 248, 1452.4),
    (1313, 250, 1492.08),
    (1313, 251, 1498.3),
    (1314, 163, 1544.0),
    (1314, 164, 1220.15),
    (1314, 166, 1451.3),
    (1314, 168, 1505.03),
    (1314, 181, 1211.55),
    (1314, 184, 1455.0),
    (1314, 186, 1446.39),
    (1314, 188, 1505.1),
    (1314, 189, 1537.4),
    (1314, 194, 1752.3),
    (1314, 201, 1569.0),
    (1314, 205, 1287.74),
    (1314, 208, 1533.72),
    (1314, 210, 1588.0),
    (1318, 163, 1594.0),
    (1318, 164, 1271.7),
    (1318, 166, 1616.4),
    (1318, 168, 1610.71),
    (1318, 181, 1534.7),
    (1318, 184, 1953.0),
    (1319, 163, 1575.0),
    (1319, 182, 1595.5),
    (1326, 163, 1783.0),
    (1326, 164, 1412.9),
    (1326, 166, 1749.2),
    (1328, 163, 1678.0),
    (1335, 163, 1599.0),
    (1335, 164, 1313.05),
    (1335, 166, 1512.3),
    (1338, 163, 1588.0),
    (1345, 163, 1359.0),
    (1345, 164, 1119.15),
    (1345, 166, 1330.3),
    (1345, 168, 1285.8),
    (1345, 169, 1355.78),
    (1345, 170, 1482.0),
    (1345, 181, 1082.6),
    (1345, 184, 1284.0),
    (1345, 186, 1277.87),
    (1354, 163, 1516.0),
    (1445, 163, 1527.0),
    (1445, 164, 1258.6),
    (1445, 166, 1498.8),
    (1445, 168, 1522.55),
    (1445, 179, 1607.6),
    (1445, 181, 1334.3),
    (1445, 186, 1598.05),
    (1445, 188, 1725.25),
    (1445, 205, 1286.51),
    (1445, 217, 1528.47),
    (1445, 219, 1475.84),
    (1445, 228, 1587.0),
    (1445, 230, 1293.68),
    (1445, 238, 1253.31),
    (1445, 248, 1614.7),
    (1052, 164, 1292.25),
    (1052, 172, 1525.0),
    (1052, 181, 1225.85),
    (1053, 164, 1479.0),
    (1057, 164, 1218.3),
    (1057, 166, 1495.6),
    (1057, 168, 1562.95),
    (1079, 164, 1316.4),
    (1079, 168, 1519.05),
    (1116, 164, 1164.95),
    (1116, 169, 1491.68),
    (1133, 164, 1181.6),
    (1133, 169, 1505.73),
    (1133, 192, 1221.6),
    (1133, 197, 1562.78),
    (1133, 252, 1245.8),
    (1134, 164, 1219.85),
    (1134, 169, 1579.13),
    (1134, 172, 1484.0),
    (1134, 181, 1192.65),
    (1134, 188, 1464.75),
    (1161, 164, 1242.6),
    (1161, 168, 1445.91),
    (1161, 179, 1432.9),
    (1161, 186, 1409.37),
    (1161, 188, 1458.75),
    (1164, 164, 1118.45),
    (1164, 169, 1394.98),
    (1164, 170, 1540.0),
    (1172, 164, 1255.0),
    (1172, 166, 1486.9),
    (1172, 168, 1459.49),
    (1182, 164, 1274.1),
    (1182, 191, 1296.8),
    (1182, 193, 1033.84),
    (1182, 199, 1548.4),
    (1182, 210, 1579.0),
    (1206, 164, 1245.15),
    (1206, 169, 1556.88),
    (1206, 172, 1487.0),
    (1206, 181, 1179.75),
    (1206, 188, 1430.75),
    (1220, 164, 1261.15),
    (1220, 169, 1550.53),
    (1220, 172, 1521.0),
    (1220, 181, 1234.45),
    (1221, 164, 1259.85),
    (1221, 168, 1484.6),
    (1221, 179, 1365.8),
    (1221, 186, 1312.4),
    (1221, 188, 1323.8),
    (1221, 189, 1328.7),
    (1221, 193, 880.17),
    (1221, 200, 1101.07),
    (1221, 205, 1079.2),
    (1221, 210, 1315.0),
    (1221, 217, 1313.48),
    (1221, 219, 1322.92),
    (1221, 220, 1348.34),
    (1221, 242, 1087.81),
    (1265, 164, 1138.75),
    (1265, 168, 1363.6),
    (1265, 169, 1425.58),
    (1265, 179, 1367.9),
    (1265, 182, 1352.2),
    (1265, 186, 1362.57),
    (1265, 188, 1371.8),
    (1265, 199, 1399.9),
    (1265, 205, 1120.9),
    (1265, 212, 1402.35),
    (1265, 217, 1361.18),
    (1265, 219, 1368.92),
    (1265, 224, 929.5),
    (1265, 228, 1371.9),
    (1265, 235, 1190.202),
    (1265, 238, 1089.73),
    (1265, 244, 1374.54),
    (1265, 248, 1354.9),
    (1265, 250, 1381.15),
    (1265, 251, 1414.5),
    (1268, 164, 1344.6),
    (1268, 168, 1563.56),
    (1270, 164, 1293.95),
    (1270, 172, 1595.0),
    (1270, 181, 1268.55),
    (1270, 197, 1614.2),
    (1270, 252, 1332.2),
    (1270, 255, 1280.8),
    (1308, 164, 1413.65),
    (1340, 164, 1169.2),
    (1340, 169, 1540.98),
    (1340, 172, 1564.0),
    (1340, 181, 1184.3),
    (1340, 188, 1518.0),
    (1343, 164, 1537.6),
    (1343, 168, 1814.58),
    (1120, 165, 1239.14),
    (1142, 165, 1114.25),
    (1142, 168, 1399.65),
    (1142, 176, 1172.82),
    (1142, 186, 1347.46),
    (1142, 189, 1410.7),
    (1208, 165, 1118.48),
    (1208, 168, 1360.1),
    (1208, 169, 1422.83),
    (1208, 170, 1555.0),
    (1208, 176, 1163.47),
    (1208, 186, 1421.58),
    (1208, 200, 1182.95),
    (1208, 211, 1153.34),
    (1208, 217, 1378.83),
    (1208, 219, 1437.02),
    (1208, 220, 1443.94),
    (1124, 166, 1409.3),
    (1124, 168, 1375.27),
    (1124, 169, 1446.93),
    (1098, 168, 1471.21),
    (1105, 168, 1318.74),
    (1105, 169, 1383.38),
    (1105, 170, 1525.0),
    (1204, 168, 1421.93),
    (1204, 186, 1557.7),
    (1204, 205, 1206.48),
    (1204, 210, 1438.0),
    (1204, 217, 1434.16),
    (1204, 219, 1415.72),
    (1331, 168, 1763.32),
    (1081, 169, 1517.48),
    (1084, 169, 1564.78),
    (1085, 169, 1560.73),
    (1086, 169, 1435.18),
    (1086, 170, 1537.0),
    (1091, 169, 1636.78),
    (1092, 169, 1758.43),
    (1094, 169, 1605.13),
    (1096, 169, 1827.53),
    (1099, 169, 1397.43),
    (1099, 170, 1525.0),
    (1101, 169, 1573.23),
    (1103, 169, 1584.58),
    (1104, 169, 1485.13),
    (1108, 169, 1464.78),
    (1109, 169, 1504.18),
    (1114, 169, 1409.13),
    (1114, 170, 1515.0),
    (1127, 169, 1568.13),
    (1127, 173, 1178.8),
    (1127, 174, 1303.0),
    (1127, 183, 1733.38),
    (1127, 187, 1536.37),
    (1127, 188, 1507.4),
    (1130, 169, 1478.98),
    (1130, 173, 1076.0),
    (1130, 175, 1452.0),
    (1130, 180, 1431.0),
    (1130, 183, 1511.77),
    (1130, 187, 1445.18),
    (1130, 188, 1464.4),
    (1141, 169, 1479.68),
    (1141, 170, 1577.0),
    (1141, 188, 1366.05),
    (1141, 189, 1391.7),
    (1143, 169, 1623.98),
    (1145, 169, 1433.58),
    (1145, 170, 1534.0),
    (1145, 188, 1426.85),
    (1145, 189, 1443.3),
    (1148, 169, 1561.63),
    (1154, 169, 1418.63),
    (1154, 170, 1635.0),
    (1154, 188, 1411.7),
    (1154, 189, 1434.5),
    (1159, 169, 1674.23),
    (1159, 183, 1738.42),
    (1159, 187, 1670.76),
    (1166, 169, 1527.53),
    (1168, 169, 1439.38),
    (1168, 170, 1558.0),
    (1168, 188, 1366.5),
    (1168, 189, 1385.6),
    (1180, 169, 1866.63),
    (1181, 169, 1494.13),
    (1185, 169, 1705.48),
    (1185, 177, 1390.0),
    (1185, 178, 1241.0),
    (1185, 183, 1730.24),
    (1185, 187, 1622.94),
    (1185, 188, 1640.15),
    (1185, 197, 1689.22),
    (1185, 209, 1597.72),
    (1185, 216, 1696.5),
    (1198, 169, 1657.38),
    (1198, 197, 1676.96),
    (1198, 209, 1660.81),
    (1198, 216, 1812.02),
    (1199, 169, 1704.13),
    (1199, 173, 1202.7),
    (1199, 175, 1592.4),
    (1199, 188, 1609.5),
    (1200, 169, 1354.53),
    (1200, 170, 1468.0),
    (1200, 175, 1415.5),
    (1200, 183, 1492.64),
    (1200, 187, 1391.53),
    (1200, 188, 1386.25),
    (1200, 197, 1582.0),
    (1200, 203, 1591.0),
    (1200, 209, 1524.58),
    (1200, 216, 1584.86),
    (1200, 219, 1509.54),
    (1201, 169, 1507.08),
    (1201, 173, 1097.3),
    (1201, 175, 1507.3),
    (1201, 180, 1432.0),
    (1201, 183, 1501.22),
    (1201, 187, 1405.45),
    (1201, 188, 1439.75),
    (1201, 197, 1525.76),
    (1201, 204, 1182.3),
    (1201, 209, 1414.19),
    (1201, 216, 1525.99),
    (1201, 219, 1426.77),
    (1209, 169, 1563.68),
    (1209, 172, 1502.0),
    (1209, 175, 1536.0),
    (1209, 180, 1481.0),
    (1209, 183, 1571.18),
    (1209, 187, 1489.39),
    (1209, 188, 1476.75),
    (1209, 197, 1530.72),
    (1209, 204, 1186.2),
    (1209, 205, 1173.83),
    (1209, 209, 1418.75),
    (1209, 216, 1512.5),
    (1209, 219, 1388.45),
    (1209, 220, 1405.58),
    (1215, 169, 1496.33),
    (1215, 180, 1529.0),
    (1215, 183, 1542.1),
    (1215, 187, 1442.11),
    (1215, 188, 1440.65),
    (1218, 169, 1457.33),
    (1218, 175, 1824.7),
    (1223, 169, 1777.13),
    (1228, 169, 1482.18),
    (1228, 172, 1371.0),
    (1228, 175, 1391.6),
    (1228, 180, 1383.0),
    (1228, 183, 1426.57),
    (1228, 187, 1375.94),
    (1228, 188, 1348.45),
    (1228, 189, 1369.9),
    (1228, 197, 1381.07),
    (1228, 204, 1075.4),
    (1228, 205, 1103.94),
    (1228, 209, 1335.86),
    (1228, 216, 1396.17),
    (1228, 219, 1330.69),
    (1228, 220, 1322.54),
    (1233, 169, 1441.13),
    (1233, 173, 1109.7),
    (1233, 177, 1332.0),
    (1233, 180, 1464.0),
    (1233, 183, 1567.56),
    (1233, 187, 1428.08),
    (1233, 188, 1524.7),
    (1233, 192, 1269.3),
    (1233, 204, 1190.6),
    (1233, 209, 1489.93),
    (1233, 216, 1551.03),
    (1234, 169, 1759.68),
    (1241, 169, 1815.63),
    (1241, 173, 1190.8),
    (1241, 175, 1612.9),
    (1241, 188, 1608.2),
    (1241, 197, 1660.67),
    (1241, 204, 1305.9),
    (1249, 169, 1777.13),
    (1249, 173, 1237.0),
    (1249, 174, 1399.0),
    (1249, 183, 1686.25),
    (1249, 187, 1593.54),
    (1249, 188, 1660.3),
    (1249, 227, 1198.0),
    (1249, 239, 1572.38),
    (1249, 243, 1591.22),
    (1249, 249, 1602.92),
    (1249, 250, 1640.58),
    (1250, 169, 1890.13),
    (1254, 169, 1571.53),
    (1278, 169, 1734.68),
    (1278, 225, 1791.6),
    (1278, 239, 1722.33),
    (1278, 249, 1710.15),
    (1278, 250, 1685.81),
    (1280, 169, 1542.78),
    (1280, 173, 1363.2),
    (1280, 177, 1606.0),
    (1280, 183, 1676.23),
    (1280, 187, 1541.13),
    (1282, 169, 1548.83),
    (1282, 173, 1182.1),
    (1282, 175, 1551.1),
    (1282, 183, 1559.88),
    (1282, 187, 1453.12),
    (1282, 192, 1191.7),
    (1282, 197, 1460.16),
    (1282, 204, 1160.6),
    (1282, 209, 1397.31),
    (1282, 216, 1465.75),
    (1282, 219, 1386.12),
    (1282, 220, 1397.73),
    (1282, 229, 1175.6),
    (1282, 231, 1127.8),
    (1282, 239, 1428.93),
    (1282, 243, 1420.41),
    (1282, 249, 1430.88),
    (1282, 250, 1392.36),
    (1282, 251, 1422.3),
    (1283, 169, 1653.03),
    (1285, 169, 1573.83),
    (1285, 173, 1134.3),
    (1285, 175, 1494.7),
    (1285, 183, 1559.46),
    (1285, 187, 1533.05),
    (1285, 192, 1410.3),
    (1285, 197, 1642.0),
    (1285, 204, 1369.1),
    (1285, 209, 1594.45),
    (1285, 216, 1659.41),
    (1285, 229, 1177.2),
    (1285, 231, 1160.0),
    (1285, 239, 1513.17),
    (1285, 243, 1448.65),
    (1285, 249, 1477.89),
    (1285, 250, 1441.76),
    (1286, 169, 1466.83),
    (1286, 173, 1090.1),
    (1286, 175, 1463.6),
    (1286, 180, 1469.0),
    (1286, 183, 1498.5),
    (1286, 187, 1409.3),
    (1286, 188, 1401.95),
    (1286, 197, 1544.03),
    (1286, 209, 1482.58),
    (1286, 216, 1514.47),
    (1286, 219, 1425.33),
    (1286, 239, 1480.26),
    (1286, 243, 1432.65),
    (1286, 249, 1469.99),
    (1296, 169, 1620.48),
    (1296, 173, 1304.7),
    (1296, 174, 1472.0),
    (1296, 183, 1808.41),
    (1296, 187, 1750.14),
    (1296, 192, 1424.2),
    (1296, 204, 1410.2),
    (1296, 209, 1691.28),
    (1296, 216, 1771.13),
    (1309, 169, 1497.28),
    (1309, 175, 1429.9),
    (1309, 183, 1487.63),
    (1309, 187, 1456.87),
    (1309, 188, 1429.2),
    (1309, 197, 1462.29),
    (1309, 203, 1485.0),
    (1309, 209, 1448.25),
    (1309, 216, 1535.95),
    (1309, 219, 1429.17),
    (1309, 225, 1668.8),
    (1309, 227, 1111.0),
    (1309, 239, 1476.86),
    (1309, 243, 1509.11),
    (1309, 249, 1523.82),
    (1309, 250, 1458.14),
    (1311, 169, 1643.78),
    (1312, 169, 1499.38),
    (1312, 172, 1490.0),
    (1312, 175, 1489.0),
    (1312, 180, 1471.0),
    (1312, 183, 1573.84),
    (1312, 187, 1474.21),
    (1312, 188, 1438.1),
    (1316, 169, 1932.68),
    (1321, 169, 1449.18),
    (1321, 177, 1250.0),
    (1321, 178, 1124.0),
    (1321, 183, 1485.28),
    (1321, 187, 1381.71),
    (1321, 188, 1378.7),
    (1321, 197, 1466.16),
    (1321, 204, 1176.8),
    (1321, 209, 1407.91),
    (1321, 216, 1448.86),
    (1321, 219, 1373.11),
    (1321, 227, 1167.0),
    (1321, 234, 1462.96),
    (1321, 249, 1569.11),
    (1321, 250, 1513.56),
    (1323, 169, 1858.33),
    (1324, 169, 1512.73),
    (1324, 173, 1072.9),
    (1324, 175, 1434.1),
    (1324, 180, 1487.0),
    (1324, 183, 1517.25),
    (1324, 187, 1417.49),
    (1324, 188, 1390.7),
    (1324, 192, 1181.5),
    (1324, 204, 1161.3),
    (1324, 209, 1476.53),
    (1324, 216, 1445.13),
    (1324, 219, 1367.68),
    (1324, 227, 1096.0),
    (1324, 234, 1453.02),
    (1324, 239, 1473.59),
    (1324, 243, 1427.17),
    (1324, 249, 1450.79),
    (1324, 250, 1400.81),
    (1334, 169, 1533.93),
    (1341, 169, 1530.93),
    (1341, 183, 1626.89),
    (1341, 187, 1486.58),
    (1341, 188, 1479.5),
    (1352, 169, 1578.03),
    (1352, 173, 1056.6),
    (1352, 175, 1407.3),
    (1352, 180, 1426.0),
    (1352, 183, 1481.95),
    (1352, 187, 1387.35),
    (1352, 188, 1370.6),
    (1352, 189, 1398.0),
    (1054, 171, 1390.0),
    (1054, 179, 1612.9),
    (1054, 181, 1301.41),
    (1054, 184, 1611.0),
    (1054, 186, 1592.53),
    (1054, 205, 1341.92),
    (1054, 210, 1602.0),
    (1153, 171, 1339.0),
    (1153, 172, 1653.0),
    (1153, 179, 1561.5),
    (1153, 181, 1295.75),
    (1153, 182, 1580.95),
    (1153, 184, 1593.0),
    (1153, 186, 1635.07),
    (1391, 171, 1446.0),
    (1391, 172, 1695.0),
    (1391, 184, 1735.0),
    (1391, 186, 1735.53),
    (1416, 171, 1359.0),
    (1416, 172, 1604.0),
    (1416, 179, 1559.0),
    (1416, 181, 1296.25),
    (1416, 184, 1603.0),
    (1416, 186, 1582.52),
    (1439, 171, 1252.0),
    (1439, 172, 1562.0),
    (1439, 179, 1415.0),
    (1439, 181, 1123.8),
    (1439, 186, 1417.73),
    (1439, 188, 1385.9),
    (1062, 172, 1728.0),
    (1129, 172, 1737.0),
    (1129, 179, 1691.5),
    (1129, 182, 1657.07),
    (1135, 172, 1578.0),
    (1135, 175, 1485.6),
    (1135, 180, 1625.0),
    (1140, 172, 1552.0),
    (1140, 181, 1188.5),
    (1140, 188, 1409.95),
    (1157, 172, 1663.0),
    (1157, 175, 1724.7),
    (1157, 180, 1646.0),
    (1157, 183, 1765.48),
    (1157, 187, 1626.58),
    (1227, 172, 1715.0),
    (1227, 179, 1674.0),
    (1227, 181, 1368.6),
    (1227, 184, 1631.0),
    (1227, 186, 1595.26),
    (1251, 172, 1579.0),
    (1251, 175, 1577.4),
    (1251, 180, 1543.0),
    (1251, 183, 1639.68),
    (1251, 187, 1549.77),
    (1251, 239, 1631.5),
    (1251, 243, 1564.87),
    (1251, 249, 1579.09),
    (1293, 172, 1835.0),
    (1293, 179, 1820.3),
    (1293, 184, 1821.0),
    (1293, 199, 1786.0),
    (1293, 210, 1688.0),
    (1298, 172, 1612.0),
    (1298, 175, 1611.5),
    (1298, 180, 1504.0),
    (1298, 183, 1601.96),
    (1298, 187, 1479.72),
    (1298, 197, 1522.99),
    (1298, 204, 1192.4),
    (1298, 205, 1214.71),
    (1298, 216, 1597.43),
    (1329, 172, 1586.0),
    (1329, 175, 1489.3),
    (1329, 180, 1476.0),
    (1329, 183, 1589.89),
    (1329, 187, 1448.61),
    (1329, 188, 1483.75),
    (1329, 197, 1500.53),
    (1329, 204, 1183.0),
    (1329, 205, 1173.22),
    (1329, 209, 1451.24),
    (1329, 216, 1503.88),
    (1329, 219, 1405.27),
    (1329, 220, 1382.22),
    (1329, 239, 1613.41),
    (1329, 243, 1498.06),
    (1329, 249, 1608.27),
    (1357, 172, 1641.0),
    (1357, 179, 1547.1),
    (1357, 181, 1283.0),
    (1357, 182, 1543.26),
    (1357, 185, 1501.0),
    (1357, 186, 1514.67),
    (1357, 193, 1060.87),
    (1357, 199, 1614.6),
    (1357, 200, 1317.84),
    (1357, 205, 1287.41),
    (1357, 208, 1587.35),
    (1357, 210, 1564.0),
    (1357, 217, 1527.83),
    (1357, 223, 1659.0),
    (1357, 234, 1596.77),
    (1357, 241, 1573.43),
    (1357, 244, 1663.5),
    (1365, 172, 1605.0),
    (1365, 188, 1474.6),
    (1365, 229, 1257.9),
    (1365, 239, 1514.06),
    (1365, 250, 1569.43),
    (1365, 256, 1286.7),
    (1367, 172, 1621.0),
    (1367, 179, 1612.2),
    (1367, 181, 1311.65),
    (1367, 182, 1614.57),
    (1367, 184, 1578.0),
    (1367, 191, 1367.6),
    (1367, 194, 1636.3),
    (1367, 199, 1576.9),
    (1367, 205, 1296.84),
    (1367, 208, 1596.84),
    (1367, 210, 1573.0),
    (1367, 221, 1523.9),
    (1367, 228, 1539.0),
    (1367, 234, 1454.75),
    (1367, 238, 1197.79),
    (1367, 244, 1533.51),
    (1367, 248, 1482.4),
    (1367, 250, 1494.26),
    (1371, 172, 1524.0),
    (1371, 179, 1535.6),
    (1371, 182, 1529.47),
    (1371, 199, 1556.6),
    (1371, 205, 1278.47),
    (1371, 213, 1280.2),
    (1371, 228, 1636.8),
    (1371, 244, 1579.94),
    (1376, 172, 1591.0),
    (1376, 181, 1361.6),
    (1376, 252, 1414.2),
    (1380, 172, 1677.0),
    (1380, 179, 1626.6),
    (1380, 182, 1590.39),
    (1380, 199, 1965.3),
    (1380, 205, 1521.11),
    (1380, 213, 1477.7),
    (1380, 228, 1734.1),
    (1380, 244, 1724.28),
    (1383, 172, 1634.0),
    (1383, 179, 1622.2),
    (1383, 182, 1664.15),
    (1383, 223, 1823.4),
    (1385, 172, 1431.0),
    (1385, 179, 1416.1),
    (1385, 181, 1134.85),
    (1385, 182, 1356.1),
    (1385, 185, 1355.0),
    (1385, 186, 1403.45),
    (1385, 188, 1407.15),
    (1385, 193, 984.64),
    (1385, 199, 1546.3),
    (1385, 200, 1286.26),
    (1385, 205, 1277.02),
    (1385, 208, 1542.13),
    (1385, 210, 1505.0),
    (1385, 217, 1491.2),
    (1386, 172, 1576.0),
    (1386, 175, 1562.3),
    (1386, 180, 1553.0),
    (1386, 183, 1677.78),
    (1386, 187, 1573.15),
    (1386, 197, 1775.83),
    (1386, 204, 1425.1),
    (1386, 209, 1635.25),
    (1386, 216, 1770.3),
    (1409, 172, 1451.0),
    (1409, 179, 1446.1),
    (1409, 182, 1419.86),
    (1409, 186, 1422.97),
    (1409, 188, 1504.95),
    (1409, 199, 1528.3),
    (1409, 205, 1283.93),
    (1409, 213, 1241.2),
    (1412, 172, 1435.0),
    (1412, 181, 1116.8),
    (1412, 188, 1387.35),
    (1412, 192, 1101.3),
    (1412, 197, 1356.48),
    (1412, 205, 1061.46),
    (1412, 219, 1293.57),
    (1412, 220, 1325.31),
    (1412, 239, 1361.05),
    (1412, 250, 1359.86),
    (1412, 251, 1420.0),
    (1412, 252, 1087.8),
    (1412, 254, 1059.0),
    (1412, 255, 1079.0),
    (1412, 256, 1105.7),
    (1417, 172, 1499.0),
    (1417, 179, 1512.1),
    (1417, 182, 1479.72),
    (1417, 186, 1517.34),
    (1419, 172, 1629.0),
    (1419, 179, 1585.9),
    (1419, 181, 1280.5),
    (1419, 182, 1538.77),
    (1419, 184, 1591.0),
    (1419, 186, 1690.91),
    (1419, 194, 1722.6),
    (1419, 199, 1702.1),
    (1419, 208, 1604.14),
    (1419, 210, 1611.0),
    (1419, 221, 1733.7),
    (1419, 228, 1724.5),
    (1419, 234, 1615.41),
    (1419, 238, 1299.84),
    (1419, 244, 1634.53),
    (1425, 172, 1594.0),
    (1425, 179, 1543.3),
    (1425, 181, 1255.3),
    (1425, 182, 1504.41),
    (1425, 184, 1563.0),
    (1425, 186, 1576.24),
    (1425, 188, 1599.05),
    (1425, 191, 1404.2),
    (1425, 194, 1647.2),
    (1425, 199, 1532.8),
    (1425, 205, 1276.13),
    (1425, 208, 1551.99),
    (1425, 210, 1517.0),
    (1425, 217, 1583.63),
    (1433, 172, 1508.0),
    (1433, 179, 1505.1),
    (1433, 182, 1437.1),
    (1433, 186, 1521.33),
    (1433, 228, 1676.5),
    (1433, 244, 1755.67),
    (1435, 172, 1466.0),
    (1435, 175, 1412.8),
    (1435, 180, 1419.0),
    (1435, 183, 1557.17),
    (1435, 187, 1438.41),
    (1435, 188, 1443.8),
    (1435, 197, 1474.41),
    (1435, 204, 1147.7),
    (1435, 205, 1172.24),
    (1435, 209, 1403.35),
    (1435, 216, 1483.85),
    (1435, 219, 1476.18),
    (1435, 220, 1449.39),
    (1435, 231, 1158.8),
    (1435, 236, 1403.0),
    (1435, 243, 1433.74),
    (1435, 249, 1477.43),
    (1435, 250, 1454.7),
    (1435, 251, 1484.2),
    (1438, 172, 1410.0),
    (1438, 175, 1437.5),
    (1438, 180, 1404.0),
    (1438, 183, 1492.65),
    (1438, 187, 1430.98),
    (1438, 188, 1423.3),
    (1438, 197, 1475.94),
    (1440, 172, 1603.0),
    (1440, 181, 1298.35),
    (1440, 192, 1264.4),
    (1440, 197, 1541.44),
    (1440, 205, 1247.77),
    (1440, 219, 1505.16),
    (1440, 229, 1310.5),
    (1440, 252, 1274.1),
    (1440, 256, 1438.9),
    (1442, 172, 1477.0),
    (1442, 181, 1157.1),
    (1442, 188, 1437.8),
    (1442, 192, 1199.0),
    (1442, 197, 1527.59),
    (1442, 205, 1216.04),
    (1442, 219, 1511.12),
    (1442, 229, 1253.3),
    (1442, 239, 1528.06),
    (1442, 250, 1548.13),
    (1442, 252, 1206.7),
    (1442, 254, 1189.0),
    (1442, 255, 1204.0),
    (1442, 256, 1327.5),
    (1444, 172, 1695.0),
    (1444, 179, 1726.7),
    (1444, 182, 1585.72),
    (1444, 184, 1622.0),
    (1444, 191, 1612.6),
    (1444, 194, 1897.0),
    (1444, 199, 1961.1),
    (1444, 208, 1958.85),
    (1444, 210, 1942.0),
    (1456, 172, 1490.0),
    (1456, 179, 1432.1),
    (1456, 181, 1178.35),
    (1456, 182, 1404.16),
    (1456, 185, 1435.0),
    (1456, 186, 1396.35),
    (1456, 188, 1436.15),
    (1456, 193, 985.57),
    (1456, 199, 1471.2),
    (1456, 200, 1209.52),
    (1456, 205, 1233.98),
    (1456, 208, 1622.34),
    (1456, 223, 1488.4),
    (1456, 228, 1494.1),
    (1456, 234, 1439.47),
    (1456, 238, 1151.88),
    (1456, 241, 1427.15),
    (1456, 244, 1478.02),
    (1456, 248, 1442.4),
    (1477, 172, 1434.0),
    (1477, 181, 1196.95),
    (1477, 182, 1428.8),
    (1477, 184, 1396.0),
    (1477, 186, 1395.31),
    (1477, 188, 1456.55),
    (1477, 191, 1198.2),
    (1477, 194, 1526.6),
    (1477, 199, 1443.8),
    (1477, 205, 1158.43),
    (1477, 208, 1413.61),
    (1477, 210, 1442.0),
    (1477, 217, 1414.07),
    (1477, 219, 1435.68),
    (1477, 221, 1447.5),
    (1477, 228, 1413.7),
    (1477, 234, 1417.44),
    (1477, 238, 1134.87),
    (1477, 244, 1464.81),
    (1477, 248, 1479.8),
    (1477, 250, 1559.19),
    (1115, 173, 1104.3),
    (1115, 175, 1493.4),
    (1115, 188, 1512.65),
    (1183, 173, 1389.6),
    (1183, 188, 1692.75),
    (1183, 197, 1791.46),
    (1183, 204, 1452.3),
    (1207, 173, 1157.9),
    (1207, 177, 1368.0),
    (1207, 180, 1625.0),
    (1207, 183, 1629.55),
    (1207, 187, 1569.65),
    (1207, 192, 1302.7),
    (1207, 204, 1279.9),
    (1207, 209, 1565.94),
    (1207, 216, 1620.57),
    (1207, 219, 1536.19),
    (1210, 173, 1210.1),
    (1210, 175, 1600.7),
    (1210, 180, 1581.0),
    (1210, 183, 1644.75),
    (1216, 173, 1323.9),
    (1216, 177, 1424.0),
    (1216, 183, 1701.24),
    (1216, 187, 1643.42),
    (1216, 192, 1445.3),
    (1216, 209, 1808.79),
    (1216, 216, 1907.63),
    (1232, 173, 1225.0),
    (1232, 177, 1426.0),
    (1232, 180, 1572.0),
    (1232, 183, 1723.63),
    (1232, 187, 1575.8),
    (1246, 173, 1291.8),
    (1246, 175, 1779.0),
    (1246, 187, 1806.47),
    (1248, 173, 1211.0),
    (1248, 175, 1639.9),
    (1248, 183, 1725.95),
    (1248, 187, 1694.71),
    (1259, 173, 1319.0),
    (1259, 175, 1732.7),
    (1259, 183, 1709.94),
    (1259, 187, 1606.12),
    (1259, 188, 1577.45),
    (1259, 192, 1370.3),
    (1259, 197, 1630.97),
    (1259, 204, 1295.6),
    (1259, 209, 1576.17),
    (1259, 216, 1585.46),
    (1259, 227, 1258.0),
    (1259, 249, 1672.14),
    (1276, 173, 1074.9),
    (1276, 175, 1367.4),
    (1276, 183, 1436.74),
    (1276, 187, 1338.86),
    (1276, 188, 1319.15),
    (1276, 189, 1348.2),
    (1276, 192, 1124.1),
    (1276, 197, 1382.29),
    (1276, 219, 1314.56),
    (1276, 220, 1292.83),
    (1276, 243, 1360.22),
    (1276, 249, 1362.66),
    (1276, 250, 1327.6),
    (1276, 251, 1352.2),
    (1288, 173, 1524.7),
    (1288, 175, 2025.0),
    (1288, 183, 2158.51),
    (1288, 187, 2032.26),
    (1288, 192, 1788.1),
    (1288, 209, 2043.45),
    (1288, 216, 2277.09),
    (1288, 227, 1372.0),
    (1288, 239, 1888.19),
    (1288, 243, 1918.07),
    (1288, 249, 1888.9),
    (1290, 173, 1601.8),
    (1290, 183, 2232.75),
    (1290, 187, 2061.88),
    (1290, 192, 1790.4),
    (1290, 197, 2106.38),
    (1290, 204, 1474.3),
    (1290, 209, 2064.68),
    (1290, 216, 2123.03),
    (1290, 227, 1694.0),
    (1290, 239, 2117.0),
    (1290, 243, 2102.38),
    (1290, 249, 2122.81),
    (1294, 173, 1239.8),
    (1294, 177, 1425.0),
    (1294, 180, 1628.0),
    (1294, 183, 1707.97),
    (1294, 187, 1603.96),
    (1310, 173, 1188.8),
    (1310, 175, 1639.4),
    (1310, 192, 1208.8),
    (1310, 197, 1490.18),
    (1310, 204, 1152.1),
    (1310, 209, 1425.93),
    (1310, 216, 1507.94),
    (1310, 219, 1415.25),
    (1310, 220, 1414.05),
    (1310, 243, 1506.92),
    (1310, 249, 1493.41),
    (1310, 250, 1520.51),
    (1330, 173, 1075.0),
    (1330, 175, 1422.5),
    (1330, 183, 1530.36),
    (1330, 187, 1411.04),
    (1330, 188, 1434.95),
    (1330, 204, 1274.5),
    (1330, 209, 1522.87),
    (1330, 243, 1551.33),
    (1330, 249, 1661.1),
    (1333, 173, 1101.1),
    (1333, 175, 1490.2),
    (1333, 187, 1468.45),
    (1353, 173, 1379.9),
    (1353, 174, 1535.0),
    (1353, 183, 1894.73),
    (1353, 187, 1771.82),
    (1353, 227, 1386.0),
    (1353, 239, 1851.21),
    (1353, 243, 1887.7),
    (1353, 249, 1901.23),
    (1366, 173, 1211.1),
    (1366, 175, 1561.5),
    (1366, 183, 1600.41),
    (1366, 187, 1491.97),
    (1366, 192, 1226.3),
    (1366, 197, 1485.64),
    (1366, 204, 1186.4),
    (1366, 209, 1462.4),
    (1366, 216, 1543.1),
    (1366, 229, 1235.8),
    (1366, 231, 1164.2),
    (1366, 239, 1499.34),
    (1366, 249, 1528.73),
    (1366, 250, 1547.24),
    (1370, 173, 1230.3),
    (1370, 175, 1596.7),
    (1370, 187, 1501.72),
    (1372, 173, 1093.4),
    (1372, 177, 1259.0),
    (1372, 187, 1497.73),
    (1372, 192, 1276.2),
    (1372, 204, 1232.9),
    (1372, 209, 1493.78),
    (1372, 216, 1573.59),
    (1372, 219, 1464.81),
    (1372, 225, 1633.2),
    (1372, 230, 1313.98),
    (1372, 239, 1578.39),
    (1372, 243, 1522.21),
    (1372, 249, 1581.83),
    (1372, 250, 1543.24),
    (1373, 173, 1203.2),
    (1373, 174, 1363.0),
    (1373, 183, 1683.36),
    (1373, 187, 1565.91),
    (1373, 188, 1645.3),
    (1373, 227, 1329.0),
    (1373, 249, 1752.29),
    (1378, 173, 1116.8),
    (1378, 177, 1307.0),
    (1378, 180, 1457.0),
    (1378, 183, 1524.3),
    (1378, 187, 1441.92),
    (1378, 188, 1457.1),
    (1378, 192, 1215.1),
    (1378, 204, 1176.4),
    (1378, 209, 1421.56),
    (1378, 216, 1497.82),
    (1378, 219, 1410.2),
    (1378, 225, 1554.3),
    (1378, 230, 1255.06),
    (1378, 239, 1497.2),
    (1378, 243, 1458.03),
    (1378, 249, 1473.91),
    (1378, 250, 1455.83),
    (1384, 173, 1454.2),
    (1384, 175, 1886.4),
    (1384, 183, 1905.45),
    (1384, 187, 1761.85),
    (1384, 192, 1538.2),
    (1384, 197, 1840.09),
    (1384, 204, 1414.3),
    (1384, 209, 1746.14),
    (1384, 216, 1867.64),
    (1393, 173, 1106.9),
    (1393, 177, 1285.0),
    (1393, 180, 1495.0),
    (1393, 183, 1557.8),
    (1393, 187, 1524.73),
    (1393, 192, 1572.3),
    (1393, 209, 1620.73),
    (1393, 216, 1696.89),
    (1393, 225, 1656.8),
    (1393, 230, 1293.1),
    (1393, 239, 1636.61),
    (1393, 243, 1602.79),
    (1393, 249, 1567.48),
    (1393, 250, 1576.01),
    (1407, 173, 1292.4),
    (1407, 175, 1700.0),
    (1407, 188, 1885.6),
    (1407, 197, 1874.63),
    (1407, 204, 1453.4),
    (1413, 173, 1347.5),
    (1413, 177, 1589.0),
    (1413, 183, 1864.68),
    (1413, 187, 1740.33),
    (1418, 173, 1394.9),
    (1418, 183, 1888.25),
    (1418, 187, 1785.12),
    (1418, 192, 1599.2),
    (1418, 197, 1933.4),
    (1418, 209, 1849.23),
    (1418, 216, 1934.58),
    (1437, 173, 1138.3),
    (1437, 174, 1282.0),
    (1437, 192, 1260.9),
    (1437, 204, 1219.9),
    (1437, 209, 1500.89),
    (1437, 216, 1510.32),
    (1437, 219, 1650.23),
    (1443, 173, 1244.4),
    (1443, 175, 1668.2),
    (1446, 173, 1220.2),
    (1446, 175, 1621.8),
    (1446, 183, 1756.53),
    (1446, 187, 1611.6),
    (1446, 192, 1523.9),
    (1446, 209, 1861.64),
    (1263, 174, 1524.0),
    (1263, 183, 1798.23),
    (1263, 187, 1675.88),
    (1369, 174, 1345.0),
    (1369, 183, 1598.73),
    (1369, 187, 1488.16),
    (1369, 188, 1496.4),
    (1369, 192, 1317.0),
    (1369, 204, 1205.0),
    (1369, 209, 1481.23),
    (1369, 216, 1598.48),
    (1369, 219, 1496.67),
    (1369, 227, 1203.0),
    (1369, 239, 1558.37),
    (1369, 243, 1621.96),
    (1369, 249, 1569.8),
    (1369, 250, 1525.48),
    (1455, 174, 1258.0),
    (1455, 183, 1591.47),
    (1455, 187, 1542.48),
    (1455, 188, 1529.35),
    (1455, 192, 1347.8),
    (1455, 204, 1292.1),
    (1455, 209, 1573.67),
    (1455, 216, 1583.36),
    (1455, 219, 1483.75),
    (1056, 175, 1776.2),
    (1131, 175, 1640.5),
    (1131, 183, 1793.0),
    (1131, 187, 1690.77),
    (1203, 175, 1597.5),
    (1203, 180, 1563.0),
    (1203, 183, 1594.25),
    (1203, 187, 1509.59),
    (1203, 188, 1532.3),
    (1203, 192, 1377.0),
    (1203, 197, 1730.12),
    (1203, 204, 1339.8),
    (1203, 209, 1603.89),
    (1203, 216, 1688.24),
    (1253, 175, 1501.3),
    (1253, 183, 1551.08),
    (1253, 187, 1491.14),
    (1253, 188, 1486.5),
    (1303, 175, 1589.2),
    (1303, 183, 1695.9),
    (1303, 187, 1587.93),
    (1303, 197, 1512.56),
    (1303, 203, 1519.0),
    (1303, 209, 1451.58),
    (1303, 216, 1477.78),
    (1303, 219, 1422.39),
    (1303, 225, 1676.4),
    (1303, 227, 1132.0),
    (1303, 239, 1468.0),
    (1303, 243, 1485.1),
    (1303, 249, 1468.58),
    (1303, 250, 1470.35),
    (1346, 175, 1632.0),
    (1346, 183, 1753.36),
    (1346, 187, 1674.59),
    (1346, 197, 1641.23),
    (1346, 209, 1717.21),
    (1346, 216, 1781.49),
    (1346, 225, 1908.5),
    (1346, 227, 1269.0),
    (1346, 239, 1643.04),
    (1346, 243, 1723.62),
    (1346, 249, 1652.42),
    (1346, 253, 1684.0),
    (1387, 175, 1653.9),
    (1387, 180, 1626.0),
    (1395, 175, 1707.0),
    (1395, 183, 1745.17),
    (1395, 187, 1801.07),
    (1403, 175, 1461.4),
    (1403, 183, 1552.13),
    (1403, 187, 1472.01),
    (1403, 188, 1437.3),
    (1403, 197, 1499.26),
    (1403, 203, 1559.0),
    (1403, 209, 1427.18),
    (1403, 216, 1490.18),
    (1403, 219, 1411.95),
    (1403, 225, 1695.6),
    (1403, 227, 1122.0),
    (1403, 239, 1529.14),
    (1403, 243, 1510.24),
    (1403, 249, 1469.22),
    (1403, 250, 1431.08),
    (1420, 175, 1484.0),
    (1420, 183, 1527.02),
    (1420, 187, 1421.63),
    (1420, 188, 1426.0),
    (1420, 197, 1519.11),
    (1420, 203, 1515.0),
    (1420, 209, 1433.41),
    (1420, 216, 1499.06),
    (1420, 219, 1411.98),
    (1420, 225, 1694.0),
    (1420, 227, 1110.0),
    (1420, 239, 1469.67),
    (1420, 243, 1443.77),
    (1420, 249, 1445.47),
    (1420, 250, 1425.98),
    (1422, 175, 1527.4),
    (1422, 183, 1608.17),
    (1422, 187, 1426.95),
    (1422, 188, 1479.7),
    (1055, 176, 1187.23),
    (1055, 182, 1392.36),
    (1055, 186, 1465.79),
    (1055, 188, 1404.7),
    (1055, 190, 1054.0),
    (1055, 193, 954.94),
    (1055, 198, 748.0),
    (1055, 200, 1160.96),
    (1055, 205, 1145.54),
    (1055, 208, 1404.09),
    (1055, 213, 1135.9),
    (1055, 217, 1418.34),
    (1055, 219, 1402.61),
    (1196, 176, 1226.49),
    (1196, 182, 1475.22),
    (1235, 176, 1156.44),
    (1235, 186, 1348.29),
    (1235, 188, 1381.15),
    (1235, 189, 1397.7),
    (1332, 176, 1293.74),
    (1394, 176, 1237.32),
    (1394, 179, 1473.1),
    (1394, 185, 1454.0),
    (1394, 200, 1185.03),
    (1394, 205, 1199.43),
    (1394, 211, 1153.56),
    (1394, 217, 1424.72),
    (1394, 226, 1510.0),
    (1394, 230, 1245.14),
    (1394, 238, 1165.67),
    (1394, 242, 1198.95),
    (1394, 248, 1448.8),
    (1394, 250, 1506.71),
    (1397, 176, 1319.97),
    (1397, 179, 1586.2),
    (1397, 185, 1539.0),
    (1454, 176, 1184.01),
    (1454, 182, 1384.44),
    (1454, 186, 1405.44),
    (1454, 188, 1456.2),
    (1454, 190, 994.0),
    (1454, 200, 1185.02),
    (1454, 205, 1193.13),
    (1211, 177, 1481.0),
    (1211, 178, 1332.0),
    (1211, 183, 1808.78),
    (1211, 187, 1676.94),
    (1211, 188, 1679.0),
    (1211, 197, 1783.01),
    (1211, 209, 1692.89),
    (1211, 216, 1726.71),
    (1382, 177, 1508.0),
    (1382, 178, 1341.0),
    (1382, 183, 1854.05),
    (1382, 187, 1728.17),
    (1405, 177, 1364.0),
    (1405, 178, 1237.0),
    (1405, 183, 1660.51),
    (1405, 187, 1608.98),
    (1405, 188, 1609.45),
    (1405, 197, 1616.36),
    (1405, 209, 1523.84),
    (1405, 216, 1592.84),
    (1405, 225, 1680.5),
    (1405, 227, 1216.0),
    (1405, 243, 1664.61),
    (1405, 249, 1678.51),
    (1421, 177, 1439.0),
    (1421, 178, 1293.0),
    (1421, 183, 1790.13),
    (1421, 187, 1700.09),
    (1424, 177, 1481.0),
    (1424, 183, 1775.98),
    (1430, 177, 1464.0),
    (1430, 178, 1334.0),
    (1430, 183, 1724.23),
    (1430, 187, 1658.74),
    (1430, 188, 1649.95),
    (1430, 197, 1836.78),
    (1430, 209, 1765.54),
    (1430, 216, 1903.0),
    (1430, 225, 1977.8),
    (1430, 227, 1368.0),
    (1430, 249, 1745.08),
    (1431, 177, 1425.0),
    (1431, 178, 1289.0),
    (1431, 183, 1744.17),
    (1431, 187, 1638.22),
    (1431, 188, 1654.9),
    (1431, 197, 1665.84),
    (1431, 209, 1543.04),
    (1431, 216, 1630.49),
    (1431, 225, 1632.4),
    (1431, 234, 1547.92),
    (1431, 239, 1586.49),
    (1431, 249, 1605.17),
    (1291, 178, 1790.0),
    (1080, 179, 1785.6),
    (1177, 179, 1587.4),
    (1177, 181, 1266.75),
    (1177, 182, 1521.87),
    (1177, 185, 1499.0),
    (1177, 186, 1489.13),
    (1177, 188, 1541.9),
    (1177, 193, 1050.64),
    (1177, 199, 1537.3),
    (1177, 200, 1237.63),
    (1177, 205, 1260.16),
    (1177, 208, 1533.13),
    (1177, 210, 1498.0),
    (1177, 217, 1495.46),
    (1184, 179, 1583.7),
    (1184, 181, 1285.6),
    (1184, 182, 1517.36),
    (1184, 185, 1500.0),
    (1184, 186, 1480.98),
    (1184, 188, 1506.8),
    (1184, 193, 976.71),
    (1184, 199, 1480.9),
    (1184, 200, 1224.07),
    (1184, 205, 1200.95),
    (1184, 208, 1467.47),
    (1184, 210, 1477.0),
    (1184, 217, 1439.95),
    (1322, 179, 1459.3),
    (1322, 185, 1402.0),
    (1322, 205, 1182.58),
    (1322, 211, 1145.37),
    (1322, 217, 1352.86),
    (1322, 219, 1366.48),
    (1322, 220, 1361.16),
    (1322, 226, 1449.0),
    (1322, 238, 1126.76),
    (1322, 242, 1125.65),
    (1322, 250, 1374.23),
    (1322, 251, 1412.7),
    (1355, 179, 1687.4),
    (1355, 182, 1639.31),
    (1355, 184, 1639.0),
    (1355, 191, 1395.2),
    (1355, 194, 1674.7),
    (1355, 221, 1736.2),
    (1355, 228, 1651.3),
    (1355, 234, 1601.89),
    (1355, 238, 1285.66),
    (1355, 244, 1631.68),
    (1374, 179, 1502.8),
    (1374, 186, 1458.68),
    (1374, 188, 1491.35),
    (1379, 179, 1517.2),
    (1379, 181, 1248.85),
    (1379, 186, 1509.16),
    (1379, 188, 1485.9),
    (1194, 180, 1886.0),
    (1194, 183, 2080.68),
    (1069, 181, 1607.3),
    (1069, 182, 1916.79),
    (1213, 181, 1216.25),
    (1213, 186, 1424.38),
    (1213, 188, 1461.5),
    (1237, 181, 1204.75),
    (1237, 184, 1449.0),
    (1237, 186, 1456.46),
    (1237, 194, 1649.6),
    (1237, 201, 1484.0),
    (1237, 205, 1233.38),
    (1237, 210, 1504.0),
    (1237, 217, 1446.23),
    (1237, 219, 1448.21),
    (1269, 181, 1350.0),
    (1269, 182, 1655.5),
    (1269, 184, 1701.0),
    (1269, 201, 1711.0),
    (1342, 181, 1395.35),
    (1342, 182, 1679.38),
    (1342, 184, 1774.0),
    (1342, 244, 1606.11),
    (1361, 181, 1298.55),
    (1361, 184, 1644.0),
    (1361, 186, 1616.85),
    (1361, 194, 1779.7),
    (1361, 201, 1741.0),
    (1361, 208, 1740.82),
    (1399, 181, 1353.3),
    (1399, 182, 1600.62),
    (1399, 184, 1649.0),
    (1414, 181, 1249.3),
    (1414, 229, 1310.8),
    (1414, 252, 1357.7),
    (1414, 255, 1302.0),
    (1414, 256, 1382.9),
    (1447, 181, 1450.65),
    (1447, 182, 1785.11),
    (1447, 184, 1727.0),
    (1447, 194, 1716.8),
    (1447, 201, 1684.0),
    (1447, 223, 1769.6),
    (1447, 241, 1635.36),
    (1447, 244, 1682.31),
    (1453, 181, 1309.05),
    (1453, 182, 1555.74),
    (1453, 184, 1726.0),
    (1344, 182, 1607.27),
    (1344, 194, 1759.7),
    (1344, 201, 1647.0),
    (1344, 205, 1359.45),
    (1344, 210, 1731.0),
    (1344, 223, 1700.8),
    (1344, 234, 1634.27),
    (1344, 241, 1654.37),
    (1344, 244, 1677.61),
    (1356, 182, 1642.09),
    (1356, 191, 1427.7),
    (1356, 194, 1742.3),
    (1356, 208, 1788.5),
    (1375, 182, 1907.49),
    (1375, 194, 2029.6),
    (1375, 201, 2008.0),
    (1375, 208, 2035.19),
    (1375, 210, 1918.0),
    (1165, 183, 1585.83),
    (1165, 187, 1525.01),
    (1165, 188, 1533.55),
    (1229, 183, 1845.79),
    (1229, 187, 1698.28),
    (1229, 188, 1716.75),
    (1229, 204, 1275.4),
    (1229, 209, 1552.19),
    (1229, 216, 1610.67),
    (1255, 183, 1858.35),
    (1255, 187, 1795.67),
    (1315, 183, 1635.6),
    (1315, 187, 1529.44),
    (1315, 188, 1558.8),
    (1315, 204, 1290.0),
    (1315, 209, 1589.07),
    (1315, 216, 1637.65),
    (1336, 183, 1586.71),
    (1336, 187, 1471.51),
    (1336, 188, 1481.55),
    (1339, 183, 1754.37),
    (1339, 187, 1670.84),
    (1348, 183, 1579.17),
    (1348, 187, 1496.83),
    (1348, 225, 2020.2),
    (1348, 227, 1238.0),
    (1348, 239, 1649.05),
    (1348, 243, 1644.62),
    (1348, 249, 1675.16),
    (1368, 183, 1736.97),
    (1368, 187, 1589.44),
    (1368, 192, 1296.1),
    (1368, 209, 1523.96),
    (1368, 216, 1585.47),
    (1368, 219, 1543.01),
    (1368, 239, 1626.23),
    (1368, 243, 1583.19),
    (1368, 249, 1571.76),
    (1427, 183, 1996.64),
    (1427, 187, 1813.88),
    (1427, 192, 1547.1),
    (1427, 216, 1929.32),
    (1427, 227, 1432.0),
    (1351, 184, 1651.0),
    (1351, 191, 1369.0),
    (1351, 194, 1652.3),
    (1351, 199, 1601.8),
    (1351, 205, 1327.47),
    (1351, 208, 1609.7),
    (1351, 210, 1561.0),
    (1423, 184, 1345.0),
    (1423, 186, 1303.44),
    (1423, 188, 1301.8),
    (1423, 189, 1365.7),
    (1434, 184, 1496.0),
    (1434, 186, 1449.27),
    (1434, 188, 1434.15),
    (1434, 189, 1514.9),
    (1066, 186, 2113.43),
    (1158, 186, 1345.36),
    (1389, 186, 2112.75),
    (1415, 186, 1594.85),
    (1415, 193, 1018.93),
    (1415, 200, 1293.47),
    (1415, 205, 1274.43),
    (1415, 210, 1503.0),
    (1415, 217, 1483.54),
    (1415, 219, 1520.18),
    (1415, 228, 1526.7),
    (1415, 241, 1492.94),
    (1415, 242, 1245.6),
    (1415, 246, 1641.0),
    (1415, 248, 1548.1),
    (1415, 250, 1581.51),
    (1452, 186, 1427.76),
    (1452, 190, 982.0),
    (1452, 193, 912.55),
    (1452, 200, 1171.6),
    (1452, 205, 1189.41),
    (1452, 208, 1406.75),
    (1452, 213, 1132.7),
    (1452, 217, 1355.24),
    (1452, 219, 1369.39),
    (1452, 224, 928.6),
    (1452, 234, 1413.81),
    (1452, 235, 1221.065),
    (1452, 238, 1107.13),
    (1452, 244, 1414.12),
    (1452, 248, 1356.0),
    (1452, 250, 1383.28),
    (1452, 251, 1411.6),
    (1156, 188, 1415.95),
    (1156, 189, 1432.3),
    (1160, 188, 1449.35),
    (1160, 189, 1428.2),
    (1244, 188, 1454.8),
    (1244, 189, 1478.5),
    (1244, 202, 1559.0),
    (1244, 206, 1521.0),
    (1244, 207, 1480.6),
    (1244, 215, 1182.56),
    (1244, 218, 1412.0),
    (1244, 219, 1434.58),
    (1301, 188, 1710.5),
    (1301, 243, 1637.38),
    (1301, 249, 1723.6),
    (1070, 190, 992.0),
    (1070, 193, 994.71),
    (1070, 198, 781.0),
    (1408, 190, 987.0),
    (1408, 193, 920.23),
    (1408, 198, 743.0),
    (1408, 200, 1150.57),
    (1408, 205, 1120.84),
    (1408, 208, 1386.09),
    (1408, 213, 1118.7),
    (1408, 217, 1381.26),
    (1408, 219, 1372.63),
    (1408, 224, 887.17),
    (1408, 234, 1311.48),
    (1408, 235, 1144.593),
    (1408, 238, 1071.13),
    (1408, 244, 1358.57),
    (1408, 248, 1332.3),
    (1408, 250, 1330.74),
    (1408, 251, 1359.4),
    (1450, 190, 957.0),
    (1450, 193, 906.37),
    (1450, 198, 727.0),
    (1450, 200, 1151.07),
    (1450, 208, 1415.83),
    (1450, 213, 1141.5),
    (1450, 217, 1369.63),
    (1450, 219, 1396.95),
    (1450, 224, 874.76),
    (1450, 234, 1358.09),
    (1450, 235, 1159.278),
    (1450, 238, 1087.09),
    (1450, 244, 1392.34),
    (1450, 248, 1378.9),
    (1450, 250, 1364.39),
    (1450, 251, 1404.1),
    (1247, 191, 1810.1),
    (1247, 194, 2135.4),
    (1247, 199, 2114.4),
    (1247, 208, 1975.12),
    (1247, 210, 1984.0),
    (1406, 191, 1750.2),
    (1488, 191, 1262.6),
    (1488, 193, 939.54),
    (1488, 199, 1425.1),
    (1488, 205, 1189.17),
    (1488, 210, 1452.0),
    (1488, 217, 1433.19),
    (1488, 219, 1511.11),
    (1488, 221, 1484.2),
    (1488, 228, 1446.2),
    (1488, 238, 1150.9),
    (1488, 244, 1438.57),
    (1488, 248, 1415.9),
    (1488, 250, 1426.3),
    (1498, 191, 1299.3),
    (1498, 193, 1015.33),
    (1498, 199, 1523.1),
    (1498, 205, 1274.16),
    (1498, 210, 1485.0),
    (1498, 217, 1536.59),
    (1498, 221, 1614.9),
    (1498, 228, 1588.7),
    (1498, 238, 1179.08),
    (1498, 244, 1500.37),
    (1498, 248, 1415.0),
    (1498, 250, 1455.43),
    (1520, 191, 1227.3),
    (1520, 193, 959.76),
    (1520, 199, 1462.5),
    (1520, 205, 1197.26),
    (1520, 210, 1457.0),
    (1567, 191, 1352.0),
    (1567, 193, 1072.28),
    (1567, 199, 1596.1),
    (1574, 191, 1255.7),
    (1574, 193, 1002.86),
    (1574, 199, 1476.4),
    (1574, 205, 1223.64),
    (1574, 210, 1494.0),
    (1574, 217, 1463.54),
    (1574, 219, 1453.67),
    (1136, 192, 1166.2),
    (1136, 197, 1447.74),
    (1136, 205, 1133.45),
    (1136, 219, 1365.94),
    (1136, 220, 1408.91),
    (1136, 252, 1145.3),
    (1136, 254, 1138.0),
    (1136, 255, 1126.0),
    (1202, 192, 1192.3),
    (1202, 197, 1460.99),
    (1202, 209, 1391.99),
    (1202, 216, 1429.42),
    (1202, 219, 1346.13),
    (1202, 220, 1360.7),
    (1217, 192, 1315.4),
    (1217, 204, 1265.2),
    (1217, 209, 1563.33),
    (1217, 216, 1654.14),
    (1230, 192, 1197.4),
    (1230, 197, 1464.72),
    (1230, 204, 1115.5),
    (1230, 209, 1367.93),
    (1230, 216, 1380.63),
    (1230, 219, 1342.65),
    (1230, 220, 1339.87),
    (1360, 192, 1279.9),
    (1360, 197, 1597.84),
    (1360, 205, 1241.97),
    (1360, 229, 1261.6),
    (1360, 239, 1537.52),
    (1360, 252, 1274.8),
    (1360, 254, 1239.0),
    (1360, 255, 1243.0),
    (1360, 256, 1318.1),
    (1388, 192, 1319.1),
    (1388, 197, 1628.71),
    (1388, 204, 1223.3),
    (1388, 209, 1501.01),
    (1388, 216, 1578.61),
    (1388, 227, 1267.0),
    (1388, 239, 1658.19),
    (1388, 243, 1716.33),
    (1388, 249, 1719.71),
    (1396, 192, 1442.0),
    (1396, 197, 1795.64),
    (1396, 204, 1323.9),
    (1396, 209, 1646.88),
    (1396, 216, 1712.49),
    (1396, 229, 1300.1),
    (1396, 239, 1562.83),
    (1396, 249, 1611.28),
    (1457, 192, 1725.2),
    (1457, 204, 1501.7),
    (1457, 209, 1932.84),
    (1457, 216, 2183.23),
    (1457, 243, 2088.67),
    (1465, 192, 1198.8),
    (1465, 197, 1471.41),
    (1465, 205, 1166.71),
    (1465, 219, 1423.43),
    (1465, 229, 1223.8),
    (1465, 239, 1465.73),
    (1465, 250, 1643.23),
    (1465, 252, 1202.6),
    (1465, 254, 1195.0),
    (1465, 255, 1182.0),
    (1465, 256, 1236.0),
    (1470, 192, 1296.9),
    (1470, 197, 1557.69),
    (1470, 204, 1191.2),
    (1470, 209, 1499.86),
    (1470, 216, 1531.61),
    (1470, 219, 1483.06),
    (1470, 220, 1460.35),
    (1473, 192, 1706.9),
    (1473, 209, 1882.89),
    (1473, 216, 2128.93),
    (1479, 192, 1251.1),
    (1479, 197, 1568.47),
    (1479, 204, 1203.1),
    (1479, 209, 1505.51),
    (1479, 216, 1532.19),
    (1479, 219, 1466.61),
    (1479, 227, 1152.0),
    (1479, 239, 1529.01),
    (1479, 243, 1501.88),
    (1479, 249, 1535.37),
    (1479, 250, 1428.66),
    (1481, 192, 1567.8),
    (1481, 197, 1918.37),
    (1481, 209, 1888.06),
    (1481, 216, 1947.64),
    (1481, 227, 1531.0),
    (1484, 192, 1267.8),
    (1484, 197, 1545.43),
    (1484, 204, 1200.0),
    (1484, 209, 1490.66),
    (1484, 216, 1524.65),
    (1484, 219, 1495.66),
    (1484, 227, 1110.0),
    (1484, 234, 1483.03),
    (1484, 239, 1464.13),
    (1484, 243, 1439.86),
    (1484, 249, 1465.93),
    (1484, 250, 1433.72),
    (1486, 192, 1260.3),
    (1486, 197, 1528.86),
    (1486, 204, 1184.7),
    (1486, 209, 1446.31),
    (1486, 216, 1515.56),
    (1486, 219, 1426.09),
    (1486, 220, 1457.51),
    (1486, 231, 1186.2),
    (1486, 239, 1488.65),
    (1486, 243, 1519.17),
    (1486, 249, 1514.21),
    (1486, 250, 1501.74),
    (1487, 192, 1725.2),
    (1487, 204, 1496.3),
    (1487, 209, 1680.44),
    (1487, 216, 1738.72),
    (1487, 227, 1315.0),
    (1487, 239, 1751.54),
    (1487, 243, 1719.61),
    (1487, 249, 1704.18),
    (1487, 250, 1565.69),
    (1517, 192, 1198.0),
    (1517, 204, 1168.7),
    (1517, 209, 1412.91),
    (1517, 216, 1493.19),
    (1517, 219, 1414.93),
    (1517, 230, 1192.9),
    (1517, 239, 1461.91),
    (1517, 243, 1430.79),
    (1517, 249, 1453.24),
    (1517, 250, 1403.26),
    (1518, 192, 1366.6),
    (1518, 197, 1604.75),
    (1518, 204, 1250.3),
    (1518, 209, 1545.35),
    (1518, 216, 1634.34),
    (1518, 229, 1279.1),
    (1518, 239, 1581.57),
    (1518, 243, 1626.48),
    (1518, 249, 1592.21),
    (1536, 192, 1270.5),
    (1536, 197, 1643.69),
    (1536, 205, 1202.82),
    (1536, 219, 1441.4),
    (1536, 229, 1340.6),
    (1536, 239, 1645.1),
    (1536, 252, 1326.1),
    (1536, 254, 1175.0),
    (1536, 255, 1194.0),
    (1536, 256, 1379.6),
    (1538, 192, 1229.0),
    (1538, 197, 1491.05),
    (1538, 204, 1181.1),
    (1538, 209, 1424.36),
    (1538, 216, 1500.68),
    (1538, 219, 1451.35),
    (1538, 227, 1094.0),
    (1538, 234, 1378.7),
    (1538, 239, 1429.01),
    (1538, 243, 1411.47),
    (1538, 249, 1437.07),
    (1538, 250, 1423.54),
    (1556, 192, 1206.9),
    (1556, 204, 1173.0),
    (1556, 209, 1456.23),
    (1556, 216, 1551.83),
    (1556, 219, 1455.31),
    (1557, 192, 1339.6),
    (1557, 197, 1664.99),
    (1557, 209, 1663.49),
    (1557, 216, 1739.07),
    (1558, 192, 1271.8),
    (1558, 252, 1275.9),
    (1559, 192, 1526.7),
    (1559, 204, 1386.9),
    (1559, 209, 1750.58),
    (1559, 216, 2101.25),
    (1559, 227, 1408.0),
    (1559, 239, 1857.44),
    (1559, 249, 2098.89),
    (1561, 192, 1313.1),
    (1561, 197, 1621.48),
    (1561, 204, 1244.2),
    (1561, 216, 1737.24),
    (1561, 229, 1273.9),
    (1561, 231, 1219.4),
    (1562, 192, 1265.5),
    (1562, 197, 1544.22),
    (1562, 205, 1195.46),
    (1562, 219, 1465.24),
    (1562, 229, 1224.5),
    (1562, 239, 1519.92),
    (1562, 250, 1537.91),
    (1562, 252, 1301.1),
    (1562, 254, 1217.0),
    (1562, 255, 1224.0),
    (1562, 256, 1239.9),
    (1577, 192, 1360.4),
    (1577, 197, 1663.82),
    (1577, 209, 1596.36),
    (1577, 216, 1795.63),
    (1580, 192, 1266.2),
    (1580, 197, 1540.83),
    (1580, 204, 1167.2),
    (1580, 209, 1427.28),
    (1580, 216, 1530.53),
    (1580, 219, 1467.05),
    (1580, 227, 1104.0),
    (1580, 234, 1439.06),
    (1580, 239, 1500.51),
    (1580, 243, 1459.23),
    (1580, 249, 1498.91),
    (1580, 250, 1663.37),
    (1460, 193, 995.97),
    (1460, 205, 1208.57),
    (1460, 210, 1459.0),
    (1460, 217, 1437.12),
    (1460, 219, 1447.72),
    (1460, 242, 1343.98),
    (1460, 246, 1685.0),
    (1460, 248, 1546.6),
    (1460, 250, 1558.61),
    (1461, 193, 948.68),
    (1461, 200, 1217.26),
    (1461, 205, 1207.89),
    (1461, 210, 1442.0),
    (1461, 217, 1431.97),
    (1461, 219, 1483.78),
    (1461, 228, 1437.4),
    (1461, 241, 1414.17),
    (1461, 242, 1156.14),
    (1461, 246, 1408.0),
    (1461, 248, 1419.2),
    (1461, 250, 1444.89),
    (1463, 193, 1140.15),
    (1463, 199, 1673.8),
    (1463, 200, 1320.32),
    (1463, 205, 1333.27),
    (1463, 208, 1584.07),
    (1463, 210, 1527.0),
    (1463, 217, 1551.39),
    (1463, 223, 1612.8),
    (1463, 234, 1587.13),
    (1463, 238, 1279.54),
    (1463, 241, 1553.27),
    (1463, 244, 1566.28),
    (1505, 193, 1143.16),
    (1505, 199, 1739.3),
    (1505, 208, 1747.09),
    (1505, 223, 1659.3),
    (1505, 234, 1670.57),
    (1505, 241, 1786.34),
    (1505, 244, 1844.64),
    (1515, 193, 956.52),
    (1515, 199, 1503.2),
    (1515, 200, 1229.14),
    (1515, 205, 1191.29),
    (1515, 208, 1444.44),
    (1515, 210, 1422.0),
    (1515, 217, 1432.67),
    (1515, 223, 1573.9),
    (1515, 228, 1539.7),
    (1515, 234, 1522.5),
    (1515, 238, 1233.37),
    (1515, 241, 1488.28),
    (1515, 244, 1520.33),
    (1515, 248, 1531.9),
    (1523, 193, 1113.91),
    (1523, 199, 1599.4),
    (1523, 200, 1291.6),
    (1523, 205, 1345.03),
    (1523, 208, 1625.97),
    (1523, 217, 1548.69),
    (1523, 223, 1689.4),
    (1523, 234, 1480.28),
    (1523, 238, 1187.35),
    (1523, 241, 1517.49),
    (1523, 244, 1526.47),
    (1523, 248, 1500.2),
    (1547, 193, 964.44),
    (1547, 199, 1456.1),
    (1547, 205, 1233.13),
    (1547, 210, 1485.0),
    (1547, 217, 1454.46),
    (1547, 221, 1477.6),
    (1547, 228, 1488.0),
    (1547, 238, 1181.11),
    (1547, 244, 1516.16),
    (1547, 248, 1562.5),
    (1390, 194, 1686.8),
    (1390, 201, 1539.0),
    (1390, 205, 1260.6),
    (1390, 210, 1520.0),
    (1390, 217, 1516.09),
    (1390, 219, 1580.92),
    (1390, 223, 1594.0),
    (1390, 234, 1573.78),
    (1390, 241, 1542.03),
    (1390, 244, 1595.84),
    (1390, 248, 1537.5),
    (1441, 194, 1883.0),
    (1441, 201, 1754.0),
    (1451, 194, 1546.7),
    (1451, 201, 1439.0),
    (1451, 205, 1183.82),
    (1451, 210, 1441.0),
    (1451, 217, 1409.96),
    (1451, 219, 1426.85),
    (1451, 223, 1493.4),
    (1451, 234, 1418.41),
    (1451, 244, 1376.7),
    (1451, 248, 1347.3),
    (1451, 250, 1376.1),
    (1451, 251, 1401.0),
    (1458, 194, 1696.9),
    (1458, 201, 1524.0),
    (1458, 205, 1250.51),
    (1458, 210, 1534.0),
    (1458, 217, 1506.68),
    (1458, 223, 1663.5),
    (1458, 234, 1532.32),
    (1458, 241, 1504.39),
    (1458, 244, 1542.35),
    (1458, 248, 1488.9),
    (1469, 194, 1801.8),
    (1469, 208, 1849.33),
    (1469, 210, 1864.0),
    (1476, 194, 1743.8),
    (1476, 199, 1576.0),
    (1476, 205, 1300.91),
    (1476, 208, 1637.89),
    (1476, 210, 1554.0),
    (1476, 217, 1581.01),
    (1476, 221, 1637.9),
    (1476, 228, 1652.7),
    (1476, 234, 1580.6),
    (1476, 238, 1293.42),
    (1476, 244, 1627.37),
    (1489, 194, 1573.8),
    (1489, 201, 1501.0),
    (1489, 205, 1234.36),
    (1489, 210, 1489.0),
    (1489, 219, 1516.07),
    (1489, 223, 1501.9),
    (1489, 234, 1427.34),
    (1489, 241, 1442.1),
    (1489, 244, 1520.99),
    (1489, 248, 1482.7),
    (1499, 194, 1621.4),
    (1499, 210, 1507.0),
    (1499, 219, 1506.69),
    (1502, 194, 1629.3),
    (1502, 199, 1555.2),
    (1502, 208, 1674.71),
    (1502, 210, 1648.0),
    (1512, 194, 1499.1),
    (1512, 199, 1448.9),
    (1512, 205, 1203.72),
    (1512, 208, 1447.01),
    (1512, 210, 1451.0),
    (1512, 217, 1442.61),
    (1512, 219, 1456.03),
    (1512, 221, 1442.4),
    (1512, 228, 1420.9),
    (1512, 234, 1393.03),
    (1512, 238, 1145.12),
    (1512, 244, 1451.44),
    (1512, 248, 1410.4),
    (1512, 250, 1486.69),
    (1540, 194, 1623.5),
    (1540, 199, 1575.5),
    (1540, 205, 1316.05),
    (1540, 208, 1574.8),
    (1540, 210, 1541.0),
    (1540, 217, 1572.83),
    (1540, 221, 1663.0),
    (1540, 228, 1577.0),
    (1540, 234, 1508.62),
    (1540, 238, 1251.68),
    (1540, 244, 1611.97),
    (1544, 194, 1560.2),
    (1544, 199, 1509.5),
    (1544, 205, 1251.57),
    (1544, 208, 1488.82),
    (1544, 210, 1454.0),
    (1544, 217, 1456.31),
    (1544, 219, 1497.67),
    (1546, 194, 1709.6),
    (1546, 201, 1532.0),
    (1546, 205, 1271.37),
    (1546, 210, 1519.0),
    (1546, 217, 1533.1),
    (1546, 219, 1534.94),
    (1546, 223, 1641.4),
    (1546, 234, 1529.32),
    (1546, 241, 1523.57),
    (1546, 244, 1526.14),
    (1548, 194, 2098.5),
    (1548, 199, 2006.4),
    (1548, 208, 2018.69),
    (1548, 210, 2026.0),
    (1466, 195, 1080.0),
    (1466, 202, 1633.0),
    (1466, 206, 1598.0),
    (1478, 195, 1004.0),
    (1478, 196, 1289.5),
    (1478, 202, 1528.0),
    (1478, 206, 1459.0),
    (1478, 207, 1445.1),
    (1478, 215, 1159.81),
    (1478, 218, 1396.0),
    (1478, 219, 1374.03),
    (1478, 222, 1025.03),
    (1478, 232, 1498.0),
    (1478, 237, 1244.9),
    (1478, 247, 1530.11),
    (1478, 250, 1523.54),
    (1480, 195, 1030.0),
    (1480, 196, 1304.2),
    (1480, 202, 1540.0),
    (1480, 206, 1505.0),
    (1480, 207, 1530.1),
    (1480, 215, 1202.25),
    (1480, 218, 1450.0),
    (1480, 219, 1474.39),
    (1480, 237, 1345.6),
    (1511, 195, 1039.0),
    (1511, 196, 1361.6),
    (1511, 202, 1635.0),
    (1511, 215, 1188.74),
    (1511, 218, 1430.0),
    (1511, 219, 1440.98),
    (1511, 222, 1032.72),
    (1511, 232, 1609.0),
    (1511, 237, 1293.5),
    (1511, 247, 1542.01),
    (1511, 250, 1508.06),
    (1533, 195, 1059.0),
    (1533, 202, 1566.0),
    (1533, 206, 1542.0),
    (1533, 207, 1497.6),
    (1533, 215, 1197.44),
    (1533, 218, 1511.0),
    (1533, 219, 1563.47),
    (1575, 195, 1076.0),
    (1575, 202, 1718.0),
    (1575, 206, 1734.0),
    (1575, 207, 1730.3),
    (1575, 215, 1458.09),
    (1575, 222, 1034.08),
    (1575, 232, 1612.0),
    (1575, 237, 1302.7),
    (1575, 240, 1277.64),
    (1575, 250, 1654.76),
    (1449, 196, 1366.6),
    (1449, 202, 1569.0),
    (1449, 206, 1557.0),
    (1449, 207, 1564.7),
    (1449, 215, 1260.52),
    (1449, 218, 1510.0),
    (1449, 219, 1465.42),
    (1506, 196, 1300.9),
    (1506, 202, 1523.0),
    (1506, 247, 1543.29),
    (1506, 250, 1473.35),
    (1189, 197, 1614.39),
    (1189, 204, 1256.5),
    (1189, 216, 1647.81),
    (1191, 197, 1507.81),
    (1191, 204, 1133.2),
    (1191, 209, 1403.81),
    (1191, 216, 1426.26),
    (1191, 219, 1346.38),
    (1191, 220, 1329.87),
    (1245, 197, 1509.95),
    (1245, 203, 1488.0),
    (1245, 209, 1470.23),
    (1245, 216, 1506.11),
    (1245, 219, 1471.73),
    (1257, 197, 1990.16),
    (1257, 209, 1964.27),
    (1257, 216, 1947.08),
    (1257, 253, 2001.0),
    (1362, 197, 1586.9),
    (1362, 209, 1601.88),
    (1362, 216, 1637.16),
    (1362, 253, 1533.0),
    (1398, 197, 1721.03),
    (1398, 209, 1541.41),
    (1398, 216, 1637.99),
    (1398, 225, 1749.6),
    (1398, 227, 1308.0),
    (1398, 239, 1726.05),
    (1398, 243, 1670.91),
    (1398, 249, 1733.31),
    (1398, 253, 1555.0),
    (1401, 197, 1647.48),
    (1401, 209, 1561.1),
    (1401, 216, 1654.95),
    (1401, 253, 1640.0),
    (1410, 197, 1982.84),
    (1410, 204, 1495.8),
    (1410, 227, 1206.0),
    (1410, 233, 1367.0),
    (1410, 239, 1620.94),
    (1410, 245, 1327.0),
    (1410, 250, 1625.26),
    (1411, 197, 1988.67),
    (1411, 253, 1996.0),
    (1459, 197, 1701.56),
    (1459, 209, 1484.66),
    (1459, 216, 1556.9),
    (1459, 219, 1459.07),
    (1459, 225, 1611.3),
    (1459, 234, 1499.1),
    (1459, 239, 1536.58),
    (1459, 243, 1463.22),
    (1459, 249, 1524.19),
    (1462, 197, 1851.96),
    (1462, 204, 1448.2),
    (1462, 209, 1777.3),
    (1462, 216, 1884.66),
    (1464, 197, 1572.42),
    (1464, 204, 1248.2),
    (1464, 209, 1555.42),
    (1464, 216, 1636.65),
    (1464, 249, 1667.26),
    (1467, 197, 1499.23),
    (1467, 204, 1161.8),
    (1467, 209, 1404.4),
    (1467, 216, 1408.67),
    (1467, 219, 1322.39),
    (1467, 220, 1348.23),
    (1467, 225, 1502.6),
    (1467, 234, 1382.02),
    (1467, 239, 1417.38),
    (1467, 243, 1398.59),
    (1467, 249, 1424.85),
    (1467, 250, 1347.77),
    (1467, 251, 1415.9),
    (1483, 197, 1603.18),
    (1483, 204, 1230.6),
    (1483, 205, 1270.7),
    (1483, 209, 1535.35),
    (1483, 216, 1570.91),
    (1483, 231, 1155.5),
    (1483, 236, 1477.0),
    (1483, 243, 1445.44),
    (1483, 250, 1434.49),
    (1483, 251, 1441.9),
    (1485, 197, 1615.04),
    (1485, 204, 1231.3),
    (1485, 209, 1522.13),
    (1485, 216, 1582.29),
    (1485, 219, 1519.65),
    (1492, 197, 1767.59),
    (1492, 209, 1838.54),
    (1492, 216, 1774.36),
    (1496, 197, 1545.64),
    (1496, 204, 1180.7),
    (1496, 205, 1200.33),
    (1496, 209, 1483.32),
    (1496, 216, 1516.13),
    (1496, 236, 1540.0),
    (1496, 243, 1527.41),
    (1496, 249, 1713.93),
    (1508, 197, 1535.09),
    (1508, 204, 1184.6),
    (1508, 205, 1201.35),
    (1508, 209, 1460.9),
    (1508, 216, 1604.54),
    (1508, 239, 1555.34),
    (1508, 243, 1611.72),
    (1508, 249, 1636.81),
    (1528, 197, 1510.76),
    (1528, 204, 1189.2),
    (1528, 209, 1448.62),
    (1528, 216, 1510.94),
    (1528, 219, 1451.68),
    (1528, 225, 1551.7),
    (1528, 234, 1432.9),
    (1528, 239, 1484.55),
    (1528, 243, 1436.95),
    (1528, 249, 1525.26),
    (1528, 250, 1443.32),
    (1531, 197, 1963.54),
    (1531, 209, 1874.07),
    (1531, 216, 2009.3),
    (1531, 243, 2050.75),
    (1531, 249, 2064.38),
    (1531, 253, 1967.0),
    (1535, 197, 1491.01),
    (1535, 204, 1165.8),
    (1535, 205, 1173.43),
    (1535, 209, 1438.5),
    (1535, 216, 1484.36),
    (1535, 219, 1405.29),
    (1535, 220, 1427.84),
    (1535, 231, 1166.9),
    (1535, 236, 1436.0),
    (1535, 243, 1510.95),
    (1535, 249, 1547.16),
    (1542, 197, 1500.39),
    (1542, 204, 1192.4),
    (1542, 205, 1199.98),
    (1542, 209, 1619.02),
    (1545, 197, 1750.24),
    (1545, 209, 1675.65),
    (1545, 216, 1648.78),
    (1545, 225, 1734.7),
    (1545, 227, 1201.0),
    (1545, 239, 1636.1),
    (1545, 243, 1540.74),
    (1545, 249, 1579.14),
    (1550, 197, 1571.05),
    (1551, 197, 1709.43),
    (1551, 209, 1677.9),
    (1551, 216, 1835.32),
    (1551, 225, 1701.9),
    (1551, 239, 1660.96),
    (1551, 243, 1631.38),
    (1551, 249, 1688.49),
    (1554, 197, 1388.66),
    (1554, 204, 1090.5),
    (1554, 205, 1116.02),
    (1554, 209, 1340.42),
    (1554, 216, 1415.54),
    (1554, 219, 1341.85),
    (1554, 220, 1359.38),
    (1554, 231, 1082.1),
    (1554, 236, 1367.0),
    (1554, 243, 1371.85),
    (1554, 249, 1463.87),
    (1554, 250, 1378.87),
    (1554, 251, 1400.4),
    (1555, 197, 1625.87),
    (1555, 209, 1645.54),
    (1555, 216, 1686.6),
    (1555, 225, 1794.9),
    (1555, 227, 1261.0),
    (1555, 243, 1679.29),
    (1555, 249, 1759.55),
    (1563, 197, 1569.13),
    (1563, 204, 1209.0),
    (1563, 205, 1200.71),
    (1563, 209, 1477.56),
    (1563, 216, 1572.41),
    (1563, 239, 1663.84),
    (1563, 243, 1736.9),
    (1563, 249, 1742.81),
    (1564, 197, 1680.03),
    (1564, 209, 1581.48),
    (1564, 216, 1681.26),
    (1564, 225, 1632.3),
    (1564, 234, 1522.88),
    (1564, 239, 1540.6),
    (1564, 243, 1532.74),
    (1564, 249, 1555.15),
    (1564, 250, 1549.15),
    (1573, 197, 1600.97),
    (1573, 204, 1258.9),
    (1573, 209, 1599.02),
    (1573, 216, 1667.08),
    (1573, 239, 1572.93),
    (1573, 243, 1534.36),
    (1573, 249, 1631.51),
    (1576, 197, 1588.33),
    (1576, 209, 1506.41),
    (1576, 216, 1574.95),
    (1576, 219, 1556.02),
    (1576, 225, 1609.4),
    (1576, 234, 1536.98),
    (1576, 239, 1543.25),
    (1576, 243, 1608.53),
    (1576, 249, 1656.61),
    (1579, 197, 1669.61),
    (1579, 204, 1297.7),
    (1579, 227, 1189.0),
    (1579, 233, 1372.0),
    (1581, 197, 1501.32),
    (1581, 203, 1511.0),
    (1581, 209, 1451.3),
    (1581, 216, 1502.73),
    (1581, 219, 1442.92),
    (1581, 225, 1714.3),
    (1581, 227, 1151.0),
    (1581, 239, 1557.34),
    (1581, 243, 1606.82),
    (1581, 249, 1596.68),
    (1583, 197, 1513.24),
    (1583, 204, 1178.9),
    (1583, 209, 1470.46),
    (1583, 216, 1514.83),
    (1583, 219, 1424.81),
    (1583, 225, 1504.7),
    (1583, 234, 1436.57),
    (1583, 239, 1456.09),
    (1583, 243, 1458.52),
    (1583, 249, 1472.03),
    (1583, 250, 1464.7),
    (1358, 199, 1385.0),
    (1358, 205, 1134.63),
    (1358, 212, 1370.85),
    (1358, 217, 1330.59),
    (1358, 219, 1341.22),
    (1358, 220, 1353.35),
    (1358, 224, 942.52),
    (1358, 228, 1398.9),
    (1358, 235, 1182.816),
    (1358, 238, 1095.64),
    (1358, 244, 1387.56),
    (1358, 248, 1346.3),
    (1358, 250, 1410.68),
    (1358, 251, 1432.2),
    (1475, 199, 1564.9),
    (1475, 210, 1532.0),
    (1475, 217, 1531.4),
    (1475, 221, 1616.3),
    (1475, 228, 1672.5),
    (1475, 238, 1269.85),
    (1475, 244, 1594.16),
    (1475, 248, 1598.6),
    (1490, 199, 1714.4),
    (1490, 205, 1384.81),
    (1490, 213, 1366.1),
    (1490, 228, 1766.0),
    (1491, 199, 1504.7),
    (1491, 205, 1209.33),
    (1491, 212, 1542.8),
    (1491, 217, 1488.96),
    (1491, 224, 958.98),
    (1491, 228, 1471.4),
    (1491, 235, 1258.889),
    (1491, 238, 1165.74),
    (1491, 248, 1462.9),
    (1543, 199, 1724.7),
    (1543, 205, 1388.44),
    (1543, 213, 1370.3),
    (1543, 244, 1843.37),
    (1549, 199, 1525.3),
    (1549, 205, 1221.5),
    (1549, 213, 1251.7),
    (1549, 217, 1530.85),
    (1549, 228, 1673.9),
    (1549, 244, 1576.28),
    (1565, 199, 1924.1),
    (1565, 213, 1500.6),
    (1170, 200, 1430.49),
    (1170, 205, 1338.68),
    (1170, 210, 1558.0),
    (1170, 217, 1560.68),
    (1170, 219, 1631.79),
    (1188, 200, 1322.37),
    (1188, 205, 1282.51),
    (1188, 208, 1546.57),
    (1188, 210, 1532.0),
    (1188, 217, 1533.91),
    (1503, 200, 1212.27),
    (1503, 205, 1201.06),
    (1503, 211, 1168.84),
    (1503, 226, 1518.0),
    (1503, 230, 1200.62),
    (1503, 238, 1166.12),
    (1503, 242, 1185.39),
    (1503, 248, 1425.9),
    (1503, 250, 1452.17),
    (1578, 200, 1287.88),
    (1578, 205, 1254.83),
    (1578, 211, 1230.08),
    (1578, 214, 1481.0),
    (1578, 230, 1311.64),
    (1578, 238, 1204.03),
    (1578, 242, 1214.64),
    (1578, 246, 1529.0),
    (1578, 248, 1486.2),
    (1302, 201, 1854.0),
    (1302, 208, 1790.69),
    (1436, 201, 1666.0),
    (1436, 205, 1347.24),
    (1436, 208, 1676.25),
    (1436, 210, 1623.0),
    (1482, 201, 1556.0),
    (1482, 205, 1346.08),
    (1482, 223, 1622.2),
    (1482, 234, 1514.29),
    (1482, 241, 1573.81),
    (1524, 201, 1670.0),
    (1524, 205, 1303.85),
    (1524, 208, 1551.35),
    (1524, 217, 1466.49),
    (1524, 223, 1636.2),
    (1524, 234, 1539.31),
    (1524, 241, 1557.6),
    (1524, 244, 1557.8),
    (1524, 248, 1496.0),
    (1568, 201, 2016.0),
    (1144, 202, 1781.0),
    (1144, 206, 1709.0),
    (1392, 202, 1810.0),
    (1392, 206, 1700.0),
    (1392, 207, 1716.8),
    (1392, 215, 1363.84),
    (1392, 222, 1109.38),
    (1392, 247, 1668.84),
    (1392, 250, 1656.32),
    (1404, 202, 1578.0),
    (1404, 206, 1585.0),
    (1404, 207, 1539.5),
    (1404, 215, 1191.16),
    (1404, 218, 1485.0),
    (1404, 219, 1518.07),
    (1404, 222, 1033.35),
    (1404, 232, 1561.0),
    (1404, 240, 1244.35),
    (1404, 247, 1674.01),
    (1404, 250, 1575.53),
    (1541, 202, 1637.0),
    (1541, 215, 1276.98),
    (1541, 218, 1521.0),
    (1541, 222, 1034.62),
    (1541, 232, 1601.0),
    (1275, 204, 1209.8),
    (1275, 216, 1622.09),
    (1275, 219, 1483.85),
    (1364, 204, 1324.8),
    (1364, 209, 1655.04),
    (1364, 216, 1672.92),
    (1364, 225, 1691.4),
    (1364, 239, 1574.84),
    (1364, 243, 1532.27),
    (1364, 249, 1560.17),
    (1364, 250, 1532.02),
    (1468, 204, 1239.4),
    (1468, 209, 1517.61),
    (1468, 216, 1608.76),
    (1468, 239, 1566.12),
    (1468, 243, 1549.99),
    (1468, 249, 1553.09),
    (1468, 250, 1538.95),
    (1532, 204, 1206.4),
    (1532, 209, 1507.59),
    (1552, 204, 1487.1),
    (1073, 205, 1194.37),
    (1073, 211, 1190.68),
    (1073, 214, 1409.0),
    (1073, 217, 1437.73),
    (1242, 205, 1255.02),
    (1242, 217, 1461.85),
    (1242, 219, 1637.36),
    (1260, 205, 1336.08),
    (1260, 213, 1219.1),
    (1260, 217, 1521.79),
    (1519, 205, 1299.14),
    (1519, 214, 1556.0),
    (1527, 205, 1182.37),
    (1527, 213, 1152.5),
    (1527, 217, 1428.57),
    (1527, 219, 1424.37),
    (1527, 224, 953.13),
    (1527, 228, 1493.1),
    (1527, 235, 1254.232),
    (1527, 238, 1143.83),
    (1527, 244, 1498.19),
    (1527, 248, 1416.9),
    (1537, 205, 1217.56),
    (1537, 211, 1198.69),
    (1537, 214, 1409.0),
    (1537, 217, 1454.77),
    (1537, 242, 1276.6),
    (1537, 246, 1442.0),
    (1537, 248, 1504.8),
    (1539, 205, 1300.52),
    (1539, 211, 1240.99),
    (1539, 214, 1488.0),
    (1539, 226, 1647.0),
    (1539, 230, 1323.24),
    (1539, 238, 1227.37),
    (1539, 242, 1235.68),
    (1539, 246, 1467.0),
    (1553, 205, 1191.62),
    (1553, 217, 1417.57),
    (1566, 205, 1211.57),
    (1566, 211, 1210.41),
    (1566, 214, 1415.0),
    (1566, 224, 989.62),
    (1566, 234, 1476.29),
    (1566, 238, 1184.92),
    (1566, 244, 1525.66),
    (1566, 248, 1562.3),
    (1509, 206, 2079.0),
    (1509, 207, 1783.5),
    (1509, 215, 1454.37),
    (1569, 206, 1735.0),
    (1569, 207, 1832.6),
    (1060, 208, 1538.18),
    (1071, 208, 1520.56),
    (1074, 208, 1941.92),
    (1474, 209, 1707.34),
    (1474, 216, 1763.54),
    (1474, 225, 1752.0),
    (1474, 230, 1461.3),
    (1474, 243, 1724.02),
    (1474, 249, 1644.77),
    (1474, 250, 1595.98),
    (1500, 209, 1508.16),
    (1500, 216, 1605.19),
    (1571, 209, 1590.3),
    (1571, 216, 1714.7),
    (1571, 219, 1566.47),
    (1571, 227, 1215.0),
    (1571, 239, 1600.97),
    (1571, 243, 1544.04),
    (1571, 249, 1585.67),
    (1571, 250, 1551.62),
    (1078, 210, 1344.0),
    (1530, 211, 1259.62),
    (1530, 214, 1468.0),
    (1514, 213, 1303.1),
    (1514, 228, 1582.8),
    (1514, 244, 1544.52),
    (1471, 216, 1930.51),
    (1471, 225, 1855.6),
    (1471, 239, 1821.57),
    (1471, 249, 1825.16),
    (1525, 216, 1536.22),
    (1525, 227, 1141.0),
    (1525, 234, 1470.66),
    (1525, 243, 1549.58),
    (1472, 217, 1629.97),
    (1472, 219, 1605.37),
    (1472, 228, 1712.0),
    (1472, 238, 1371.14),
    (1274, 221, 1464.7),
    (1274, 228, 1519.7),
    (1274, 234, 1416.22),
    (1274, 238, 1157.75),
    (1274, 244, 1426.97),
    (1274, 248, 1421.1),
    (1274, 250, 1459.64),
    (1608, 221, 1501.9),
    (1608, 228, 1492.1),
    (1608, 234, 1457.11),
    (1608, 238, 1214.03),
    (1608, 244, 1528.32),
    (1608, 248, 1558.1),
    (1613, 221, 1681.6),
    (1613, 228, 1624.2),
    (1613, 234, 1554.14),
    (1613, 238, 1186.88),
    (1613, 244, 1509.78),
    (1613, 248, 1506.4),
    (1639, 221, 1605.0),
    (1639, 228, 1601.6),
    (1639, 234, 1539.93),
    (1639, 238, 1245.3),
    (1639, 248, 1594.6),
    (1657, 221, 1853.5),
    (1657, 228, 1725.1),
    (1657, 238, 1355.4),
    (1657, 244, 1701.31),
    (1672, 221, 1436.3),
    (1672, 228, 1464.6),
    (1672, 234, 1400.11),
    (1672, 238, 1129.35),
    (1672, 244, 1445.53),
    (1672, 248, 1397.7),
    (1672, 250, 1426.92),
    (1675, 221, 1425.6),
    (1675, 228, 1388.6),
    (1675, 234, 1353.83),
    (1675, 238, 1154.43),
    (1675, 244, 1454.03),
    (1675, 248, 1437.9),
    (1675, 250, 1439.88),
    (1252, 223, 1640.2),
    (1252, 234, 1572.63),
    (1252, 241, 1600.8),
    (1252, 244, 1696.87),
    (1497, 223, 1499.7),
    (1497, 228, 1497.3),
    (1497, 234, 1432.42),
    (1497, 238, 1151.38),
    (1497, 241, 1450.43),
    (1497, 244, 1471.32),
    (1497, 248, 1439.7),
    (1588, 223, 1599.9),
    (1588, 228, 1603.8),
    (1588, 234, 1603.81),
    (1588, 241, 1694.17),
    (1628, 223, 1535.3),
    (1628, 234, 1447.64),
    (1628, 244, 1514.75),
    (1628, 248, 1467.1),
    (1637, 223, 1595.5),
    (1637, 228, 1605.9),
    (1637, 234, 1560.06),
    (1637, 238, 1262.5),
    (1637, 241, 1550.54),
    (1637, 244, 1618.86),
    (1637, 248, 1572.2),
    (1646, 223, 1436.9),
    (1646, 228, 1429.1),
    (1646, 234, 1417.82),
    (1646, 238, 1141.28),
    (1646, 241, 1411.04),
    (1646, 244, 1416.63),
    (1646, 248, 1403.8),
    (1656, 223, 1652.7),
    (1656, 228, 1727.7),
    (1656, 234, 1625.38),
    (1656, 241, 1643.1),
    (1656, 244, 1691.61),
    (1661, 223, 1582.0),
    (1661, 228, 1558.3),
    (1661, 234, 1506.01),
    (1661, 238, 1246.32),
    (1661, 241, 1529.19),
    (1661, 244, 1565.53),
    (1661, 248, 1580.5),
    (1679, 223, 1586.1),
    (1679, 228, 1590.4),
    (1679, 234, 1526.03),
    (1679, 238, 1223.5),
    (1679, 241, 1495.38),
    (1679, 244, 1540.69),
    (1679, 248, 1470.2),
    (1683, 223, 1677.1),
    (1683, 234, 1592.78),
    (1683, 241, 1565.86),
    (1683, 244, 1619.38),
    (1521, 224, 983.31),
    (1521, 228, 1529.0),
    (1521, 235, 1283.782),
    (1521, 238, 1204.55),
    (1521, 244, 1525.15),
    (1615, 224, 927.16),
    (1615, 228, 1454.7),
    (1615, 235, 1227.139),
    (1615, 238, 1130.27),
    (1615, 244, 1472.94),
    (1615, 248, 1406.0),
    (1615, 250, 1461.66),
    (1615, 251, 1507.3),
    (1616, 224, 942.89),
    (1616, 228, 1484.7),
    (1616, 235, 1262.121),
    (1616, 238, 1172.76),
    (1616, 244, 1518.33),
    (1616, 248, 1484.0),
    (1638, 224, 993.83),
    (1638, 228, 1560.5),
    (1638, 244, 1579.46),
    (1668, 224, 898.79),
    (1668, 234, 1390.27),
    (1668, 235, 1221.037),
    (1668, 238, 1101.99),
    (1668, 244, 1370.93),
    (1668, 248, 1335.1),
    (1668, 250, 1349.25),
    (1668, 251, 1358.4),
    (1582, 225, 2141.0),
    (1582, 227, 1489.0),
    (1592, 225, 1840.5),
    (1592, 239, 1684.96),
    (1592, 243, 1690.23),
    (1592, 249, 1658.06),
    (1592, 250, 1738.78),
    (1598, 225, 1772.2),
    (1600, 225, 1723.8),
    (1600, 227, 1253.0),
    (1618, 225, 1879.5),
    (1618, 227, 1293.0),
    (1618, 239, 1753.94),
    (1618, 243, 1724.89),
    (1618, 249, 1734.76),
    (1650, 225, 1815.3),
    (1650, 227, 1175.0),
    (1650, 239, 1614.64),
    (1650, 243, 1576.65),
    (1650, 249, 1645.92),
    (1660, 225, 1689.6),
    (1660, 239, 1580.53),
    (1660, 243, 1571.93),
    (1660, 249, 1560.76),
    (1660, 250, 1575.76),
    (1669, 225, 1782.2),
    (1669, 227, 1151.0),
    (1669, 239, 1616.34),
    (1669, 243, 1531.2),
    (1669, 249, 1566.16),
    (1669, 250, 1545.75),
    (1671, 225, 1694.8),
    (1671, 227, 1121.0),
    (1671, 239, 1487.57),
    (1671, 243, 1487.22),
    (1671, 249, 1496.95),
    (1671, 250, 1488.56),
    (1676, 225, 1721.6),
    (1676, 227, 1186.0),
    (1676, 239, 1606.63),
    (1676, 243, 1582.12),
    (1676, 249, 1584.63),
    (1676, 250, 1554.72),
    (1680, 225, 1665.0),
    (1680, 227, 1136.0),
    (1680, 239, 1545.7),
    (1680, 243, 1488.76),
    (1680, 249, 1561.87),
    (1680, 250, 1505.09),
    (1682, 225, 1622.0),
    (1682, 234, 1464.72),
    (1682, 239, 1519.71),
    (1682, 243, 1479.2),
    (1682, 249, 1498.4),
    (1682, 250, 1444.95),
    (1610, 226, 1550.0),
    (1610, 230, 1256.71),
    (1610, 238, 1177.53),
    (1610, 242, 1187.94),
    (1610, 248, 1405.2),
    (1610, 250, 1504.67),
    (1665, 226, 1739.0),
    (1665, 230, 1339.5),
    (1665, 238, 1299.08),
    (1665, 246, 1547.0),
    (1674, 226, 1491.0),
    (1674, 230, 1193.79),
    (1674, 238, 1167.81),
    (1674, 242, 1176.03),
    (1674, 248, 1429.7),
    (1674, 250, 1455.54),
    (1677, 226, 1525.0),
    (1677, 230, 1196.02),
    (1677, 248, 1488.0),
    (1677, 250, 1483.25),
    (1304, 227, 1445.0),
    (1304, 239, 1875.94),
    (1304, 243, 1869.05),
    (1304, 249, 1957.93),
    (1381, 227, 1343.0),
    (1381, 250, 1929.15),
    (1507, 227, 1219.0),
    (1507, 233, 1386.0),
    (1507, 239, 1633.44),
    (1507, 245, 1264.0),
    (1507, 250, 1575.12),
    (1604, 227, 1401.0),
    (1604, 243, 2038.22),
    (1605, 227, 1327.0),
    (1607, 227, 1166.0),
    (1607, 239, 1551.96),
    (1607, 243, 1541.95),
    (1607, 249, 1613.95),
    (1622, 227, 1195.0),
    (1622, 233, 1331.0),
    (1622, 239, 1561.46),
    (1623, 227, 1351.0),
    (1623, 233, 1501.0),
    (1623, 250, 1938.2),
    (1627, 227, 1497.0),
    (1627, 243, 1932.18),
    (1627, 249, 1920.9),
    (1629, 227, 1200.0),
    (1629, 233, 1330.0),
    (1629, 239, 1591.2),
    (1629, 250, 1635.75),
    (1630, 227, 1152.0),
    (1630, 243, 1512.71),
    (1630, 249, 1548.68),
    (1635, 227, 1362.0),
    (1635, 243, 1846.92),
    (1635, 249, 1846.44),
    (1640, 227, 1028.0),
    (1640, 234, 1322.16),
    (1640, 239, 1384.31),
    (1640, 243, 1385.27),
    (1640, 249, 1410.34),
    (1647, 227, 1286.0),
    (1647, 239, 1746.32),
    (1647, 243, 1736.27),
    (1647, 249, 1790.97),
    (1658, 227, 1311.0),
    (1659, 227, 1278.0),
    (1659, 239, 1713.19),
    (1659, 243, 1649.16),
    (1659, 249, 1686.33),
    (1664, 227, 1110.0),
    (1664, 234, 1438.65),
    (1664, 239, 1509.5),
    (1664, 243, 1456.7),
    (1664, 249, 1505.56),
    (1664, 250, 1518.81),
    (1667, 227, 1217.0),
    (1667, 239, 1583.28),
    (1667, 243, 1624.28),
    (1667, 249, 1615.55),
    (1400, 228, 1703.7),
    (1400, 244, 1789.28),
    (1495, 228, 1583.6),
    (1495, 244, 1595.37),
    (1510, 228, 1664.3),
    (1522, 228, 1665.5),
    (1522, 230, 1384.82),
    (1585, 228, 1615.0),
    (1585, 244, 1534.0),
    (1586, 228, 1677.6),
    (1586, 230, 1426.63),
    (1586, 238, 1355.34),
    (1590, 228, 1605.1),
    (1590, 241, 1508.09),
    (1590, 242, 1258.37),
    (1590, 246, 1643.0),
    (1590, 248, 1522.3),
    (1590, 250, 1551.82),
    (1614, 228, 1531.3),
    (1614, 241, 1506.58),
    (1614, 242, 1265.42),
    (1614, 246, 1559.0),
    (1614, 248, 1537.1),
    (1614, 250, 1593.9),
    (1621, 228, 1769.8),
    (1621, 230, 1417.72),
    (1621, 238, 1348.7),
    (1621, 248, 1683.2),
    (1636, 228, 1554.0),
    (1636, 238, 1196.93),
    (1636, 244, 1557.43),
    (1681, 228, 1770.2),
    (1681, 230, 1486.15),
    (1493, 229, 1337.7),
    (1493, 256, 1392.5),
    (1534, 229, 1366.0),
    (1534, 239, 1675.93),
    (1534, 243, 1688.31),
    (1534, 249, 1691.99),
    (1587, 229, 1296.8),
    (1587, 243, 1808.11),
    (1587, 249, 1671.45),
    (1594, 229, 1490.2),
    (1594, 239, 1856.92),
    (1594, 249, 1997.54),
    (1596, 229, 1293.0),
    (1597, 229, 1213.1),
    (1597, 231, 1154.2),
    (1597, 239, 1424.98),
    (1597, 243, 1416.66),
    (1597, 249, 1456.26),
    (1597, 250, 1415.7),
    (1601, 229, 1273.0),
    (1601, 256, 1311.9),
    (1603, 229, 1289.9),
    (1603, 239, 1577.5),
    (1603, 243, 1543.47),
    (1603, 249, 1624.03),
    (1612, 229, 1272.0),
    (1612, 239, 1592.45),
    (1612, 249, 1641.65),
    (1632, 229, 1487.3),
    (1632, 239, 1783.16),
    (1632, 249, 1882.82),
    (1641, 229, 1181.6),
    (1641, 239, 1448.65),
    (1641, 250, 1446.67),
    (1641, 256, 1222.4),
    (1643, 229, 1326.8),
    (1643, 256, 1356.94),
    (1649, 229, 1202.3),
    (1649, 239, 1494.25),
    (1649, 250, 1501.23),
    (1649, 256, 1233.5),
    (1652, 229, 1291.3),
    (1570, 230, 1412.31),
    (1570, 238, 1282.0),
    (1570, 248, 1564.1),
    (1609, 230, 1344.6),
    (1609, 238, 1256.24),
    (1609, 248, 1569.6),
    (1655, 230, 1237.16),
    (1655, 238, 1206.33),
    (1655, 242, 1239.44),
    (1655, 246, 1493.0),
    (1504, 231, 1117.6),
    (1504, 236, 1444.0),
    (1504, 243, 1441.76),
    (1504, 249, 1549.01),
    (1572, 231, 1077.4),
    (1572, 236, 1334.0),
    (1572, 243, 1332.3),
    (1572, 249, 1373.72),
    (1572, 250, 1330.7),
    (1572, 251, 1359.4),
    (1599, 231, 1128.1),
    (1599, 236, 1426.0),
    (1599, 243, 1438.31),
    (1599, 249, 1485.86),
    (1599, 250, 1456.18),
    (1599, 251, 1606.8),
    (1686, 231, 1165.3),
    (1686, 239, 1515.64),
    (1686, 243, 1481.46),
    (1686, 249, 1510.52),
    (1686, 250, 1467.8),
    (1686, 251, 1474.6),
    (1688, 231, 1142.8),
    (1688, 236, 1457.0),
    (1688, 243, 1468.37),
    (1688, 249, 1485.06),
    (1688, 250, 1463.04),
    (1688, 251, 1531.9),
    (1513, 232, 1806.0),
    (1513, 237, 1432.9),
    (1513, 240, 1375.71),
    (1513, 247, 1720.78),
    (1513, 250, 1695.93),
    (1685, 232, 1967.0),
    (1685, 237, 1548.2),
    (1606, 233, 1547.0),
    (1606, 245, 1455.0),
    (1606, 250, 1781.99),
    (1432, 234, 1509.43),
    (1432, 238, 1199.99),
    (1432, 244, 1543.79),
    (1494, 234, 1546.2),
    (1494, 238, 1246.99),
    (1494, 244, 1625.71),
    (1526, 234, 1729.39),
    (1526, 241, 1643.59),
    (1526, 244, 1836.99),
    (1631, 234, 1463.4),
    (1631, 239, 1455.39),
    (1631, 243, 1472.22),
    (1631, 249, 1477.77),
    (1631, 250, 1454.01),
    (1645, 234, 1509.84),
    (1645, 238, 1217.59),
    (1645, 244, 1580.46),
    (1687, 236, 1506.0),
    (1687, 243, 1640.47),
    (1687, 249, 1564.71),
    (1663, 237, 1302.5),
    (1663, 247, 1650.78),
    (1666, 237, 1398.1),
    (1501, 238, 1126.9),
    (1589, 238, 1216.53),
    (1589, 244, 1545.77),
    (1589, 248, 1500.1),
    (1589, 250, 1548.04),
    (1617, 238, 1198.36),
    (1617, 242, 1230.73),
    (1617, 246, 1436.0),
    (1617, 248, 1517.9),
    (1644, 238, 1198.58),
    (1644, 244, 1519.92),
    (1644, 248, 1483.9),
    (1644, 250, 1561.3),
    (1670, 238, 1215.36),
    (1670, 244, 1526.91),
    (1670, 248, 1530.9),
    (1363, 239, 1806.06),
    (1363, 243, 1720.85),
    (1363, 249, 1689.5),
    (1363, 250, 1760.64),
    (1591, 239, 1856.98),
    (1591, 243, 1710.82),
    (1591, 249, 1744.05),
    (1591, 250, 1675.26),
    (1619, 239, 1631.62),
    (1619, 249, 1793.52),
    (1620, 239, 1625.17),
    (1620, 243, 1548.52),
    (1620, 249, 1548.09),
    (1625, 239, 1531.65),
    (1625, 243, 1529.7),
    (1625, 249, 1571.27),
    (1626, 239, 1750.14),
    (1642, 239, 2094.49),
    (1642, 243, 2030.01),
    (1642, 249, 2011.44),
    (1299, 241, 1469.38),
    (1299, 242, 1201.67),
    (1299, 246, 1644.0),
    (1299, 248, 1462.4),
    (1299, 250, 1516.48),
    (1653, 241, 1761.87),
    (1653, 244, 2160.41),
    (1402, 242, 1125.19),
    (1402, 248, 1353.5),
    (1402, 250, 1393.81),
    (1662, 243, 1529.39),
    (1662, 249, 1577.24),
    (1602, 244, 1657.76),
    (1448, 252, 1364.1),
    (1448, 255, 1261.0),
    (1448, 256, 1359.12),
    (1516, 252, 1461.4),
    (1516, 255, 1299.0),
    (1595, 256, 1314.7),
    (1648, 256, 1377.0);
-- No values found for did_not_finish
